wavenumber_ratio_r,upper_mode_fraction_cutoff_u,min_jacobian_determinant,min_singular_value,max_condition_number
1.005,0.01,2.697962375446049e-07,6.307752967956337e-05,67.8088744562166
1.005,0.0242028985507246,6.535572596157872e-07,0.0001508553785344,28.718519358505706
1.005,0.0384057971014492,1.0388016978497238e-06,0.0002365783307311,18.56020310921135
1.005,0.0526086956521739,1.426461921182738e-06,0.0003203228477277,13.902226159999756
1.005,0.0668115942028985,1.8175147981752173e-06,0.0004021640812946,11.237543770967331
1.005,0.0810144927536231,2.2129869393679168e-06,0.000482176227678,9.51847253192327
1.005,0.0952173913043478,2.6139599463534e-06,0.000560432474229,8.322472017024118
1.005,0.1094202898550724,3.0215782202240243e-06,0.0006370051624607,7.446427018973075
1.005,0.1236231884057971,3.437057851715691e-06,0.0007119658294747,6.780606497292458
1.005,0.1378260869565217,3.861693493322699e-06,0.0007853853199235,6.260546443207729
1.005,0.1520289855072464,4.29686967173591e-06,0.0008573338793063,5.845911132803979
1.005,0.166231884057971,4.744071382706272e-06,0.0009278812628851,5.510187856078479
1.005,0.1804347826086956,5.204897522150903e-06,0.0009970968378002,5.2352509630235895
1.005,0.1946376811594203,5.681073966714022e-06,0.0010650497045798,5.00830410315784
1.005,0.2088405797101449,6.174470444619346e-06,0.0011318088170831,4.820072497142035
1.005,0.2230434782608695,6.68711874483776e-06,0.0011974431107246,4.663685500693307
1.005,0.2372463768115942,7.221233285261287e-06,0.0012620216460932,4.533960867191271
1.005,0.2514492753623188,7.779235299209356e-06,0.0013256137558524,4.426932536194597
1.005,0.2656521739130435,8.363779709629353e-06,0.0013882892059334,4.339529965170076
1.005,0.2798550724637681,8.977786900894782e-06,0.001450118374982,4.269356111631983
1.005,0.2940579710144927,9.624478507233282e-06,0.0015111724370273,4.2145300973921085
1.005,0.3082608695652174,1.030741848321095e-05,0.0015715235748871,4.173573902664343
1.005,0.322463768115942,1.1030562102953684e-05,0.0016312452051775,4.145330366362523
1.005,0.3366666666666666,1.1798311191100496e-05,0.0016904122270921,4.128902200971512
1.005,0.3508695652173913,1.2615579782933523e-05,0.0017491012979412,4.123607210596881
1.005,0.365072463768116,1.348786959619851e-05,0.0018073911402796,4.128944643098099
1.005,0.3792753623188406,1.4421360023663555e-05,0.0018653628766928,4.144570772955523
1.005,0.3934782608695652,1.5423012743970712e-05,0.0019231004121504,4.170280771074401
1.005,0.4076811594202899,1.650069606632985e-05,0.0019806908543157,4.205996165112223
1.005,0.4218840579710145,1.7663332626361635e-05,0.0020382249930762,4.251756673515938
1.005,0.4360869565217391,1.892107409816763e-05,0.0020957978363032,4.307715482845349
1.005,0.4502898550724638,2.028551188592295e-05,0.002153509218561,4.374138204456339
1.005,0.4644927536231884,2.176992836636053e-05,0.0022114644965832,4.4514044644274735
1.005,0.4786956521739131,2.338960184613174e-05,0.0022697753386548,4.540012858755746
1.005,0.4928985507246377,2.5162174668269937e-05,0.0023285606326961,4.6405886234328095
1.005,0.5071014492753623,2.71081039795251e-05,0.0023879475340186,4.753894960859881
1.005,0.521304347826087,2.925121253837991e-05,0.0024480726722637,4.880847759268515
1.005,0.5355072463768116,3.1619367678249544e-05,0.0025090835612067,5.0225345223592335
1.005,0.5497101449275362,3.4245324663169594e-05,0.0025711402381309,5.180238529252128
1.005,0.5639130434782609,3.716777879134499e-05,0.0026344171926458,5.355468925673387
1.005,0.5781159420289855,4.043268626180708e-05,0.0026991056390627,5.549998053546882
1.005,0.5923188405797102,4.409493781035876e-05,0.0027654162171225,5.76590820177782
1.005,0.6065217391304348,4.822049223771869e-05,0.0028335822069753,6.005649823481084
1.005,0.6207246376811595,5.2889120149483205e-05,0.0029038633943545,6.272114500937518
1.005,0.634927536231884,5.819796534396018e-05,0.0029765507395846,6.568727130084215
1.005,0.6491304347826087,6.426620615187367e-05,0.0030519720582988,6.899562552848636
1.005,0.6633333333333333,7.124122470394557e-05,0.0031304989872251,7.2694949895368595
1.005,0.677536231884058,7.930685747992122e-05,0.003212555588637,7.684390720565939
1.005,0.6917391304347826,8.869456138370965e-05,0.0032986290783861,8.151359066518786
1.005,0.7059420289855073,9.969872232403092e-05,0.0033892833242594,8.679083027873062
1.005,0.7201449275362319,0.000112697936942,0.0034851759948281,9.278259987936227
1.005,0.7343478260869566,0.0001281850514267,0.0035870806067237,9.962196642809388
1.005,0.7485507246376812,0.0001468102833465,0.003695915191811,10.74762444847502
1.005,0.7627536231884058,0.0001694442740664,0.0038127800907768,11.655834788631688
1.005,0.7769565217391304,0.0001972721990846,0.0039390085063216,12.71428811227324
1.005,0.7911594202898551,0.0002319374822365,0.0040762352496619,13.95894055827844
1.005,0.8053623188405797,0.0002757669722158,0.0042264919533193,15.43768438808412
1.005,0.8195652173913044,0.0003321341587686,0.0043923417150273,17.215565915965676
1.005,0.833768115942029,0.0004060647860961,0.0045770740265211,19.38293128799491
1.005,0.8479710144927537,0.0005052859458233,0.0047849947387835,22.068574927613813
1.005,0.8621739130434782,0.0006421260152058,0.0050218711516991,25.461801852552224
1.005,0.8763768115942029,0.0008371410669493,0.0052956409058432,29.85118602741775
1.005,0.8905797101449275,0.0011264869812653,0.0056175918790309,35.69651415864637
1.005,0.9047826086956522,0.0015781089691555,0.0060044339661972,43.7716423558724
1.005,0.9189855072463768,0.0023309162210053,0.006482187287449,55.47323774312095
1.005,0.9331884057971016,0.0037023115010039,0.0070941286453906,73.5656093604739
1.005,0.947391304347826,0.0065386619294599,0.0079189869763816,104.2676597412502
1.005,0.9615942028985508,0.0136840600415801,0.0091198662620072,164.5273231121772
1.005,0.9757971014492756,0.0393165918652148,0.0111130257439574,318.3546688402569
1.005,0.99,0.2582789674756461,0.0154960023167801,1075.597282411829
1.0380542739354668,0.01,1.4646446797755576e-05,0.0004647855553268,67.79958465244368
1.0380542739354668,0.0242028985507246,3.5471878850533966e-05,0.0011115673178056,28.708642294554487
1.0380542739354668,0.0384057971014492,5.636691375223526e-05,0.001743184509214,18.54972778653015
1.0380542739354668,0.0526086956521739,7.738032078626557e-05,0.0023601860388926,13.891145224293952
1.0380542739354668,0.0668115942028985,9.856304491492356e-05,0.0029631120292917,11.225817267253625
1.0380542739354668,0.0810144927536231,0.0001199685198325,0.0035524946192913,9.506057632403037
1.0380542739354668,0.0952173913043478,0.0001416529571478,0.0041288584204993,8.30932341991731
1.0380542739354668,0.1094202898550724,0.0001636757157915,0.0046927211960235,7.432497016094839
1.0380542739354668,0.1236231884057971,0.0001860996898236,0.0052445943871461,6.765841781222653
1.0380542739354668,0.1378260869565217,0.0002089917425754,0.0057849837734438,6.244890632194507
1.0380542739354668,0.1520289855072464,0.0002324231938316,0.0063143901061762,5.829303216072155
1.0380542739354668,0.166231884057971,0.0002564703741662,0.0068333097903799,5.492562219484164
1.0380542739354668,0.1804347826086956,0.0002812152366813,0.007342235589902,5.216536092960674
1.0380542739354668,0.1946376811594203,0.0003067460513838,0.0078416573698975,4.988422804696644
1.0380542739354668,0.2088405797101449,0.0003331581887215,0.0083320628806248,4.798941044687029
1.0380542739354668,0.2230434782608695,0.0003605550108817,0.0088139385883922,4.641212948415382
1.0380542739354668,0.2372463768115942,0.000389048872093,0.0092877705565999,4.51004841803753
1.0380542739354668,0.2514492753623188,0.0004187622742769,0.0097540453865472,4.4014726302373175
1.0380542739354668,0.2656521739130435,0.0004498291665944,0.0102132512244299,4.312405406186775
1.0380542739354668,0.2798550724637681,0.0004823964460123,0.0106658788462634,4.240438872698223
1.0380542739354668,0.2940579710144927,0.0005166256752061,0.0111124228244982,4.183680108805339
1.0380542739354668,0.3082608695652174,0.000552695051351,0.0115533827936003,4.140637874404588
1.0380542739354668,0.322463768115942,0.0005908016835598,0.011989264830058,4.110140021737547
1.0380542739354668,0.3366666666666666,0.0006311642339766,0.0124205829492848,4.091272641365633
1.0380542739354668,0.3508695652173913,0.0006740259617517,0.0128478607557434,4.083334730272493
1.0380542739354668,0.365072463768116,0.0007196582915804,0.0132716332487299,4.085804570628971
1.0380542739354668,0.3792753623188406,0.000768364960779,0.0136924488202576,4.098314656735146
1.0380542739354668,0.3934782608695652,0.0008204868889304,0.0141108714657407,4.120633355319761
1.0380542739354668,0.4076811594202899,0.0008764079052455,0.0145274832396166,4.1526518297089465
1.0380542739354668,0.4218840579710145,0.0009365615001973,0.014942887000203,4.194375195903337
1.0380542739354668,0.4360869565217391,0.0010014388311115,0.0153577094749462,4.2459173096894895
1.0380542739354668,0.4502898550724638,0.0010715982444793,0.0157726047139312,4.307498697004007
1.0380542739354668,0.4644927536231884,0.001147676647254,0.0161882579790717,4.379447366509395
1.0380542739354668,0.4786956521739131,0.0012304031470115,0.0166053901535695,4.46220239665682
1.0380542739354668,0.4928985507246377,0.0013206154990883,0.017024762746845,4.55632036994546
1.0380542739354668,0.5071014492753623,0.001419280021418,0.0174471836161713,4.662484769205961
1.0380542739354668,0.521304347826087,0.0015275158310178,0.0178735135138971,4.781518648215931
1.0380542739354668,0.5355072463768116,0.0016466245029448,0.0183046736274598,4.914401038805631
1.0380542739354668,0.5497101449275362,0.0017781265874643,0.0187416542893616,5.0622877851304535
1.0380542739354668,0.5639130434782609,0.0019238067931582,0.0191855250892625,5.226537540119455
1.0380542739354668,0.5781159420289855,0.0020857703036116,0.0196374466669433,5.40874420301091
1.0380542739354668,0.5923188405797102,0.0022665134049967,0.0200986845355854,5.61077721480588
1.0380542739354668,0.6065217391304348,0.0024690126922645,0.0205706253589014,5.83483169087997
1.0380542739354668,0.6207246376811595,0.0026968386588249,0.021054796233773,6.08349113710552
1.0380542739354668,0.634927536231884,0.0029543014125479,0.0215528876547579,6.359806054624672
1.0380542739354668,0.6491304347826087,0.0032466393353496,0.0220667810276568,6.667393314330006
1.0380542739354668,0.6633333333333333,0.003580265550845,0.0225985818495765,7.010562527609684
1.0380542739354668,0.677536231884058,0.0039630931983746,0.0231506599919936,7.39447818934688
1.0380542739354668,0.6917391304347826,0.0044049693538255,0.0237256989620041,7.825369620105218
1.0380542739354668,0.7059420289855073,0.0049182606877488,0.0243267566207325,8.310805603703287
1.0380542739354668,0.7201449275362319,0.0055186540119607,0.0249573406482062,8.86005776689175
1.0380542739354668,0.7343478260869566,0.0062262658199212,0.025621503197504,9.484587475175584
1.0380542739354668,0.7485507246376812,0.0070672034535779,0.0263239607860968,10.19870720511292
1.0380542739354668,0.7627536231884058,0.0080757985823528,0.0270702477957971,11.02049282735244
1.0380542739354668,0.7769565217391304,0.0092978616922557,0.0278669153216386,11.973063500048124
1.0380542739354668,0.7911594202898551,0.010795521871266,0.0287217921085349,13.086411509044838
1.0380542739354668,0.8053623188405797,0.0126545899591762,0.0296443318780241,14.400074670312875
1.0380542739354668,0.8195652173913044,0.0149960511393728,0.0306460830192906,15.967133826948109
1.0380542739354668,0.833768115942029,0.0179945318003084,0.0317413350922661,17.86035847488847
1.0380542739354668,0.8479710144927537,0.0219089761945514,0.0329480265927641,20.181956594647115
1.0380542739354668,0.8621739130434782,0.027135605059958,0.034289048673303,23.07961912977908
1.0380542739354668,0.8763768115942029,0.0343035594333942,0.0357941665476851,26.774087414740844
1.0380542739354668,0.8905797101449275,0.044457166739154,0.0375029371116428,31.60903361559181
1.0380542739354668,0.9047826086956522,0.0594266882047266,0.0394692969172891,38.14720715000375
1.0380542739354668,0.9189855072463768,0.082646225129771,0.0417690824377513,47.3710653540599
1.0380542739354668,0.9331884057971016,0.1211567304767424,0.0445129899556137,61.14683899932164
1.0380542739354668,0.947391304347826,0.1912527075776592,0.0478703332403697,83.45929094444638
1.0380542739354668,0.9615942028985508,0.337997156569032,0.0521161430216198,124.44243837853632
1.0380542739354668,0.9757971014492756,0.7293830051926553,0.0577346617146796,218.817669821768
1.0380542739354668,0.99,2.6010498378209963,0.0656815344879294,602.9233350009176
1.0721956971499391,0.01,4.940610341540744e-05,0.0008537012814914,67.7904842776891
1.0721956971499391,0.0242028985507246,0.0001196297041106,0.0020416705975987,28.6990604868088
1.0721956971499391,0.0384057971014492,0.0001900528763626,0.003201746988819,18.5396028823343
1.0721956971499391,0.0526086956521739,0.0002608340996287,0.004334914813236,13.880439979515728
1.0721956971499391,0.0668115942028985,0.000332138720058,0.0054421421406736,11.214495636251783
1.0721956971499391,0.0810144927536231,0.0004041398042456,0.0065243818823242,9.494079863835983
1.0721956971499391,0.0952173913043478,0.0004770191143611,0.0075825726271927,8.29664722603155
1.0721956971499391,0.1094202898550724,0.0005509681969106,0.0086176396823125,7.419076821011687
1.0721956971499391,0.1236231884057971,0.0006261896162317,0.0096304960351345,6.751628660901579
1.0721956971499391,0.1378260869565217,0.0007028982581798,0.0106220434131887,6.229831824323753
1.0721956971499391,0.1520289855072464,0.0007813228535445,0.0115931733265741,5.813341950663744
1.0721956971499391,0.166231884057971,0.0008617076515821,0.012544768199413,5.475637227982284
1.0721956971499391,0.1804347826086956,0.0009443142947703,0.0134777025004339,5.198581206732882
1.0721956971499391,0.1946376811594203,0.0010294239313195,0.0143928439600442,4.969366479620382
1.0721956971499391,0.2088405797101449,0.0011173395969939,0.0152910548265187,4.778705852527449
1.0721956971499391,0.2230434782608695,0.0012083889036779,0.0161731931862659,4.619714962253521
1.0721956971499391,0.2372463768115942,0.0013029270704274,0.0170401143743822,4.48719658460243
1.0721956971499391,0.2514492753623188,0.0014013403853042,0.017892672449063,4.3771679930966885
1.0721956971499391,0.2656521739130435,0.0015040501242667,0.0187317217704308,4.286540319178485
1.0721956971499391,0.2798550724637681,0.0016115170173797,0.0195581186924911,4.212896028380127
1.0721956971499391,0.2940579710144927,0.0017242463825761,0.0203727233582637,4.154331490601585
1.0721956971499391,0.3082608695652174,0.0018427939763817,0.0211764016460851,4.109343571343545
1.0721956971499391,0.322463768115942,0.0019677727354578,0.0219700272665687,4.076746875902457
1.0721956971499391,0.3366666666666666,0.0020998605630199,0.0227544840297187,4.055612687897354
1.0721956971499391,0.3508695652173913,0.0022398092926201,0.0235306683201579,4.045223464212497
1.0721956971499391,0.365072463768116,0.0023884551326659,0.0242994917872927,4.045038934773385
1.0721956971499391,0.3792753623188406,0.0025467307674346,0.0250618843018796,4.05467074555932
1.0721956971499391,0.3934782608695652,0.0027156795114014,0.025818797200158,4.07386378034134
1.0721956971499391,0.4076811594202899,0.0028964718835996,0.0265712068671085,4.102482677876008
1.0721956971499391,0.4218840579710145,0.0030904250576467,0.0273201186981685,4.140502514078677
1.0721956971499391,0.4360869565217391,0.0032990258364909,0.0280665715065251,4.188003039070964
1.0721956971499391,0.4502898550724638,0.0035239578275074,0.0288116424334094,4.245165926579607
1.0721956971499391,0.4644927536231884,0.0037671337484338,0.0295564524447052,4.312274791083358
1.0721956971499391,0.4786956521739131,0.0040307339967485,0.0303021725031094,4.389717841916373
1.0721956971499391,0.4928985507246377,0.0043172528788413,0.0310500305237458,4.477993149785304
1.0721956971499391,0.5071014492753623,0.0046295542852946,0.0318013192460259,4.577716653191298
1.0721956971499391,0.521304347826087,0.0049709390756762,0.0325574051692317,4.689633159424868
1.0721956971499391,0.5355072463768116,0.0053452270221448,0.0333197387409925,4.814630695599575
1.0721956971499391,0.5497101449275362,0.0057568570227392,0.0340898660171959,4.9537587766589954
1.0721956971499391,0.5639130434782609,0.006211010358462,0.0348694420593703,5.108251331084437
1.0721956971499391,0.5781159420289855,0.0067137631204915,0.0356602463968115,5.279555198390735
1.0721956971499391,0.5923188405797102,0.007272276065527,0.0364642009480639,5.4693655977980296
1.0721956971499391,0.6065217391304348,0.0078950324990783,0.0372833908848061,5.679670141181049
1.0721956971499391,0.6207246376811595,0.0085921386604473,0.038120089042095,5.912803744046181
1.0721956971499391,0.634927536231884,0.0093757057934603,0.038976784615565,6.17151732464208
1.0721956971499391,0.6491304347826087,0.0102603401963375,0.0398562170805502,6.459064321686094
1.0721956971499391,0.6633333333333333,0.0112637772683372,0.0407614164980131,6.779310391557994
1.0721956971499391,0.677536231884058,0.0124077096054396,0.041695751700182,7.136873597240314
1.0721956971499391,0.6917391304347826,0.013718879571476,0.0426629882433442,7.537305196045827
1.0721956971499391,0.7059420289855073,0.0152305367258379,0.0436673585819336,7.98732513420516
1.0721956971499391,0.7201449275362319,0.0169844051196507,0.0447136476317224,8.495132171848386
1.0721956971499391,0.7343478260869566,0.0190333735759434,0.045807297900471,9.070817377216729
1.0721956971499391,0.7485507246376812,0.0214452269806796,0.04695453970354,9.726922872614088
1.0721956971499391,0.7627536231884058,0.0243079025257235,0.0481625538879776,10.479208231613931
1.0721956971499391,0.7769565217391304,0.0277370224035441,0.049439677110183,11.347719337204724
1.0721956971499391,0.7911594202898551,0.0318868963220734,0.0507956635064762,12.358306857286024
1.0721956971499391,0.8053623188405797,0.0369669383251778,0.052242022023491,13.544829016669429
1.0721956971499391,0.8195652173913044,0.0432667559463466,0.0537924567266939,14.952423032612256
1.0721956971499391,0.833768115942029,0.0511955505372898,0.0554634494312745,16.642496158916778
1.0721956971499391,0.8479710144927537,0.0613459514849943,0.0572750424258987,18.700579624408483
1.0721956971499391,0.8621739130434782,0.0746012440382342,0.059251907935035,21.24914162218836
1.0721956971499391,0.8763768115942029,0.0923233091217804,0.0614248373345349,24.46940067024666
1.0721956971499391,0.8905797101449275,0.116699195540153,0.063832859801467,28.64041182941444
1.0721956971499391,0.9047826086956522,0.1514210993700624,0.0665263310244032,34.21363753572438
1.0721956971499391,0.9189855072463768,0.203128291245046,0.0695715646506884,41.96689843347103
1.0721956971499391,0.9331884057971016,0.2847892122846975,0.0730580082825143,53.35656686291435
1.0721956971499391,0.947391304347826,0.4248025686673387,0.0771098001225665,71.44436480475787
1.0721956971499391,0.9615942028985508,0.6969485263288648,0.0819052627848002,103.89079940478304
1.0721956971499391,0.9757971014492756,1.3580252860397724,0.0877117005988754,176.51954268482058
1.0721956971499391,0.99,4.171035028774345,0.094952077894093,462.63117071700856
1.1074600257927485,0.01,0.0001025855948888,0.0012302317773005,67.78170665975328
1.1074600257927485,0.0242028985507246,0.0002483445940565,0.0029421420140154,28.689795135695704
1.1074600257927485,0.0384057971014492,0.000394447695369,0.0046138043869664,18.52981432962796
1.1074600257927485,0.0526086956521739,0.000541212393751,0.0062466059589618,13.870097407278625
1.1074600257927485,0.0668115942028985,0.0006889693407146,0.0078419098268029,11.203564220833744
1.1074600257927485,0.0810144927536231,0.0008380640704843,0.0094010566465239,9.482522521698144
1.1074600257927485,0.0952173913043478,0.0009888588395867,0.0109253657611799,8.284424218292363
1.1074600257927485,0.1094202898550724,0.0011417347324566,0.0124161366097168,7.406145642182995
1.1074600257927485,0.1236231884057971,0.0012970939547765,0.0138746499545785,6.7379435031315
1.1074600257927485,0.1378260869565217,0.0014553623652793,0.0153021692760689,6.21534351093886
1.1074600257927485,0.1520289855072464,0.001616992332595,0.0166999421489431,5.797997546033297
1.1074600257927485,0.166231884057971,0.0017824659027022,0.018069201683593,5.459379693960303
1.1074600257927485,0.1804347826086956,0.0019522983516299,0.0194111680016017,5.181349057244856
1.1074600257927485,0.1946376811594203,0.0021270421382089,0.0207270497749134,4.951093329580782
1.1074600257927485,0.2088405797101449,0.0023072914005534,0.0220180458369233,4.759319980438027
1.1074600257927485,0.2230434782608695,0.0024936869579121,0.0232853468469259,4.599138743029687
1.1074600257927485,0.2372463768115942,0.002686922003205,0.0245301370534101,4.4653459416952135
1.1074600257927485,0.2514492753623188,0.0028877485317834,0.0257535961416922,4.353951728485954
1.1074600257927485,0.2656521739130435,0.0030969846223119,0.02695690118692,4.261859374795636
1.1074600257927485,0.2798550724637681,0.0033155227208888,0.0281412287282716,4.186642678058876
1.1074600257927485,0.2940579710144927,0.0035443391152843,0.029307756970646,4.126388405405159
1.1074600257927485,0.3082608695652174,0.0037845046978117,0.0304576681381713,4.079582761208468
1.1074600257927485,0.322463768115942,0.0040371973770657,0.0315921510037931,4.045028531890436
1.1074600257927485,0.3366666666666666,0.0043037162890871,0.0327124035991719,4.021783817171519
1.1074600257927485,0.3508695652173913,0.0045854981892535,0.0338196361483319,4.009116389296582
1.1074600257927485,0.365072463768116,0.0048841364086144,0.034915074246309,4.006469537614379
1.1074600257927485,0.3792753623188406,0.005201402818505,0.0359999623113152,4.013436504090767
1.1074600257927485,0.3934782608695652,0.0055392733737627,0.0370755673558976,4.029741498091908
1.1074600257927485,0.4076811594202899,0.0058999579298733,0.0381431831151442,4.05522587374174
1.1074600257927485,0.4218840579710145,0.0062859351277529,0.0392041345816305,4.089838434377932
1.1074600257927485,0.4360869565217391,0.0066999933943143,0.0402597830099506,4.133629185412261
1.1074600257927485,0.4502898550724638,0.0071452792813622,0.041311531446688,4.186746043834388
1.1074600257927485,0.4644927536231884,0.0076253546777558,0.0423608308779792,4.249434201696654
1.1074600257927485,0.4786956521739131,0.0081442648070831,0.043409187073495,4.322037994567733
1.1074600257927485,0.4928985507246377,0.0087066193711725,0.0444581682387388,4.405005234289351
1.1074600257927485,0.5071014492753623,0.009317689834011,0.0455094136014587,4.498894101144718
1.1074600257927485,0.521304347826087,0.0099835265332947,0.046564643076567,4.604382766256539
1.1074600257927485,0.5355072463768116,0.0107111004477405,0.0476256681891746,4.722282109777945
1.1074600257927485,0.5497101449275362,0.0115084756062753,0.0486944044597406,4.853551968181339
1.1074600257927485,0.5639130434782609,0.0123850199563657,0.0497728855040863,4.999321570491112
1.1074600257927485,0.5781159420289855,0.013351664724042,0.0508632791467557,5.160915006881097
1.1074600257927485,0.5923188405797102,0.0144212253948134,0.0519679059037866,5.339882870150587
1.1074600257927485,0.6065217391304348,0.0156088014626926,0.0530892602798235,5.538041531653396
1.1074600257927485,0.6207246376811595,0.0169322778511059,0.0542300354000103,5.757522059092471
1.1074600257927485,0.634927536231884,0.0184129583109638,0.0553931516380018,6.000831319118137
1.1074600257927485,0.6491304347826087,0.0200763719652115,0.0565817900333924,6.270928772688915
1.1074600257927485,0.6633333333333333,0.0219533089481142,0.0577994314928758,6.57132362208033
1.1074600257927485,0.677536231884058,0.0240811622986157,0.0590499030084539,6.906198669735001
1.1074600257927485,0.6917391304347826,0.0265056836188324,0.0603374324421587,7.2805696117484064
1.1074600257927485,0.7059420289855073,0.0292833044992891,0.061666713837293,7.7004919591043395
1.1074600257927485,0.7201449275362319,0.0324842411852737,0.0630429857415087,8.17333274123804
1.1074600257927485,0.7343478260869566,0.0361966989382235,0.0644721257413712,8.708131648892104
1.1074600257927485,0.7485507246376812,0.0405326435810141,0.0659607653433583,9.316087470457562
1.1074600257927485,0.7627536231884058,0.0456358440996437,0.0675164306041428,10.01122308633012
1.1074600257927485,0.7769565217391304,0.0516932672544534,0.0691477156353191,10.811309687992445
1.1074600257927485,0.7911594202898551,0.0589515211100876,0.0708644984924032,11.73917507475174
1.1074600257927485,0.8053623188405797,0.0677410797370751,0.0726782122559359,12.82459451975424
1.1074600257927485,0.8195652173913044,0.0785128107246348,0.0746021888308034,14.10708832361535
1.1074600257927485,0.833768115942029,0.0918945327161018,0.0766520996976904,15.640173343387968
1.1074600257927485,0.8479710144927537,0.1087812941970441,0.0788465277058384,17.49802677428835
1.1074600257927485,0.8621739130434782,0.1304846786014733,0.0812077185928698,19.786314168038057
1.1074600257927485,0.8763768115942029,0.1589902773783618,0.0837625830590886,22.66054985988473
1.1074600257927485,0.8905797101449275,0.1974245697174268,0.0865440545122332,26.35886615531555
1.1074600257927485,0.9047826086956522,0.2509553107873,0.0895929619708277,31.26429221983407
1.1074600257927485,0.9189855072463768,0.3286680112752799,0.0929606662828184,38.03285970054646
1.1074600257927485,0.9331884057971016,0.4478928884357963,0.0967128567541584,47.88568926952158
1.1074600257927485,0.947391304347826,0.645662394643418,0.1009351644557621,63.37536922849112
1.1074600257927485,0.9615942028985508,1.0158824638374724,0.1057417175951029,90.8553995482054
1.1074600257927485,0.9757971014492756,1.878226547723262,0.1112886537535974,151.6513207923506
1.1074600257927485,0.99,5.390248674784174,0.1177963840654595,388.4587271455322
1.143884192026711,0.01,0.00017236741923,0.0015947717009546,67.77322281449733
1.143884192026711,0.0242028985507246,0.0004171925025955,0.0038139270309579,28.680831338052613
1.143884192026711,0.0384057971014492,0.0006624824382689,0.0059808453719417,18.520351345963935
1.143884192026711,0.0526086956521739,0.0009087523802406,0.0080972869996896,13.860104224837537
1.143884192026711,0.0668115942028985,0.0011565381223909,0.0101649807262993,11.1930085046976
1.143884192026711,0.0810144927536231,0.0014063986307386,0.0121856255895855,9.471369391895356
1.143884192026711,0.0952173913043478,0.0016589189934009,0.0141608922558193,8.272636515739757
1.143884192026711,0.1094202898550724,0.0019147136103505,0.0160924247203338,7.393683434056596
1.143884192026711,0.1236231884057971,0.0021744297929436,0.0179818417636947,6.724763982623041
1.143884192026711,0.1378260869565217,0.0024387516356257,0.0198307386152505,6.201400689599163
1.143884192026711,0.1520289855072464,0.0027084044519424,0.0216406885582563,5.783242044993769
1.143884192026711,0.166231884057971,0.0029841595957216,0.0234132446343049,5.443758370255592
1.143884192026711,0.1804347826086956,0.0032668399407827,0.0251499413612697,5.16480468995451
1.143884192026711,0.1946376811594203,0.0035573259220002,0.0268522965275388,4.93356424779035
1.143884192026711,0.2088405797101449,0.0038565623698948,0.0285218130320854,4.740739611710103
1.143884192026711,0.2230434782608695,0.0041655661755066,0.0301599808047107,4.579435185035602
1.143884192026711,0.2372463768115942,0.00448543489883,0.031768278811837,4.444441421527108
1.143884192026711,0.2514492753623188,0.0048173565285907,0.0333481771403934,4.331762026337734
1.143884192026711,0.2656521739130435,0.0051626204777914,0.034901139195619,4.238293167370997
1.143884192026711,0.2798550724637681,0.0055226300941191,0.0364286240156668,4.161600820134901
1.143884192026711,0.2940579710144927,0.0058989168893452,0.0379320887087147,4.0997631005087225
1.143884192026711,0.3082608695652174,0.0062931567148101,0.0394129910442101,4.05125665619432
1.143884192026711,0.322463768115942,0.006707188296946,0.0408727922149002,4.01487366464018
1.143884192026711,0.3366666666666666,0.0071430344658076,0.0423129597757873,3.9896604484730194
1.143884192026711,0.3508695652173913,0.007602926537029,0.0437349708090501,3.9748716726430944
1.143884192026711,0.365072463768116,0.0080893324394549,0.0451403153129255,3.969936012134762
1.143884192026711,0.3792753623188406,0.0086049891941426,0.0465304998757117,3.974430371672732
1.143884192026711,0.3934782608695652,0.0091529405840669,0.0479070516419547,3.9880606614113736
1.143884192026711,0.4076811594202899,0.0097365809923454,0.0492715226345734,4.010647692486248
1.143884192026711,0.4218840579710145,0.0103597065060535,0.050625494463011,4.04211714613341
1.143884192026711,0.4360869565217391,0.0110265747780831,0.0519705834756566,4.082492933305539
1.143884192026711,0.4502898550724638,0.0117419753967189,0.0533084464206469,4.13189345340249
1.143884192026711,0.4644927536231884,0.0125113128060674,0.0546407866812033,4.190530400291306
1.143884192026711,0.4786956521739131,0.0133407045716916,0.055969361168942,4.258709995612207
1.143884192026711,0.4928985507246377,0.0142370981433898,0.0572959879655639,4.33683654522965
1.143884192026711,0.5071014492753623,0.0152084102974066,0.058622554837236,4.425418402063653
1.143884192026711,0.521304347826087,0.0162636943631068,0.059951028728932,4.525076489115767
1.143884192026711,0.5355072463768116,0.0174133417263704,0.0612834664153864,4.636555660063668
1.143884192026711,0.5497101449275362,0.0186693258845642,0.0626220264647182,4.760739320673655
1.143884192026711,0.5639130434782609,0.0200454995607656,0.0639689827444975,4.898667866627738
1.143884192026711,0.5781159420289855,0.0215579584366556,0.0653267397118058,5.051561699875456
1.143884192026711,0.5923188405797102,0.0232254891048921,0.0666978497891788,5.220849834346039
1.143884192026711,0.6065217391304348,0.0250701242108989,0.0680850331833174,5.408205416226192
1.143884192026711,0.6207246376811595,0.0271178350220463,0.0694912005830744,5.6155899014898845
1.143884192026711,0.634927536231884,0.0293994016812408,0.0709194792499322,5.845308217445445
1.143884192026711,0.6491304347826087,0.0319515150400261,0.0723732431410591,6.100077983979853
1.143884192026711,0.6633333333333333,0.0348181832466929,0.0738561478284267,6.3831169636632135
1.143884192026711,0.677536231884058,0.0380525431875858,0.075372171166013,6.698254370181408
1.143884192026711,0.6917391304347826,0.0417192156134382,0.076925660871942,7.050073787931666
1.143884192026711,0.7059420289855073,0.0458973988552559,0.0785213904734751,7.444098486911118
1.143884192026711,0.7201449275362319,0.0506849783287383,0.0801646254282851,7.8870343053067
1.143884192026711,0.7343478260869566,0.056204052459813,0.0818612017013926,8.38709184885435
1.143884192026711,0.7485507246376812,0.0626084632694858,0.0836176196854176,8.954419637143257
1.143884192026711,0.7627536231884058,0.0700942108779125,0.0854411571548104,9.60169503129359
1.143884192026711,0.7769565217391304,0.0789140936210655,0.0873400060037677,10.344943852307562
1.143884192026711,0.7911594202898551,0.0893986650688523,0.0893234389447164,11.20469821338217
1.143884192026711,0.8053623188405797,0.101986852368391,0.0914020142615441,12.207666468416036
1.143884192026711,0.8195652173913044,0.1172717322535959,0.093587829354889,13.389198841383934
1.143884192026711,0.833768115942029,0.1360707937859668,0.0958948374544089,14.797026909997248
1.143884192026711,0.8479710144927537,0.1595371064003463,0.0983392470118792,16.49711317030585
1.143884192026711,0.8621739130434782,0.1893415421654285,0.1009400305582242,18.583137756552816
1.143884192026711,0.8763768115942029,0.2279842376972472,0.1037195803762332,21.19255504308793
1.143884192026711,0.8905797101449275,0.279354470597969,0.1067045638331378,24.535201896042945
1.143884192026711,0.9047826086956522,0.3498013631960337,0.1099270544480806,28.94758352106284
1.143884192026711,0.9189855072463768,0.4503478047501763,0.1134260503223961,35.004383325613325
1.143884192026711,0.9331884057971016,0.6017593438525148,0.1172495471154192,43.77241365781358
1.143884192026711,0.947391304347826,0.8478851899416219,0.1214574219767898,57.47631710197624
1.143884192026711,0.9615942028985508,1.298735142615024,0.1261255320878419,81.64217563971911
1.143884192026711,0.9757971014492756,2.325578612416739,0.131351682547591,134.7906427405207
1.143884192026711,0.99,6.420073640045145,0.13726456248099,340.74002372989617
1.1815063427070105,0.01,0.0002570697629474,0.0019477033031162,67.76499264286521
1.1815063427070105,0.0242028985507246,0.0006220830630775,0.0046579408542458,28.672161754580696
1.1815063427070105,0.0384057971014492,0.0009876272225763,0.0073043102747353,18.511202261251327
1.1815063427070105,0.0526086956521739,0.0013544451660467,0.0098889186145421,13.85044803479169
1.1815063427070105,0.0668115942028985,0.0017233083817054,0.01241383411061,11.182814613752315
1.1815063427070105,0.0810144927536231,0.0020950205664681,0.0148810880453354,9.460605176106368
1.1815063427070105,0.0952173913043478,0.002470421630657,0.0172926763174687,8.261266957706855
1.1815063427070105,0.1094202898550724,0.0028503921484824,0.0196505612930806,7.381671141195122
1.1815063427070105,0.1236231884057971,0.0032358582697053,0.0219566735338367,6.712068842487552
1.1815063427070105,0.1378260869565217,0.0036277970848631,0.0242129136075049,6.187979732427123
1.1815063427070105,0.1520289855072464,0.0040272426586038,0.0264211539398846,5.769049105240465
1.1815063427070105,0.166231884057971,0.0044352926878282,0.0285832406755653,5.428743872556661
1.1815063427070105,0.1804347826086956,0.0048531159529871,0.0307009955984429,5.148915315819031
1.1815063427070105,0.1946376811594203,0.0052819605604836,0.0327762180977671,4.916742595864289
1.1815063427070105,0.2088405797101449,0.0057231632660304,0.0348106871929622,4.722923834580442
1.1815063427070105,0.2230434782608695,0.0061781598567341,0.0368061636209377,4.5605585570413565
1.1815063427070105,0.2372463768115942,0.0066484968389875,0.0387643920021295,4.424431882783821
1.1815063427070105,0.2514492753623188,0.0071358446168371,0.0406871030834058,4.310541654542448
1.1815063427070105,0.2656521739130435,0.0076420123516333,0.0425760160854546,4.215777607512381
1.1815063427070105,0.2798550724637681,0.008168964803955,0.0444328411547078,4.137698641206118
1.1815063427070105,0.2940579710144927,0.0087188414145682,0.0462592819271883,4.07437505621149
1.1815063427070105,0.3082608695652174,0.0092939780239239,0.0480570382492459,4.024274879563549
1.1815063427070105,0.322463768115942,0.009896931645743,0.0498278090331872,3.986180755351665
1.1815063427070105,0.3366666666666666,0.0105305087676858,0.0515732952992265,3.9591284349555855
1.1815063427070105,0.3508695652173913,0.0111977977881811,0.0532952034046462,3.9423608425007406
1.1815063427070105,0.365072463768116,0.0119022063749572,0.0549952485004004,3.935293595426373
1.1815063427070105,0.3792753623188406,0.0126475044281424,0.0566751582279963,3.937489036670528
1.1815063427070105,0.3934782608695652,0.0134378738178338,0.0583366767000126,3.948636804424624
1.1815063427070105,0.4076811594202899,0.0142779661004446,0.0599815687935965,3.968539485761253
1.1815063427070105,0.4218840579710145,0.0151729696127432,0.0616116247984944,3.997102304852227
1.1815063427070105,0.4360869565217391,0.0161286878404253,0.0632286654673629,4.034326152314158
1.1815063427070105,0.4502898550724638,0.0171516312450219,0.0648345475167501,4.0803034491374905
1.1815063427070105,0.4644927536231884,0.0182491251963109,0.0664311696469969,4.135216503814402
1.1815063427070105,0.4786956521739131,0.0194294374226239,0.0680204791432001,4.199338195951066
1.1815063427070105,0.4928985507246377,0.0207019290092109,0.0696044791381919,4.273034892151384
1.1815063427070105,0.5071014492753623,0.022077234100894,0.0711852366403899,4.356771636080084
1.1815063427070105,0.521304347826087,0.0235674747094214,0.0727648914150254,4.451119751019966
1.1815063427070105,0.5355072463768116,0.0251865186383744,0.0743456658671197,4.556767089872089
1.1815063427070105,0.5497101449275362,0.0269502907514249,0.0759298760516021,4.674531310089035
1.1815063427070105,0.5639130434782609,0.0288771505318204,0.0775199439984234,4.805376676722585
1.1815063427070105,0.5781159420289855,0.0309883525238093,0.0791184115415238,4.950435075443887
1.1815063427070105,0.5923188405797102,0.0333086112205016,0.0807279558988962,5.111032159655924
1.1815063427070105,0.6065217391304348,0.0358667982538199,0.0823514072789695,5.288719816231329
1.1815063427070105,0.6207246376811595,0.0386968086550904,0.0839917688528933,5.485316547423258
1.1815063427070105,0.634927536231884,0.0418386447023557,0.0856522394862715,5.702957860072424
1.1815063427070105,0.6491304347826087,0.0453397822175496,0.087336239716229,5.944159454996132
1.1815063427070105,0.6633333333333333,0.0492569069671419,0.0890474415447103,6.211896986750113
1.1815063427070105,0.677536231884058,0.053658140539503,0.0907898027494093,6.50970747949055
1.1815063427070105,0.6917391304347826,0.0586259206748963,0.0925676065607672,6.841819407525611
1.1815063427070105,0.7059420289855073,0.0642607665463175,0.0943855077392738,7.213321163035423
1.1815063427070105,0.7201449275362319,0.070686255637243,0.0962485863366385,7.630381604101214
1.1815063427070105,0.7343478260869566,0.0780556821178547,0.0981624107073754,8.100542268547729
1.1815063427070105,0.7485507246376812,0.0865610838364045,0.1001331117439285,8.633109721051015
1.1815063427070105,0.7627536231884058,0.0964456609584394,0.1021674707872929,9.239690183311234
1.1815063427070105,0.7769565217391304,0.1080211402616902,0.1042730243147447,9.93493013783784
1.1815063427070105,0.7911594202898551,0.1216924983369953,0.1064581893499111,10.737561306398378
1.1815063427070105,0.8053623188405797,0.1379938868719065,0.1087324146325268,11.671906031190565
1.1815063427070105,0.8195652173913044,0.1576420527909111,0.1111063640777141,12.770097414175128
1.1815063427070105,0.833768115942029,0.1816178942980349,0.1135921410156565,14.075442775008929
1.1815063427070105,0.8479710144927537,0.2112948168247851,0.1162035644038395,15.647679574767077
1.1815063427070105,0.8621739130434782,0.2486480513527977,0.1189565118892194,17.571491141035725
1.1815063427070105,0.8763768115942029,0.2966106759937553,0.1218693497515936,19.970907072646742
1.1815063427070105,0.8905797101449275,0.3597106471806232,0.124963477001026,23.034940334668143
1.1815063427070105,0.9047826086956522,0.4452839256968497,0.1282640212860217,27.066201740629527
1.1815063427070105,0.9189855072463768,0.5659735587193531,0.1318007393762051,32.58070285924552
1.1815063427070105,0.9331884057971016,0.7454335234249395,0.1356091973088916,40.53504217180025
1.1815063427070105,0.947391304347826,1.0333038007918658,0.1397323390177172,52.92174661336701
1.1815063427070105,0.9615942028985508,1.5534784352565707,0.1442226042018667,74.68589029659431
1.1815063427070105,0.9757971014492756,2.7224815029384777,0.1491448381875781,122.39071817369826
1.1815063427070105,0.99,7.32938647009166,0.1545803693282521,306.7318972926381
1.2203658793322136,0.01,0.0003551371628278,0.0022893953979082,67.75705318291621
1.2203658793322136,0.0242028985507246,0.0008592363071006,0.005475069328642,28.66377421314751
1.2203658793322136,0.0384057971014492,0.0013638531952634,0.0085855928918626,18.50235641645268
1.2203658793322136,0.0526086956521739,0.0018699813726946,0.0116233970607916,13.841116781353746
1.2203658793322136,0.0668115942028985,0.0023786511341937,0.014590866113622,11.172969313742438
1.2203658793322136,0.0810144927536231,0.0028909342367929,0.0174903403166476,9.450215079127734
1.2203658793322136,0.0952173913043478,0.0034079490723733,0.0203241175653976,8.250299211385045
1.2203658793322136,0.1094202898550724,0.0039308663663958,0.023094455419219,7.370090627096949
1.2203658793322136,0.1236231884057971,0.0044609154550906,0.0258035730208437,6.699837952448088
1.2203658793322136,0.1378260869565217,0.0049993911882716,0.0284536530512199,6.175058227296999
1.2203658793322136,0.1520289855072464,0.0055476615479866,0.0310468437530147,5.75539381419271
1.2203658793322136,0.166231884057971,0.0061071762050327,0.0335852609357716,5.414308489685515
1.2203658793322136,0.1804347826086956,0.0066794759204198,0.0360709900394455,5.133650085925271
1.2203658793322136,0.1946376811594203,0.0072662030634033,0.0385060882388226,4.900594036610507
1.2203658793322136,0.2088405797101449,0.0078691133836932,0.040892586593895,4.705834387197418
1.2203658793322136,0.2230434782608695,0.0084900891388506,0.0432324922507152,4.542466209810116
1.2203658793322136,0.2372463768115942,0.0091311538463292,0.0455277907260148,4.405269755032685
1.2203658793322136,0.2514492753623188,0.0097944888757812,0.0477804482418559,4.290237533038771
1.2203658793322136,0.2656521739130435,0.0104824521229029,0.0499924141588048,4.194253430236048
1.2203658793322136,0.2798550724637681,0.011197599120989,0.0521656235039614,4.114869915431441
1.2203658793322136,0.2940579710144927,0.0119427069485195,0.0543019995988533,4.05015021795596
1.2203658793322136,0.3082608695652174,0.0127208013469593,0.0564034568103446,3.998554571564658
1.2203658793322136,0.322463768115942,0.0135351875896213,0.0584719034500905,3.9588570094502913
1.2203658793322136,0.3366666666666666,0.0143894856975138,0.0605092448065658,3.9300837606886794
1.2203658793322136,0.3508695652173913,0.0152876707132363,0.0625173863703328,3.91146720094528
1.2203658793322136,0.365072463768116,0.0162341189273939,0.0644982372375303,3.902411227539365
1.2203658793322136,0.3792753623188406,0.0172336610011873,0.0664537137443022,3.9024651471381215
1.2203658793322136,0.3934782608695652,0.0182916432759146,0.068385743332922,3.911304064585035
1.2203658793322136,0.4076811594202899,0.0194139987460625,0.0702962687069629,3.9287143238370086
1.2203658793322136,0.4218840579710145,0.0206073293891138,0.0721872522870818,3.954582957301772
1.2203658793322136,0.4360869565217391,0.0218790020858483,0.0740606810169376,3.988890432557216
1.2203658793322136,0.4502898550724638,0.0232372607388737,0.0759185715652829,4.031706185234825
1.2203658793322136,0.4644927536231884,0.0246913576980716,0.0777629759705675,4.083186585088251
1.2203658793322136,0.4786956521739131,0.0262517085744447,0.0795959877838283,4.1435751614368845
1.2203658793322136,0.4928985507246377,0.0279300751354081,0.0814197487806314,4.213204971148469
1.2203658793322136,0.5071014492753623,0.0297397824148044,0.0832364563167709,4.292503144131276
1.2203658793322136,0.521304347826087,0.0316959774770199,0.0850483714094903,4.381997708665399
1.2203658793322136,0.5355072463768116,0.0338159392254623,0.0868578276546709,4.48232690896742
1.2203658793322136,0.5497101449275362,0.0361194512591269,0.0886672410830079,4.594251363186968
1.2203658793322136,0.5639130434782609,0.0386292526955483,0.0904791211053453,4.718669499436575
1.2203658793322136,0.5781159420289855,0.0413715863858615,0.0922960826901681,4.856636916619789
1.2203658793322136,0.5923188405797102,0.0443768692809778,0.0941208599687683,5.009390490024102
1.2203658793322136,0.6065217391304348,0.0476805172892791,0.0959563214756691,5.1783783336930576
1.2203658793322136,0.6207246376811595,0.0513239667803237,0.0978054872810027,5.365297065101877
1.2203658793322136,0.634927536231884,0.0553559484427143,0.0996715483159143,5.572138295904964
1.2203658793322136,0.6491304347826087,0.0598340877740784,0.1015578882430938,5.80124691824328
1.2203658793322136,0.6633333333333333,0.0648269321078353,0.103468108296476,6.055394631101889
1.2203658793322136,0.677536231884058,0.0704165400386632,0.1054060555933108,6.337873375667039
1.2203658793322136,0.6917391304347826,0.0767018204067041,0.107375855528728,6.652615098770144
1.2203658793322136,0.7059420289855073,0.0838028815767821,0.109381948979574,7.004346744676634
1.2203658793322136,0.7201449275362319,0.0918667595224609,0.1114291352015245,7.398793008795656
1.2203658793322136,0.7343478260869566,0.1010750535242991,0.1135226215066755,7.84294477642804
1.2203658793322136,0.7485507246376812,0.1116542403585599,0.1156680810290802,8.345419265166559
1.2203658793322136,0.7627536231884058,0.1238898121274264,0.11787172021376,8.916950403099449
1.2203658793322136,0.7769565217391304,0.1381459728608821,0.1201403580372117,9.571067639093284
1.2203658793322136,0.7911594202898551,0.1548935815616088,0.1224815194692073,10.32505303377742
1.2203658793322136,0.8053623188405797,0.1747506130140592,0.1249035463267894,11.201319097449044
1.2203658793322136,0.8195652173913044,0.1985421146463895,0.1274157294933167,12.229439506037714
1.2203658793322136,0.833768115942029,0.227391437111191,0.1300284675770849,13.44922371837498
1.2203658793322136,0.8479710144927537,0.2628633595559259,0.1327534585039508,14.91551886729756
1.2203658793322136,0.8621739130434782,0.3071967940231229,0.1356039324710625,16.70598590891494
1.2203658793322136,0.8763768115942029,0.363699488749753,0.1385949372622568,18.934243507509947
1.2203658793322136,0.8905797101449275,0.4374525097846246,0.1417436904515996,21.77325910307775
1.2203658793322136,0.9047826086956522,0.5366488851229646,0.1450700178754164,25.49969009344425
1.2203658793322136,0.9189855072463768,0.6753461914673057,0.148596904528117,30.584890493676323
1.2203658793322136,0.9331884057971016,0.8797397894039258,0.152351193640851,37.90203362679871
1.2203658793322136,0.947391304347826,1.2046149485876363,0.1563644834810098,49.26880390318713
1.2203658793322136,0.9615942028985508,1.7863376178971555,0.1606742915784237,69.19436951364123
1.2203658793322136,0.9757971014492756,3.082500242738359,0.1653255860279968,112.7776336606856
1.2203658793322136,0.99,8.154041056247165,0.1703728289845411,280.91324997607234
1.260503499309272,0.01,0.0004651321329594,0.0026202070053744,67.74935053068573
1.260503499309272,0.0242028985507246,0.0011251611740056,0.0062661698512976,28.655659766117548
1.260503499309272,0.0384057971014492,0.0017855970307481,0.0098260419018135,18.49380318613832
1.260503499309272,0.0526086956521739,0.0024477006759993,0.0133025563726466,13.8320990989416
1.260503499309272,0.0668115942028985,0.0031127781156497,0.0166983928297664,11.16345991467082
1.260503499309272,0.0810144927536231,0.0037821860770802,0.0200161797469132,9.44018503400588
1.260503499309272,0.0952173913043478,0.0044573383152744,0.0232584963209413,8.23971766758109
1.260503499309272,0.1094202898550724,0.0051397125926134,0.0264278747702711,7.358924613641218
1.260503499309272,0.1236231884057971,0.0058308582697706,0.0295268022738864,6.688052191828542
1.260503499309272,0.1378260869565217,0.0065324047495361,0.0325577231499062,6.162614963653034
1.260503499309272,0.1520289855072464,0.0072460707471995,0.0355230409654196,5.742252647130086
1.260503499309272,0.166231884057971,0.007973674576457,0.038425120672656,5.400426093963407
1.260503499309272,0.1804347826086956,0.0087171456059774,0.0412662907841535,5.118979991101192
1.260503499309272,0.1946376811594203,0.0094785369275911,0.0440488455870427,4.8850863430835485
1.260503499309272,0.2088405797101449,0.010260039548432,0.0467750473822679,4.689435454582192
1.260503499309272,0.2230434782608695,0.0110639982093875,0.049447128769893,4.525118322071603
1.260503499309272,0.2372463768115942,0.0118929290945696,0.0520672950040575,4.386910740243292
1.260503499309272,0.2514492753623188,0.0127495397733148,0.0546377263886131,4.270800354942618
1.260503499309272,0.2656521739130435,0.0136367515267602,0.0571605807610117,4.173665717546426
1.260503499309272,0.2798550724637681,0.0145577246188961,0.0596379960473531,4.0930534501017775
1.260503499309272,0.2940579710144927,0.0155158868069844,0.0620720929066479,4.027020355432829
1.260503499309272,0.3082608695652174,0.0165149656491841,0.0644649774829592,3.974019594144501
1.260503499309272,0.322463768115942,0.0175590252224722,0.0668187442772261,3.932817405600999
1.260503499309272,0.3366666666666666,0.0186525079112993,0.06913547914073,3.9024314119360497
1.260503499309272,0.3508695652173913,0.019800282119383,0.0714172624283665,3.8820844679196034
1.260503499309272,0.365072463768116,0.0210076969340255,0.0736661723052511,3.8711699195256455
1.260503499309272,0.3792753623188406,0.0222806447889817,0.0758842882507191,3.869225352817432
1.260503499309272,0.3934782608695652,0.0236256337185272,0.0780736947662965,3.875912835015208
1.260503499309272,0.4076811594202899,0.0250498707219924,0.0802364853169956,3.8910041655987153
1.260503499309272,0.4218840579710145,0.0265613583860855,0.0823747665389541,3.914370125244378
1.260503499309272,0.4360869565217391,0.0281690071327576,0.0844906627419072,3.945972973038096
1.260503499309272,0.4502898550724638,0.0298827662012037,0.0865863207420194,3.9858616969730334
1.260503499309272,0.4644927536231884,0.0317137768215044,0.0886639150701861,4.034169644527826
1.260503499309272,0.4786956521739131,0.0336745522672403,0.0907256535974764,4.091114353530345
1.260503499309272,0.4928985507246377,0.0357791901069847,0.0927737836347745,4.156999456643088
1.260503499309272,0.5071014492753623,0.0380436235620995,0.0948105985651959,4.232218672023913
1.260503499309272,0.521304347826087,0.0404859204408509,0.0968384450784648,4.317261972011616
1.260503499309272,0.5355072463768116,0.0431266401861218,0.0988597310885989,4.412724112811081
1.260503499309272,0.5497101449275362,0.0459892625419952,0.1008769344195382,4.519315840233835
1.260503499309272,0.5639130434782609,0.0491007046736579,0.1028926123732939,4.637878182652012
1.260503499309272,0.5781159420289855,0.0524919483968623,0.104909412290682,4.769400413675264
1.260503499309272,0.5923188405797102,0.0561988053523215,0.1069300832535581,4.915042457349671
1.260503499309272,0.6065217391304348,0.0602628560705906,0.1089574890853865,5.0761627491862695
1.260503499309272,0.6207246376811595,0.0647326100319187,0.1109946228415941,5.254352905957965
1.260503499309272,0.634927536231884,0.0696649486333569,0.1130446230150373,5.451480983260323
1.260503499309272,0.6491304347826087,0.0751269333851684,0.1151107917087246,5.669745693993199
1.260503499309272,0.6633333333333333,0.0811980901308697,0.1171966150884143,5.911744791658371
1.260503499309272,0.677536231884058,0.0879733193774599,0.119305786477266,6.180561936540614
1.260503499309272,0.6917391304347826,0.095566639237952,0.1214422325147185,6.479877992474634
1.260503499309272,0.7059420289855073,0.1041160482204818,0.1236101428992312,6.814115001981534
1.260503499309272,0.7201449275362319,0.113789912740285,0.125814004320917,7.18862442875587
1.260503499309272,0.7343478260869566,0.1247954599702911,0.1280586393193548,7.609936278269613
1.260503499309272,0.7485507246376812,0.1373902202776133,0.1303492509542334,8.086093152166573
1.260503499309272,0.7627536231884058,0.1518976720875219,0.1326914743614884,8.627104900265197
1.260503499309272,0.7769565217391304,0.1687289840706963,0.1350914365044497,9.245577683372057
1.260503499309272,0.7911594202898551,0.1884137862660381,0.1375558257304684,9.957600549757029
1.260503499309272,0.8053623188405797,0.2116446225508162,0.1400919731008784,10.784021232850243
1.260503499309272,0.8195652173913044,0.2393426769646247,0.142707947959302,11.752325771643475
1.260503499309272,0.833768115942029,0.2727575743261601,0.145412670788809,12.899483376279855
1.260503499309272,0.8479710144927537,0.3136236462348277,0.1482160472117298,14.27638811204734
1.260503499309272,0.8621739130434782,0.3644135492919041,0.1511291279885311,15.95504976645165
1.260503499309272,0.8763768115942029,0.4287677568544196,0.1541643012295412,18.040745568786328
1.260503499309272,0.8905797101449275,0.5122600684697091,0.1573355247891671,20.6936413135404
1.260503499309272,0.9047826086956522,0.6238505159311154,0.1606586091844405,24.16977083307914
1.260503499309272,0.9189855072463768,0.7788700793553385,0.1641515645849808,28.90513270281028
1.260503499309272,0.9331884057971016,1.005818058263351,0.1678350297713047,35.707069488312015
1.260503499309272,0.947391304347826,1.3641797645535592,0.1717328070009549,46.25567958741696
1.260503499309272,0.9615942028985508,2.0017974073869,0.1758725351559588,64.7178490471964
1.260503499309272,0.9757971014492756,3.4142810446724186,0.1802865455282431,105.04433411548268
1.260503499309272,0.99,8.91518750736271,0.1850129618588715,260.45108457063407
1.3019612385757229,0.01,0.0005857266841158,0.0029404842275375,67.74188875036435
1.3019612385757229,0.0242028985507246,0.0014166354774038,0.0070320724709244,28.647810693176083
1.3019612385757229,0.0384057971014492,0.0022477279853513,0.0110269623354847,18.4855327108169
1.3019612385757229,0.0526086956521739,0.0030805449035162,0.0149281705886735,13.82338376808334
1.3019612385757229,0.0668115942028985,0.0039166797845689,0.0187386532938164,11.154274157980208
1.3019612385757229,0.0810144927536231,0.0047577859756821,0.0224613085833739,9.43050159795181
1.3019612385757229,0.0952173913043478,0.0056055840342101,0.0260989786153675,8.22950748276174
1.3019612385757229,0.1094202898550724,0.006461869905431,0.0296544519363215,7.348156653629201
1.3019612385757229,0.1236231884057971,0.0073285238989527,0.0331304656170214,6.676693337604799
1.3019612385757229,0.1378260869565217,0.0082075205355769,0.0365297074978652,6.150629807042433
1.3019612385757229,0.1520289855072464,0.0091009394333979,0.039854818424923,5.729603308266175
1.3019612385757229,0.166231884057971,0.0100109773396712,0.0431083944926289,5.387072015324278
1.3019612385757229,0.1804347826086956,0.0109399615204466,0.0462929893097145,5.104877713055243
1.3019612385757229,0.1946376811594203,0.0118903644789394,0.0494111162845903,4.870189235300581
1.3019612385757229,0.2088405797101449,0.0128648205794923,0.0524652509455691,4.673693464317061
1.3019612385757229,0.2230434782608695,0.0138661443471624,0.0554578332891771,4.508477650413905
1.3019612385757229,0.2372463768115942,0.0148973510877419,0.0583912701766042,4.369313513418415
1.3019612385757229,0.2514492753623188,0.0159616799533623,0.0612679377732477,4.252184238532795
1.3019612385757229,0.2656521739130435,0.017062619833293,0.0640901840432025,4.1539635087149085
1.3019612385757229,0.2798550724637681,0.0182039385029399,0.0668603313245118,4.0721926049138935
1.3019612385757229,0.2940579710144927,0.0193897155563778,0.069580678954118,4.004922475438995
1.3019612385757229,0.3082608695652174,0.0206243796087376,0.0722535059976976,3.9505998482676814
1.3019612385757229,0.322463768115942,0.0219127505117079,0.0748810740699693,3.9079838812912655
1.3019612385757229,0.3366666666666666,0.0232600873642034,0.0774656302590037,3.87608439343212
1.3019612385757229,0.3508695652173913,0.0246721431598421,0.0800094101834234,3.854115617026822
1.3019612385757229,0.365072463768116,0.0261552273764327,0.0825146411764702,3.8414613587817175
1.3019612385757229,0.3792753623188406,0.0277162775801546,0.0849835456370493,3.837648632791445
1.3019612385757229,0.3934782608695652,0.0293629417972894,0.0874183445430459,3.8423277594385192
1.3019612385757229,0.4076811594202899,0.0311036734676196,0.0898212611724593,3.855257463867964
1.3019612385757229,0.4218840579710145,0.0329478412478014,0.0921945250327831,3.876293939866447
1.3019612385757229,0.4360869565217391,0.034905856406052,0.094540376042867,3.905383139226623
1.3019612385757229,0.4502898550724638,0.0369893211075305,0.0968610689841701,3.942555766271645
1.3019612385757229,0.4644927536231884,0.0392112016741948,0.0991588782635704,3.987924629201881
1.3019612385757229,0.4786956521739131,0.0415860317411892,0.1014361030203703,4.041684124882269
1.3019612385757229,0.4928985507246377,0.0441301513438776,0.1036950726201244,4.104111741586783
1.3019612385757229,0.5071014492753623,0.0468619895720809,0.1059381525837287,4.17557157730104
1.3019612385757229,0.521304347826087,0.0498024000242571,0.1081677510050119,4.256519939692528
1.3019612385757229,0.5355072463768116,0.0529750607706734,0.1103863255227762,4.347513202252064
1.3019612385757229,0.5497101449275362,0.056406953591563,0.1125963909083342,4.449218197466303
1.3019612385757229,0.5639130434782609,0.0601289410347505,0.1148005273599768,4.562425533768353
1.3019612385757229,0.5781159420289855,0.0641764648951801,0.117001389585175,4.688066367209234
1.3019612385757229,0.5923188405797102,0.0685903967634439,0.1192017167879322,4.8272333628213415
1.3019612385757229,0.6065217391304348,0.0734180797083311,0.1214043436718232,4.981206776033234
1.3019612385757229,0.6207246376811595,0.0787146126816514,0.1236122126063972,5.151486931914731
1.3019612385757229,0.634927536231884,0.084544444847086,0.1258283871179788,5.339834748061979
1.3019612385757229,0.6491304347826087,0.0909833697182639,0.1280560668940367,5.548322540946211
1.3019612385757229,0.6633333333333333,0.0981210390626875,0.1302986045215027,5.779398082890588
1.3019612385757229,0.677536231884058,0.1060641598880894,0.1325595242189797,6.035965976180755
1.3019612385757229,0.6917391304347826,0.1149405978502938,0.134842542861639,6.321491874277712
1.3019612385757229,0.7059420289855073,0.1249046981667609,0.1371515936618874,6.640137270271579
1.3019612385757229,0.7201449275362319,0.1361442618497159,0.1394908529231122,6.996935686089139
1.3019612385757229,0.7343478260869566,0.1488898038661665,0.1418647703654878,7.398025756631479
1.3019612385757229,0.7485507246376812,0.1634270044099027,0.1442781036274731,7.850963702544295
1.3019612385757229,0.7627536231884058,0.1801137030675788,0.1467359576478444,8.36514847452645
1.3019612385757229,0.7769565217391304,0.1994034764205925,0.149243829789179,8.952409830242418
1.3019612385757229,0.7911594202898551,0.2218789528662208,0.1518076617406655,9.6278369251275
1.3019612385757229,0.8053623188405797,0.2482998663542272,0.1544338994477219,10.410970378245008
1.3019612385757229,0.8195652173913044,0.2796740058538021,0.1571295626116051,11.327558136528308
1.3019612385757229,0.833768115942029,0.3173648046285952,0.1599023256207772,12.412212494555398
1.3019612385757229,0.8479710144927537,0.3632595993360178,0.1627606122423702,13.712557760292908
1.3019612385757229,0.8621739130434782,0.4200424202098124,0.1657137069371945,15.295944085767104
1.3019612385757229,0.8763768115942029,0.4916555182713779,0.1687718863845488,17.260791589379135
1.3019612385757229,0.8905797101449275,0.5841213228184505,0.1719465757245343,19.75677242497301
1.3019612385757229,0.9047826086956522,0.7071014754534348,0.1752505352207481,23.02305958478452
1.3019612385757229,0.9189855072463768,0.8770979519227099,0.1786980846262862,27.46681496424377
1.3019612385757229,0.9331884057971016,1.1247405789909617,0.1823053746097949,33.84179725245088
1.3019612385757229,0.947391304347826,1.513884756787106,0.1860907174072699,43.71629981760572
1.3019612385757229,0.9615942028985508,2.203094661451215,0.1900749926081782,60.979406556990895
1.3019612385757229,0.9757971014492756,3.723627689545145,0.194282149160082,98.65076402430218
1.3019612385757229,0.99,9.62640132856234,0.1987398317762032,243.72166023499653
1.3447825156237243,0.01,0.0007156952620399,0.0032505624982794,67.73468273913862
1.3447825156237243,0.0242028985507246,0.0017306868914304,0.0077735805508105,28.64021659066772
1.3447825156237243,0.0384057971014492,0.0027455172368358,0.012189617259102,18.47753509096925
1.3447825156237243,0.0526086956521739,0.0037620146161616,0.0165019558155558,13.814960218002586
1.3447825156237243,0.0668115942028985,0.004782067967104,0.020713812227428,11.14540037968549
1.3447825156237243,0.0810144927536231,0.0058076346736711,0.0248283376694104,9.421151832976314
1.3447825156237243,0.0952173913043478,0.0068407492266838,0.0288486208592238,8.219654402883146
1.3447825156237243,0.1094202898550724,0.0078835323707387,0.032777690390881,7.33777106498445
1.3447825156237243,0.1236231884057971,0.0089382015362781,0.0366185170961357,6.665744093804862
1.3447825156237243,0.1378260869565217,0.0100070820294551,0.0403740163034135,6.139083658756443
1.3447825156237243,0.1520289855072464,0.0110926194314674,0.044047050231097,5.717424707198079
1.3447825156237243,0.166231884057971,0.0121973933619174,0.0476404302907909,5.374222948684759
1.3447825156237243,0.1804347826086956,0.0133241326417154,0.0511569194287408,5.091317477254152
1.3447825156237243,0.1946376811594203,0.0144757320994018,0.0545992344896301,4.855874229228612
1.3447825156237243,0.2088405797101449,0.0156552713113432,0.0579700485936357,4.658576908467051
1.3447825156237243,0.2230434782608695,0.0168660354749696,0.0612719935219855,4.492509335584101
1.3447825156237243,0.2372463768115942,0.0181115386314376,0.0645076621607883,4.35243947915589
1.3447825156237243,0.2514492753623188,0.0193955497923315,0.0676796109517364,4.234346440102168
1.3447825156237243,0.2656521739130435,0.0207221221128685,0.0707903624049053,4.13509943475165
1.3447825156237243,0.2798550724637681,0.0220956257735478,0.0738424076608209,4.05223486270841
1.3447825156237243,0.2940579710144927,0.023520785012326,0.0768382090929405,3.983798322183362
1.3447825156237243,0.3082608695652174,0.0250027199429742,0.0797802030022554,3.928230671344205
1.3447825156237243,0.322463768115942,0.0265469939250867,0.0826708023711725,3.884284617566271
1.3447825156237243,0.3366666666666666,0.0281596673641582,0.0855123997144853,3.850962877930404
1.3447825156237243,0.3508695652173913,0.0298473588737081,0.0883073700219251,3.827471855524041
1.3447825156237243,0.365072463768116,0.0316173151954569,0.0910580738217026,3.813186704999925
1.3447825156237243,0.3792753623188406,0.0334774911083336,0.0937668603650421,3.807624864564943
1.3447825156237243,0.3934782608695652,0.0354366412160049,0.0964360709511754,3.810426035288156
1.3447825156237243,0.4076811594202899,0.0375044255671596,0.099068042417011,3.821337138888599
1.3447825156237243,0.4218840579710145,0.0396915316710315,0.1016651108021877,3.840201224395797
1.3447825156237243,0.4360869565217391,0.042009815794467,0.1042296152129852,3.8669495694646008
1.3447825156237243,0.4502898550724638,0.0444724672552641,0.1067639019112051,3.901596462348528
1.3447825156237243,0.4644927536231884,0.0470941999959297,0.1092703286522069,3.944236295167412
1.3447825156237243,0.4786956521739131,0.0498914769877908,0.11175126930477,3.995042756168813
1.3447825156237243,0.4928985507246377,0.0528827738446993,0.1142091187795818,4.054269981449728
1.3447825156237243,0.5071014492753623,0.0560888900474998,0.1166462983137954,4.122255661284624
1.3447825156237243,0.521304347826087,0.0595333176945744,0.1190652611398283,4.1994261483601365
1.3447825156237243,0.5355072463768116,0.0632426805401574,0.1214684986045182,4.286303730942006
1.3447825156237243,0.5497101449275362,0.0672472592109618,0.1238585467740037,4.383516324622657
1.3447825156237243,0.5639130434782609,0.0715816226381371,0.1262379935974114,4.491809944057716
1.3447825156237243,0.5781159420289855,0.0762853912286279,0.1286094866938878,4.612064455306475
1.3447825156237243,0.5923188405797102,0.0814041647204046,0.1309757418451299,4.745313292623608
1.3447825156237243,0.6065217391304348,0.0869906568085241,0.1333395522826925,4.892768016687498
1.3447825156237243,0.6207246376811595,0.0931060919541284,0.1357037988709324,5.055848912042839
1.3447825156237243,0.634927536231884,0.0998219367616393,0.1380714613117889,5.236223183444975
1.3447825156237243,0.6491304347826087,0.1072220620767533,0.1404456305040125,5.435852840511082
1.3447825156237243,0.6633333333333333,0.1154054647991979,0.1428295222153092,5.657055084580678
1.3447825156237243,0.677536231884058,0.1244897239550203,0.1452264922546489,5.902579001973383
1.3447825156237243,0.6917391304347826,0.1346154304797923,0.1476400533558708,6.175703789565887
1.3447825156237243,0.7059420289855073,0.1459519232052155,0.1500738940244103,6.4803657657100775
1.3447825156237243,0.7201449275362319,0.158704798948551,0.1525318996358743,6.821324361814488
1.3447825156237243,0.7343478260869566,0.1731258660505437,0.1550181761327151,7.204381679632958
1.3447825156237243,0.7485507246376812,0.1895265136880151,0.1575370767170558,7.636676771993768
1.3447825156237243,0.7627536231884058,0.2082959368419694,0.1600932320194162,8.127085965466657
1.3447825156237243,0.7769565217391304,0.2299263921733442,0.1626915843094635,8.686776503812899
1.3447825156237243,0.7911594202898551,0.2550488454520064,0.1653374264177588,9.32998650053701
1.3447825156237243,0.8053623188405797,0.2844843376187854,0.1680364461789927,10.075146854883345
1.3447825156237243,0.8195652173913044,0.3193197542502721,0.1707947773619173,10.94653357219657
1.3447825156237243,0.833768115942029,0.361022626828956,0.1736190582542456,11.976767792651208
1.3447825156237243,0.8479710144927537,0.4116205356000832,0.1765164993230166,13.210717984540205
1.3447825156237243,0.8621739130434782,0.473991775592296,0.1794949616737996,14.711815871998631
1.3447825156237243,0.8763768115942029,0.5523568524428262,0.1825630484342753,16.572727452522766
1.3447825156237243,0.8905797101449275,0.6531534084703656,0.1857302116695175,18.93433645984816
1.3447825156237243,0.9047826086956522,0.7866951146173821,0.1890068780713348,22.02171997044797
1.3447825156237243,0.9189855072463768,0.9705768808510852,0.1924045974697596,26.217969372551668
1.3447825156237243,0.9331884057971016,1.2374254586426483,0.1959362192483408,32.23217404465943
1.3447825156237243,0.947391304347826,1.6552081062725392,0.1996161031039326,41.53951853003088
1.3447825156237243,0.9615942028985508,2.392609410519817,0.2034603723611856,57.79791028995414
1.3447825156237243,0.9757971014492756,4.014609298051116,0.2074872204102752,93.25252083817126
1.3447825156237243,0.99,10.296939789336628,0.2117172839679595,229.7182744054909
1.3890121769720358,0.01,0.0008539072246728,0.0035507670374625,67.72770022407832
1.3890121769720358,0.0242028985507246,0.0020645758465422,0.0084914719484129,28.63287014856182
1.3890121769720358,0.0384057971014492,0.0032746093505071,0.0133152288553879,18.469801460473445
1.3890121769720358,0.0526086956521739,0.0044861286556415,0.0180255722183249,13.806818123476424
1.3890121769720358,0.0668115942028985,0.0057013226320683,0.0226259627573507,11.136827224424533
1.3890121769720358,0.0810144927536231,0.0069224568124381,0.0271197899346816,9.412123400557716
1.3890121769720358,0.0952173913043478,0.0081518830854267,0.0315103743107926,8.210144824764937
1.3890121769720358,0.1094202898550724,0.0093920501603973,0.0358009700655114,7.327752872910858
1.3890121769720358,0.1236231884057971,0.0106455150403012,0.0399947674038091,6.655187981865234
1.3890121769720358,0.1378260869565217,0.0119149556665856,0.0440948949583623,6.127958366137901
1.3890121769720358,0.1520289855072464,0.0132031847146506,0.0481044222374529,5.705696850305042
1.3890121769720358,0.166231884057971,0.0145131649850028,0.0520263620164852,5.3618568511256886
1.3890121769720358,0.1804347826086956,0.0158480263205711,0.0558636727551968,5.078274984302559
1.3890121769720358,0.1946376811594203,0.0172110843148797,0.0596192610171665,4.84211450038793
1.3890121769720358,0.2088405797101449,0.0186058611476959,0.0632959838836934,4.6440561877730016
1.3890121769720358,0.2230434782608695,0.020036108763326,0.0668966513989919,4.4771806930816815
1.3890121769720358,0.2372463768115942,0.0215058346802225,0.0704240290261674,4.336252540303181
1.3890121769720358,0.2514492753623188,0.0230193308966361,0.0738808401220279,4.217247070722878
1.3890121769720358,0.2656521739130435,0.0245812062012992,0.0772697684486724,4.117029399685986
1.3890121769720358,0.2798550724637681,0.0261964225494008,0.0805934607182159,4.033131450652266
1.3890121769720358,0.2940579710144927,0.027870335924417,0.0838545291828713,3.963593920804802
1.3890121769720358,0.3082608695652174,0.0296087424798471,0.0870555542676152,3.906852300020065
1.3890121769720358,0.322463768115942,0.0314179306948032,0.0901990872782634,3.861653400441959
1.3890121769720358,0.3366666666666666,0.0333047406000493,0.0932876531593819,3.826993460592488
1.3890121769720358,0.3508695652173913,0.0352766309755958,0.0963237533413261,3.802071748883765
1.3890121769720358,0.365072463768116,0.0373417560687578,0.0993098686723032,3.786255545962247
1.3890121769720358,0.3792753623188406,0.0395090532475677,0.1022484624520894,3.779053590637652
1.3890121769720358,0.3934782608695652,0.0417883434168993,0.1051419835741683,3.780095944740285
1.3890121769720358,0.4076811594202899,0.0441904466218137,0.1079928698011278,3.789118838999004
1.3890121769720358,0.4218840579710145,0.0467273152012202,0.110803551179677,3.805953427879484
1.3890121769720358,0.4360869565217391,0.0494121879934686,0.1135764536150803,3.830517734149692
1.3890121769720358,0.4502898550724638,0.0522597693016928,0.1163140026235679,3.862811237617789
1.3890121769720358,0.4644927536231884,0.0552864373773866,0.1190186272869392,3.902911748237895
1.3890121769720358,0.4786956521739131,0.0585104882377788,0.1216927644322983,3.950974332988847
1.3890121769720358,0.4928985507246377,0.0619524218748635,0.124338863052482,4.007232167437353
1.3890121769720358,0.5071014492753623,0.0656352795933426,0.126959389015613,4.071999276082935
1.3890121769720358,0.521304347826087,0.0695850432994505,0.1295568300792767,4.145675213912294
1.3890121769720358,0.5355072463768116,0.0738311102497618,0.1321337012551769,4.228751827806611
1.3890121769720358,0.5497101449275362,0.0784068603329736,0.1346925505619992,4.321822338066556
1.3890121769720358,0.5639130434782609,0.0833503372028132,0.1372359652146097,4.4255930746581
1.3890121769720358,0.5781159420289855,0.0887050705876024,0.1397665782998436,4.540898344537339
1.3890121769720358,0.5923188405797102,0.0945210746667354,0.1422870760026562,4.66871906262656
1.3890121769720358,0.6065217391304348,0.1008560676505756,0.1448002054448761,4.810205992755053
1.3890121769720358,0.6207246376811595,0.107776971386728,0.1473087832154617,4.966708721206887
1.3890121769720358,0.634927536231884,0.1153617678409202,0.1498157046805676,5.139811833222589
1.3890121769720358,0.6491304347826087,0.1237018148710283,0.1523239541726409,5.331380280663678
1.3890121769720358,0.6633333333333333,0.1329047582829619,0.1548366161739621,5.543616601881112
1.3890121769720358,0.677536231884058,0.1430982253255267,0.1573568876188283,5.779133589982076
1.3890121769720358,0.6917391304347826,0.1544345537694837,0.1598880914812879,6.041047359609439
1.3890121769720358,0.7059420289855073,0.1670969091947962,0.1624336918040948,6.333097681084561
1.3890121769720358,0.7201449275362319,0.1813072862964957,0.1649973103872621,6.659805227045682
1.3890121769720358,0.7343478260869566,0.1973371035041442,0.167582745363146,7.02667954443139
1.3890121769720358,0.7485507246376812,0.2155214203812749,0.1701939919313892,7.440497769993366
1.3890121769720358,0.7627536231884058,0.2362783023719143,0.1728352655813249,7.909683742806939
1.3890121769720358,0.7769565217391304,0.2601356345898258,0.1755110281672482,8.444832252136846
1.3890121769720358,0.7911594202898551,0.2877689402694784,0.1782260172904571,9.059447506791384
1.3890121769720358,0.8053623188405797,0.320055838216834,0.180985279499488,9.77100528187394
1.3890121769720358,0.8195652173913044,0.3581563229877854,0.1837942079390822,10.60251708000525
1.3890121769720358,0.833768115942029,0.4036343341425546,0.1866585851765325,11.584896602417675
1.3890121769720358,0.8479710144927537,0.4586476448553447,0.1895846320941776,12.760653248305584
1.3890121769720358,0.8621739130434782,0.5262553907273327,0.1925790639071914,14.189869940951658
1.3890121769720358,0.8763768115942029,0.6109379021897816,0.1956491545829231,15.960302488483268
1.3890121769720358,0.8905797101449275,0.7195218180918008,0.1988028112178151,18.20534548086725
1.3890121769720358,0.9047826086956522,0.8629337595896155,0.2020486602520809,21.138078656678942
1.3890121769720358,0.9189855072463768,1.059799530475355,0.2053961478528188,25.121127875842987
1.3890121769720358,0.9331884057971016,1.3446353631706138,0.2088556573005725,30.825635706839307
1.3890121769720358,0.947391304347826,1.789309696706246,0.2124386469295544,39.64774232855216
1.3890121769720358,0.9615942028985508,2.5721293524298976,0.2161578130250508,55.049189610007424
1.3890121769720358,0.9757971014492756,4.290182361779773,0.2200272832234128,88.61815018072689
1.3890121769720358,0.99,10.93340862338774,0.2240628474131543,217.77893928477587
1.4346965441335608,0.01,0.0009993204896932,0.0038414120684299,67.72094335440066
1.4346965441335608,0.0242028985507246,0.002415778750529,0.0091864994285855,28.625761734750345
1.4346965441335608,0.0384057971014492,0.0038309955725345,0.0144049800399514,18.46232230563816
1.4346965441335608,0.0526086956521739,0.0052473867228866,0.019500625931114,13.79894771082843
1.4346965441335608,0.0668115942028985,0.00666744280934,0.0244771290057861,11.128543957606826
1.4346965441335608,0.0810144927536231,0.0080937389464026,0.0293381036866815,9.403404416212132
1.4346965441335608,0.0952173913043478,0.0095289453055119,0.0340870892867959,8.200965743432857
1.4346965441335608,0.1094202898550724,0.0109758388050853,0.0387275525910458,7.31808779593909
1.4346965441335608,0.1236231884057971,0.0124373156535889,0.0432628903922935,6.645009315775239
1.4346965441335608,0.1378260869565217,0.0139164052991592,0.0476964319990664,6.1172366823103
1.4346965441335608,0.1520289855072464,0.0154162856412305,0.0520314417394869,5.69440076104126
1.4346965441335608,0.166231884057971,0.016940299917432,0.0562711214309925,5.349952847487041
1.4346965441335608,0.1804347826086956,0.0184919752977534,0.0604186128689809,5.065727267023495
1.4346965441335608,0.1946376811594203,0.0200750433114013,0.0644770002906918,4.82888477303718
1.4346965441335608,0.2088405797101449,0.0216934627746057,0.0684493128493674,4.630103460806012
1.4346965441335608,0.2230434782608695,0.0233514451186566,0.0723385270797943,4.462461056128599
1.4346965441335608,0.2372463768115942,0.025053482522977,0.0761475693853217,4.3207188963746725
1.4346965441335608,0.2514492753623188,0.0268043795492114,0.0798793185287521,4.200848860520548
1.4346965441335608,0.2656521739130435,0.0286092883823536,0.0835366081384127,4.09971229583357
1.4346965441335608,0.2798550724637681,0.030473748384054,0.0871222292493286,4.014837005299444
1.4346965441335608,0.2940579710144927,0.0324037306263921,0.0906389328556083,3.9442591875925688
1.4346965441335608,0.3082608695652174,0.0344056880238336,0.0940894325160587,3.886409407171617
1.4346965441335608,0.322463768115942,0.0364866119808081,0.097476406988854,3.840029078117661
1.4346965441335608,0.3366666666666666,0.0386540966372427,0.1008025029260444,3.8041085107546646
1.4346965441335608,0.3508695652173913,0.0409164116559251,0.1040703376210978,3.777840450166204
1.4346965441335608,0.365072463768116,0.0432825853602334,0.1072825018247283,3.7605849946580734
1.4346965441335608,0.3792753623188406,0.0457624994005835,0.1104415626376049,3.751842947805645
1.4346965441335608,0.3934782608695652,0.0483669973566381,0.113550066490605,3.751235600205797
1.4346965441335608,0.4076811594202899,0.0511080093867031,0.1166105422244171,3.758489457062412
1.4346965441335608,0.4218840579710145,0.0539986958713578,0.1196255042818865,3.7734248756758864
1.4346965441335608,0.4360869565217391,0.0570536133941051,0.1225974560209819,3.795947857577928
1.4346965441335608,0.4502898550724638,0.0602889073380922,0.1255288931734509,3.826044472680724
1.4346965441335608,0.4644927536231884,0.0637225359167033,0.1284223074562469,3.863777533506257
1.4346965441335608,0.4786956521739131,0.0673745319845255,0.131280190364915,3.9092852941269736
1.4346965441335608,0.4928985507246377,0.0712673099501587,0.1341050371539323,3.962782027449506
1.4346965441335608,0.5071014492753623,0.0754260272646932,0.1368993510456329,4.024560449279054
1.4346965441335608,0.521304347826087,0.0798790117818406,0.1396656476740168,4.094996020438508
1.4346965441335608,0.5355072463768116,0.0846582694208147,0.1424064598102193,4.174553259125477
1.4346965441335608,0.5497101449275362,0.0898000901993032,0.1451243423826426,4.26379428669941
1.4346965441335608,0.5639130434782609,0.0953457751086418,0.1478218778435801,4.363389916447111
1.4346965441335608,0.5781159420289855,0.1013425128346402,0.1505016819087226,4.474133741196212
1.4346965441335608,0.5923188405797102,0.1078444432637651,0.1531664097252503,4.596959820782443
1.4346965441335608,0.6065217391304348,0.1149139553105953,0.1558187625071056,4.732964765581998
1.4346965441335608,0.6207246376811595,0.1226232813125112,0.158461494705266,4.883435287624461
1.4346965441335608,0.634927536231884,0.1310564690680966,0.1610974217659312,5.049882615963592
1.4346965441335608,0.6491304347826087,0.1403118397557201,0.1637294285637801,5.234085671902484
1.4346965441335608,0.6633333333333333,0.1505050758536515,0.1663604785743608,5.438145521600887
1.4346965441335608,0.677536231884058,0.1617731347806166,0.1689936238959557,5.664554545115949
1.4346965441335608,0.6917391304347826,0.1742792556963037,0.1716320162175794,5.916285015772163
1.4346965441335608,0.7059420289855073,0.188219431289265,0.1742789188647998,6.196903633205522
1.4346965441335608,0.7201449275362319,0.20383086648748,0.1769377200542846,6.510721177174948
1.4346965441335608,0.7343478260869566,0.2214031713143031,0.1796119475309423,6.862990431802597
1.4346965441335608,0.7485507246376812,0.2412933713725632,0.1823052847648691,7.2601714151093475
1.4346965441335608,0.7627536231884058,0.2639463405212678,0.1850215889320134,7.710292121193523
1.4346965441335608,0.7769565217391304,0.2899230778670239,0.1877649109279213,8.22344733481293
1.4346965441335608,0.7911594202898551,0.3199405697607442,0.1905395177089641,8.812501231114902
1.4346965441335608,0.8053623188405797,0.3549291635493351,0.193349917301821,9.494097868818562
1.4346965441335608,0.8195652173913044,0.3961171125544538,0.1962008868871627,10.290149211808096
1.4346965441335608,0.833768115942029,0.4451585578216241,0.199097504425837,11.230086305276128
1.4346965441335608,0.8479710144927537,0.5043333711994402,0.2020451843893493,12.354372688044553
1.4346965441335608,0.8621739130434782,0.5768707221803547,0.2050497182527409,13.720190583345392
1.4346965441335608,0.8763768115942029,0.6674959039919885,0.2081173205401999,15.411047300217716
1.4346965441335608,0.8905797101449275,0.7834033228283819,0.2112546813615113,17.55386386955074
1.4346965441335608,0.9047826086956522,0.9361006904830568,0.2144690265653709,20.351358485125505
1.4346965441335608,0.9189855072463768,1.1451936534275913,0.21776818687549,24.14849458615329
1.4346965441335608,0.9331884057971016,1.446998508292341,0.2211606776479598,29.58368431133454
1.4346965441335608,0.947391304347826,1.917107391805136,0.2246557912604379,37.98491900953227
1.4346965441335608,0.9615942028985508,2.7430248335749616,0.2282637045827096,52.64486505492822
1.4346965441335608,0.9757971014492756,4.552558882128994,0.2319956045494639,84.58552674922505
1.4346965441335608,0.99,11.54069065468119,0.2358638355675833,207.4479209611437
1.4818834621276489,0.01,0.0011509748637247,0.0041228008180065,67.71441518556422
1.4818834621276489,0.0242028985507246,0.0027819732503998,0.0098593917627659,28.61888453825993
1.4818834621276489,0.0384057971014492,0.0044109894004517,0.01546001569795,18.45508938773055
1.4818834621276489,0.0526086956521739,0.0060407345181104,0.0209286709071832,13.791339562487057
1.4818834621276489,0.0668115942028985,0.0076740008893249,0.0262692684796078,11.120540263953682
1.4818834621276489,0.0810144927536231,0.0093136724215118,0.0314856358135565,9.394983537053514
1.4818834621276489,0.0952173913043478,0.0109627363346013,0.0365815191214822,8.192104734726785
1.4818834621276489,0.1094202898550724,0.0126242958212863,0.0415605862394646,7.308762217090871
1.4818834621276489,0.1236231884057971,0.014301583681985,0.0464264291335366,6.635193136928776
1.4818834621276489,0.1378260869565217,0.0159979775697223,0.0511825665248381,6.106902191661644
1.4818834621276489,0.1520289855072464,0.0177170164964001,0.0558324464798506,5.683518434492416
1.4818834621276489,0.166231884057971,0.0194624190734122,0.0603794489387187,5.33849118108257
1.4818834621276489,0.1804347826086956,0.021238103697344,0.0648268882827462,5.053652613935975
1.4818834621276489,0.1946376811594203,0.0230482107777687,0.0691780158324676,4.816161194925782
1.4818834621276489,0.2088405797101449,0.0248971274200867,0.073436022374365,4.616692522956512
1.4818834621276489,0.2230434782608695,0.0267895147859225,0.0776040406656327,4.4483216070586495
1.4818834621276489,0.2372463768115942,0.02873033861759,0.0816851479386141,4.305806854554975
1.4818834621276489,0.2514492753623188,0.0307249031996076,0.0856823684086068,4.185116944971331
1.4818834621276489,0.2656521739130435,0.0327788894184905,0.089598675782937,4.0831097452017335
1.4818834621276489,0.2798550724637681,0.0348983973625924,0.0934369957940936,3.9973092670113375
1.4818834621276489,0.2940579710144927,0.0370899942003953,0.0972002087297687,3.925747568216864
1.4818834621276489,0.3082608695652174,0.0393607680324183,0.1008911520002904,3.866850682160365
1.4818834621276489,0.322463768115942,0.0417183888228434,0.104512622731678,3.819355067805599
1.4818834621276489,0.3366666666666666,0.0441711771836585,0.1080673803809664,3.7822455929055834
1.4818834621276489,0.3508695652173913,0.0467281825406904,0.1115581494117569,3.754709029790851
1.4818834621276489,0.365072463768116,0.0493992720272846,0.1149876220019113,3.7360988962274577
1.4818834621276489,0.3792753623188406,0.0521952319074231,0.1183584608163086,3.725908745288933
1.4818834621276489,0.3934782608695652,0.0551278835495667,0.1216733018427278,3.723751852129899
1.4818834621276489,0.4076811594202899,0.0582102166861935,0.1249347572999718,3.729345853441752
1.4818834621276489,0.4218840579710145,0.0614565426023725,0.1281454186344185,3.742501265192243
1.4818834621276489,0.4360869565217391,0.0648826711963143,0.1313078596131532,3.763113150243359
1.4818834621276489,0.4502898550724638,0.0685061161281018,0.1344246395181459,3.791155389463319
1.4818834621276489,0.4644927536231884,0.0723463332939871,0.1374983064675073,3.826677180752492
1.4818834621276489,0.4786956521739131,0.0764249992538288,0.1405314008746819,3.869801531397676
1.4818834621276489,0.4928985507246377,0.0807663374530288,0.1435264590520761,3.920725598525736
1.4818834621276489,0.5071014492753623,0.0853975019768154,0.1464860169899812,3.9797228254444383
1.4818834621276489,0.521304347826087,0.0903490309898958,0.1494126143226235,4.047146909963876
1.4818834621276489,0.5355072463768116,0.0956553849537791,0.1523087985063387,4.123437720255509
1.4818834621276489,0.5497101449275362,0.1013555884743667,0.155177129228866,4.209129359594268
1.4818834621276489,0.5639130434782609,0.1074939997692157,0.1580201830859934,4.304860688895333
1.4818834621276489,0.5781159420289855,0.1141212378581571,0.160840558543544,4.411388722190318
1.4818834621276489,0.5923188405797102,0.1212953065953367,0.1636408812292408,4.52960548008561
1.4818834621276489,0.6065217391304348,0.1290829652467906,0.1664238095822316,4.660559050680514
1.4818834621276489,0.6207246376811595,0.1375614111392883,0.1691920409095575,4.805479886713076
1.4818834621276489,0.634927536231884,0.1468203595072596,0.1719483178917354,4.965813672356507
1.4818834621276489,0.6491304347826087,0.1569646338437514,0.1746954355921632,5.143262560261348
1.4818834621276489,0.6633333333333333,0.1681174184328181,0.1774362490310169,5.339837199228297
1.4818834621276489,0.677536231884058,0.1804243777659881,0.1801736813880171,5.557922818522761
1.4818834621276489,0.6917391304347826,0.194058923832978,0.1829107329147998,5.800363870789979
1.4818834621276489,0.7059420289855073,0.2092290205505802,0.1856504906390943,6.070573467072376
1.4818834621276489,0.7201449275362319,0.2261860729021682,0.1883961389642856,6.37267637690285
1.4818834621276489,0.7343478260869566,0.2452366832774855,0.1911509712761958,6.711698138053645
1.4818834621276489,0.7485507246376812,0.2667584106819139,0.1939184026799549,7.093818472791786
1.4818834621276489,0.7627536231884058,0.2912212133646451,0.1967019840273469,7.526715942954522
1.4818834621276489,0.7769565217391304,0.3192171122449478,0.1995054173934518,8.020044506320291
1.4818834621276489,0.7911594202898551,0.3515019925844061,0.2023325732055672,8.586104733250302
1.4818834621276489,0.8053623188405797,0.3890557511792922,0.2051875092512332,9.240809137944463
1.4818834621276489,0.8195652173913044,0.4331709035758297,0.2080744918253482,10.005103640649615
1.4818834621276489,0.833768115942029,0.4855866837531843,0.2109980193283932,10.907117997196442
1.4818834621276489,0.8479710144927537,0.5486983981356036,0.2139628486699643,11.985521892980932
1.4818834621276489,0.8621739130434782,0.6258963353737056,0.2169740248984077,13.294956423532344
1.4818834621276489,0.8763768115942029,0.7221384450728204,0.2200369145467709,14.915210039915594
1.4818834621276489,0.8905797101449275,0.8449692215726615,0.223157243282811,16.96754127007155
1.4818834621276489,0.9047826086956522,1.0064507333653847,0.2263411385392753,19.645610456251077
1.4818834621276489,0.9189855072463768,1.2271252388566634,0.2295951779523607,23.278948704257942
1.4818834621276489,0.9331884057971016,1.5450326158213843,0.2329264445770757,28.47738171703724
1.4818834621276489,0.947391304347826,2.03933536970239,0.236342590045384,36.50939786894584
1.4818834621276489,0.9615942028985508,2.906365795481162,0.2398519070808619,50.52006747131531
1.4818834621276489,0.9757971014492756,4.803434699816105,0.2434634130576647,81.03720974412242
1.4818834621276489,0.99,12.12249834277045,0.2471869466786077,198.39972569665292
1.5306223495879523,0.01,0.0013079881043048,0.0043952306245256,67.70807366433671
1.5306223495879523,0.0242028985507246,0.0031610237395603,0.0105108544669366,28.61223027506084
1.5306223495879523,0.0384057971014492,0.005011203188673,0.0164814438389364,18.448093986888416
1.5306223495879523,0.0526086956521739,0.0068615313545697,0.0223112107542404,13.78398446565619
1.5306223495879523,0.0668115942028985,0.008715100278506,0.0280042745302532,11.112806073998131
1.5306223495879523,0.0810144927536231,0.0105751003755702,0.0335646647063825,9.38684986906386
1.5306223495879523,0.0952173913043478,0.0124448329767938,0.0389963239158368,8.183549883509823
1.5306223495879523,0.1094202898550724,0.0143277239293007,0.0443031105909217,7.299763084635862
1.5306223495879523,0.1236231884057971,0.0162273384160179,0.0494888016142064,6.625725183298106
1.5306223495879523,0.1378260869565217,0.0181473973180115,0.0545570950979613,6.096939301444158
1.5306223495879523,0.1520289855072464,0.0200917948534506,0.0595116129575901,5.6730327763252095
1.5306223495879523,0.166231884057971,0.0220646183600816,0.0643559035714709,5.327453105120233
1.5306223495879523,0.1804347826086956,0.0240701697856087,0.0690934443649337,5.042030487475095
1.5306223495879523,0.1946376811594203,0.0261129896096375,0.0737276443922804,4.803921247302677
1.5306223495879523,0.2088405797101449,0.0281978832437466,0.078261846902939,4.603798665994663
1.5306223495879523,0.2230434782608695,0.0303299503441487,0.0826993318682264,4.434735245954739
1.5306223495879523,0.2372463768115942,0.0325146174007152,0.0870433185285871,4.291486668418946
1.5306223495879523,0.2514492753623188,0.0347576741265411,0.0912969679078878,4.170018662020575
1.5306223495879523,0.2656521739130435,0.0370653139731946,0.0954633853371688,4.06718587546763
1.5306223495879523,0.2798550724637681,0.0394441796344461,0.0995456229781717,3.980508817300747
1.5306223495879523,0.2940579710144927,0.0419014140973831,0.103546682341542,3.908015726725885
1.5306223495879523,0.3082608695652174,0.0444447179785661,0.1074695168256941,3.848128465939258
1.5306223495879523,0.322463768115942,0.0470824143028966,0.1113170342684834,3.79957892472343
1.5306223495879523,0.3366666666666666,0.0498235217785306,0.1150920995097918,3.761346970494594
1.5306223495879523,0.3508695652173913,0.052677837743085,0.1187975369937041,3.732613883257139
1.5306223495879523,0.365072463768116,0.0556560326286216,0.1224361333937476,3.7127271442809513
1.5306223495879523,0.3792753623188406,0.0587697574810843,0.1260106402787739,3.701173653259616
1.5306223495879523,0.3934782608695652,0.0620317670478226,0.1295237768274268,3.697559347877952
1.5306223495879523,0.4076811594202899,0.0654560608086733,0.1329782325908569,3.701593745653133
1.5306223495879523,0.4218840579710145,0.0690580452698352,0.136376670325807,3.713078368562368
1.5306223495879523,0.4360869565217391,0.0728547212297198,0.1397217288879025,3.731898291195972
1.5306223495879523,0.4502898550724638,0.076864900625169,0.1430160262176028,3.758016274585655
1.5306223495879523,0.4644927536231884,0.0811094585193858,0.1462621624055418,3.7914691115350663
1.5306223495879523,0.4786956521739131,0.0856116270243296,0.1494627228694947,3.832365934199856
1.5306223495879523,0.4928985507246377,0.0903973394548176,0.1526202816414911,3.880888338547821
1.5306223495879523,0.5071014492753623,0.0954956348842705,0.1557374047879282,3.937292265853528
1.5306223495879523,0.521304347826087,0.1009391359506593,0.1588166539701363,4.001911674048983
1.5306223495879523,0.5355072463768116,0.10676461552898,0.161860590168419,4.075164096190198
1.5306223495879523,0.5497101449275362,0.1130136721185441,0.1648717775847114,4.1575582801993765
1.5306223495879523,0.5639130434782609,0.119733539048562,0.1678527877452184,4.249704202807404
1.5306223495879523,0.5781159420289855,0.1269780589423929,0.1708062038244409,4.352325850897007
1.5306223495879523,0.5923188405797102,0.1348088644118896,0.1737346252182576,4.466277331392632
1.5306223495879523,0.6065217391304348,0.1432968168392968,0.1766406723893963,4.592563022993265
1.5306223495879523,0.6207246376811595,0.1525237719145647,0.1795269920218752,4.732362760334156
1.5306223495879523,0.634927536231884,0.162584760637847,0.182396262513045,4.887063320082169
1.5306223495879523,0.6491304347826087,0.1735907045195266,0.1852511998487734,5.05829794515248
1.5306223495879523,0.6633333333333333,0.1856718229213711,0.1880945638964419,5.247996211725448
1.5306223495879523,0.677536231884058,0.1989819469198063,0.1909291651738246,5.458447387223523
1.5306223495879523,0.6917391304347826,0.2137040325271512,0.1937578721409568,5.692381577795231
1.5306223495879523,0.7059420289855073,0.2300572801724613,0.1965836190811842,5.953074654519302
1.5306223495879523,0.7201449275362319,0.248306431605203,0.1994094146409816,6.244485355870251
1.5306223495879523,0.7343478260869566,0.2687740614873381,0.2022383511028952,6.571436605581631
1.5306223495879523,0.7485507246376812,0.291857048381859,0.2050736144893785,6.939858474183612
1.5306223495879523,0.7627536231884058,0.3180489793980732,0.2079184955907594,7.357118615228514
1.5306223495879523,0.7769565217391304,0.3479711360124766,0.2107764020403273,7.83247914786233
1.5306223495879523,0.7911594202898551,0.382416148787744,0.2136508715663369,8.377740150718935
1.5306223495879523,0.8053623188405797,0.4224107973256236,0.2165455865731874,9.008165098943351
1.5306223495879523,0.8195652173913044,0.4693085084898359,0.2194643902278341,9.743843558712816
1.5306223495879523,0.833768115942029,0.5249293225778017,0.2224113042522895,10.611752673878634
1.5306223495879523,0.8479710144927537,0.5917783771220331,0.2253905486557019,11.648974404779889
1.5306223495879523,0.8621739130434782,0.6733995579807892,0.2284065636719354,12.907902224158228
1.5306223495879523,0.8763768115942029,0.7749730360537986,0.2314640342240572,14.465037227846445
1.5306223495879523,0.8905797101449275,0.9043783070387694,0.2345679172722765,16.43663507230521
1.5306223495879523,0.9047826086956522,1.0742088094980125,0.2377234724743111,19.008356947250917
1.5306223495879523,0.9189855072463768,1.3059059300467477,0.2409362966663644,22.496110293809927
1.5306223495879523,0.9331884057971016,1.6391662434911287,0.2442123627413469,27.4844917893565
1.5306223495879523,0.947391304347826,2.1565874715888267,0.2475580636338512,35.18948604235777
1.5306223495879523,0.9615942028985508,3.063001459444359,0.2509802622306023,48.625946316624926
1.5306223495879523,0.9757971014492756,5.04413696010552,0.2544863481928597,77.88572925989668
1.5306223495879523,0.99,12.681720241997828,0.258084302869618,190.394757878904
1.5809642505183286,0.01,0.0014695479054906,0.0046589849616816,67.70194269340263
1.5809642505183286,0.0242028985507246,0.0035509683757446,0.0111415704414612,28.6057924816541
1.5809642505183286,0.0384057971014492,0.005628527004069,0.0174703368203765,18.44132823701561
1.5809642505183286,0.0526086956521739,0.0077055201719867,0.0236497003471081,13.776873697009876
1.5809642505183286,0.0668115942028985,0.0097853363771578,0.0296839784450523,11.10533194217319
1.5809642505183286,0.0810144927536231,0.0118714689784374,0.035577393255067,9.37899303638925
1.5809642505183286,0.0952173913043478,0.0139675291401279,0.0413340741806553,8.175289807456249
1.5809642505183286,0.1094202898550724,0.0160772606236695,0.0469580609102191,7.291077967311767
1.5809642505183286,0.1236231884057971,0.0182045555390525,0.0524533060978028,6.616591867422371
1.5809642505183286,0.1378260869565217,0.0203534716746567,0.0578236782084945,6.087333128200792
1.5809642505183286,0.1520289855072464,0.0225282515781833,0.06307296419769,5.662927530509526
1.5809642505183286,0.166231884057971,0.0247333433176229,0.0682048722211333,5.316820844906426
1.5809642505183286,0.1804347826086956,0.0269734236015947,0.073223034294287,5.030841437633493
1.5809642505183286,0.1946376811594203,0.0292534230814552,0.0781310089177345,4.792143642035256
1.5809642505183286,0.2088405797101449,0.0315785544486509,0.0829322836850006,4.591398589819469
1.5809642505183286,0.2230434782608695,0.0339543435305927,0.087630277870725,4.421676451353283
1.5809642505183286,0.2372463768115942,0.0363866639238714,0.0922283449853297,4.277730386687352
1.5809642505183286,0.2514492753623188,0.0388817754899413,0.0967297753239516,4.155523380808775
1.5809642505183286,0.2656521739130435,0.0414463673728003,0.1011377984961081,4.051907107039372
1.5809642505183286,0.2798550724637681,0.0440876061288254,0.10545558595293,3.9643988349655577
1.5809642505183286,0.2940579710144927,0.0468131896867759,0.109686253499502,3.891023268768822
1.5809642505183286,0.3082608695652174,0.0496314080800997,0.1138328638116185,3.8301984188751534
1.5809642505183286,0.322463768115942,0.0525512117960532,0.1178984289595199,3.780651961656301
1.5809642505183286,0.3366666666666666,0.0555822891953316,0.1218859129285045,3.7413591528729646
1.5809642505183286,0.3508695652173913,0.0587351539756352,0.1257982341628653,3.711496212776106
1.5809642505183286,0.365072463768116,0.0620212448652571,0.1296382681193341,3.690405067393015
1.5809642505183286,0.3792753623188406,0.0654530388483555,0.1334088498531354,3.677566500180932
1.5809642505183286,0.3934782608695652,0.0690441808493054,0.1371127766229926,3.6725797063152728
1.5809642505183286,0.4076811594202899,0.0728096321417857,0.1407528105430025,3.675146753393838
1.5809642505183286,0.4218840579710145,0.076765841096104,0.1443316812667729,3.685060917226413
1.5809642505183286,0.4360869565217391,0.0809309399628324,0.1478520887294589,3.702198120348404
1.5809642505183286,0.4502898550724638,0.0853249728354051,0.1513167059436441,3.726510950834362
1.5809642505183286,0.4644927536231884,0.0899701601310507,0.1547281818612346,3.7580248598996913
1.5809642505183286,0.4786956521739131,0.0948912070897483,0.1580891443148822,3.796836306044279
1.5809642505183286,0.4928985507246377,0.1001156647414396,0.161402203036646,3.843112685422591
1.5809642505183286,0.5071014492753623,0.1056743540359223,0.1646699527827479,3.897093986386489
1.5809642505183286,0.521304347826087,0.1116018664875661,0.1678949765569222,3.959096191822118
1.5809642505183286,0.5355072463768116,0.1179371574903647,0.1710798489632196,4.029516513454202
1.5809642505183286,0.5497101449275362,0.1247242534291417,0.1742271396857108,4.108840657093735
1.5809642505183286,0.5639130434782609,0.1320130981156839,0.1773394171239353,4.19765237401127
1.5809642505183286,0.5781159420289855,0.1398605719106962,0.1804192521933881,4.296645696029175
1.5809642505183286,0.5923188405797102,0.1483317257195785,0.1834692223163475,4.406640374629972
1.5809642505183286,0.6065217391304348,0.1575012843232108,0.186491915612209,4.528601223855938
1.5809642505183286,0.6207246376811595,0.1674554901331272,0.1894899353258316,4.663662304056527
1.5809642505183286,0.634927536231884,0.1782943799611717,0.1924659045075502,4.813157174485905
1.5809642505183286,0.6491304347826087,0.1901346184937803,0.1954224709786046,4.978656885112567
1.5809642505183286,0.6633333333333333,0.2031130525480498,0.1983623126119074,5.162017914173018
1.5809642505183286,0.677536231884058,0.2173912095937871,0.2012881429649637,5.365443088518248
1.5809642505183286,0.6917391304347826,0.2331610449731877,0.2042027173015153,5.591559611559076
1.5809642505183286,0.7059420289855073,0.2506523613829547,0.2071088390489488,5.843519962069814
1.5809642505183286,0.7201449275362319,0.2701424949286392,0.2100093667409008,6.125133739776456
1.5809642505183286,0.7343478260869566,0.2919691176267369,0.2129072214970026,6.441042024820665
1.5809642505183286,0.7485507246376812,0.3165473893568799,0.2158053951074885,6.796951023576775
1.5809642505183286,0.7627536231884058,0.3443932836957968,0.2187069587900021,7.199949828687435
1.5809642505183286,0.7769565217391304,0.3761558414030755,0.2216150726990034,7.658949765411113
1.5809642505183286,0.7911594202898551,0.4126626037649204,0.2245329962803422,8.185303185724718
1.5809642505183286,0.8053623188405797,0.4549849613803104,0.227464099571168,8.793693367405144
1.5809642505183286,0.8195652173913044,0.5045343944987769,0.2304118755645275,9.5034448663412
1.5809642505183286,0.833768115942029,0.5632080860750831,0.2333799537734355,10.34050579773928
1.5809642505183286,0.8479710144927537,0.6336162000749218,0.2363721151427283,11.340541435610778
1.5809642505183286,0.8621739130434782,0.7194497416451092,0.2393923084923757,12.553940776874756
1.5809642505183286,0.8763768115942029,0.8261020670494058,0.2424446686848752,14.054274505598745
1.5809642505183286,0.8905797101449275,0.96177452575801,0.2455335367593557,15.953340352112916
1.5809642505183286,0.9047826086956522,1.1395717516632922,0.2486634822955358,18.42967398232861
1.5809642505183286,0.9189855072463768,1.3818011190983035,0.2518393283225854,21.787050262354818
1.5809642505183286,0.9331884057971016,1.729756345586144,0.2550661791351134,26.587602636246565
1.5809642505183286,0.947391304347826,2.2693492756147933,0.2583494514473525,34.0005745417641
1.5809642505183286,0.9615942028985508,3.213615792697477,0.2616949093731964,46.92490518692712
1.5809642505183286,0.9757971014492756,5.27572272281876,0.2651087038263121,75.06439514024598
1.5809642505183286,0.99,13.220647726876306,0.2685974170218748,183.25214609253035
1.6329618877509782,0.01,0.0016349090079229,0.0049143404730085,67.69601483272207
1.6329618877509782,0.0242028985507246,0.0039500064641349,0.0117522007239981,28.5995635425626
1.6329618877509782,0.0384057971014492,0.0062601087095915,0.0184277327208415,18.434784533156986
1.6329618877509782,0.0526086956521739,0.0085687994466564,0.024945547443361,13.76999871880581
1.6329618877509782,0.0668115942028985,0.0108797600002241,0.0313101517587972,11.098108592865623
1.6329618877509782,0.0810144927536231,0.0131967818519381,0.0375259514637393,9.37140296439732
1.6329618877509782,0.0952173913043478,0.0155237809142065,0.0435972541647245,8.167313572273327
1.6329618877509782,0.1094202898550724,0.01786481312515,0.0495282723330308,7.2826949596825745
1.6329618877509782,0.1236231884057971,0.0202240911005973,0.0553231261416463,6.607780185834424
1.6329618877509782,0.1378260869565217,0.0226060025839322,0.0609858463151889,6.078069516290151
1.6329618877509782,0.1520289855072464,0.0250151304589241,0.0665203769440523,5.653187228037045
1.6329618877509782,0.166231884057971,0.027456274963224,0.0719305782232823,5.306577515909354
1.6329618877509782,0.1804347826086956,0.0299344779789304,0.0772202291943871,5.020067033582452
1.6329618877509782,0.1946376811594203,0.0324550496706814,0.0823930304343956,4.780808246577389
1.6329618877509782,0.2088405797101449,0.0350235983799289,0.0874526067056891,4.579470292369797
1.6329618877509782,0.2230434782608695,0.0376460632558757,0.0924025095761355,4.409121175980021
1.6329618877509782,0.2372463768115942,0.0403287508148481,0.0972462200173488,4.264511712312947
1.6329618877509782,0.2514492753623188,0.0430783754737829,0.1019871509824966,4.141602341050948
1.6329618877509782,0.2656521739130435,0.0459021048833675,0.1066286499489314,4.03724197459183
1.6329618877509782,0.2798550724637681,0.0488076105005,0.1111740014563265,3.9489448762965993
1.6329618877509782,0.2940579710144927,0.051803124419328,0.115626429615813,3.874732481546852
1.6329618877509782,0.3082608695652174,0.0548975031039839,0.1199891006232604,3.813019231872254
1.6329618877509782,0.322463768115942,0.058100299249731,0.1242651252561359,3.762528908625638
1.6329618877509782,0.3366666666666666,0.0614218429901966,0.1284575613656567,3.7222325042081854
1.6329618877509782,0.3508695652173913,0.0648733337256538,0.1325694163793988,3.691301570050787
1.6329618877509782,0.365072463768116,0.0684669445646218,0.1366036498008258,3.66907290360964
1.6329618877509782,0.3792753623188406,0.0722159410872599,0.1405631757229132,3.655021652358127
1.6329618877509782,0.3934782608695652,0.0761348171275287,0.1444508653568445,3.648740801308068
1.6329618877509782,0.4076811594202899,0.0802394501415089,0.1482695495806748,3.649925562505136
1.6329618877509782,0.4218840579710145,0.084547279869788,0.1520220215165076,3.658361627583975
1.6329618877509782,0.4360869565217391,0.089077514199135,0.1557110391352546,3.673916513724897
1.6329618877509782,0.4502898550724638,0.0938513674098704,0.159339327907282,3.6965334687353706
1.6329618877509782,0.4644927536231884,0.0988923365913976,0.1629095834900119,3.7262275434021657
1.6329618877509782,0.4786956521739131,0.1042265237404207,0.1664244744759252,3.763083581803863
1.6329618877509782,0.4928985507246377,0.1098830126816965,0.1698866451952111,3.807255979893678
1.6329618877509782,0.5071014492753623,0.1158943116635821,0.1732987185940345,3.858970134480348
1.6329618877509782,0.521304347826087,0.1222968753948784,0.1766632991836078,3.9185255965183687
1.6329618877509782,0.5355072463768116,0.1291317238598517,0.1799829760850418,3.986301024272705
1.6329618877509782,0.5497101449275362,0.1364451791115451,0.1832603261688006,4.062761098564977
1.6329618877509782,0.5639130434782609,0.1442897471798147,0.1864979173065662,4.148465664963624
1.6329618877509782,0.5781159420289855,0.1527251793796179,0.1896983117473997,4.244081471465027
1.6329618877509782,0.5923188405797102,0.1618197569958343,0.1928640696356788,4.350397007130858
1.6329618877509782,0.6065217391304348,0.1716518557836423,0.1959977526767524,4.46834111175978
1.6329618877509782,0.6207246376811595,0.182311864120821,0.1991019279791707,4.599006260180726
1.6329618877509782,0.634927536231884,0.1939045511132242,0.2021791720857752,4.743677709008897
1.6329618877509782,0.6491304347826087,0.2065520124567159,0.2052320752162211,4.903870100818807
1.6329618877509782,0.6633333333333333,0.2203973651492634,0.2082632457442028,5.081373673746278
1.6329618877509782,0.677536231884058,0.2356094221825704,0.2112753149341179,5.278312984302391
1.6329618877509782,0.6917391304347826,0.2523886636716682,0.2142709419677704,5.497222134269987
1.6329618877509782,0.7059420289855073,0.2709749434883022,0.2172528192906712,5.741142048345576
1.6329618877509782,0.7201449275362319,0.2916575483150516,0.2202236783150527,6.013747596411416
1.6329618877509782,0.7343478260869566,0.3147884904421401,0.2231862955178574,6.319515704194341
1.6329618877509782,0.7485507246376812,0.3408003137995887,0.2261434989780747,6.663950632156976
1.6329618877509782,0.7627536231884058,0.3702303054014324,0.2290981754023293,7.05389035162365
1.6329618877509782,0.7769565217391304,0.4037539691131656,0.2320532776953427,7.497930154183104
1.6329618877509782,0.7911594202898551,0.4422321721137573,0.2350118331395748,8.007019272966414
1.6329618877509782,0.8053623188405797,0.4867789508821694,0.2379769522463337,8.595318890713289
1.6329618877509782,0.8195652173913044,0.5388613617375765,0.2409518383696991,9.281465527027745
1.6329618877509782,0.833768115942029,0.6004505448013151,0.2439397981618316,10.090482253319706
1.6329618877509782,0.8479710144927537,0.6742574965677369,0.2469442529808106,11.056761373922164
1.6329618877509782,0.8621739130434782,0.7641146601021639,0.2499687513601284,12.22889146037702
1.6329618877509782,0.8763768115942029,0.8756206083222062,0.2530169826768436,13.677811990996885
1.6329618877509782,0.8905797101449275,1.017286878910505,0.2560927921666532,15.51131910631415
1.6329618877509782,0.9047826086956522,1.2027112867746184,0.2592001974585979,17.901553901687112
1.6329618877509782,0.9189855072463768,1.4550374161457185,0.2623434068332548,21.14140535184432
1.6329618877509782,0.9331884057971016,1.8171023062105385,0.2655268394241745,25.772854824141888
1.6329618877509782,0.947391304347826,2.378021954225725,0.2687551476349848,32.92321795907786
1.6329618877509782,0.9615942028985508,3.3587669302332537,0.2720332420721624,45.38746360539172
1.6329618877509782,0.9757971014492756,5.49904690899591,0.2753663193542884,72.52133414617454
1.6329618877509782,0.99,13.741128725860747,0.2787598932014301,176.8323950575306
1.6866697181628167,0.01,0.0018033876738462,0.005161564685467,67.69028587435916
1.6866697181628167,0.0242028985507246,0.0043564874352803,0.0123433856138586,28.593536448611125
1.6866697181628167,0.0384057971014492,0.0069033350266855,0.0193546361634682,18.42845503652286
1.6866697181628167,0.0526086956521739,0.0094477975644225,0.0262001144305012,13.76335154858132
1.6866697181628167,0.0668115942028985,0.0119938438559774,0.0328845082683421,11.091127207445146
1.6866697181628167,0.0810144927536231,0.0145455583809677,0.0394123991606117,9.364070022815376
1.6866697181628167,0.0952173913043478,0.0171071560762588,0.0457882651203276,8.159610724625065
1.6866697181628167,0.1094202898550724,0.019682998529393,0.0520164837816242,7.274602664480272
1.6866697181628167,0.1236231884057971,0.0222776120070904,0.0581013353484469,6.599277760748418
1.6866697181628167,0.1378260869565217,0.0248957063834735,0.0640470055243093,6.069134952678617
1.6866697181628167,0.1520289855072464,0.0275421966585091,0.0698575883982045,5.64379716398004
1.6866697181628167,0.166231884057971,0.0302222259969166,0.075537089267495,5.296707093859071
1.6866697181628167,0.1804347826086956,0.0329411913777721,0.0810894274503229,5.009689788266844
1.6866697181628167,0.1946376811594203,0.0357047716506197,0.0865184389999383,4.769895995656388
1.6866697181628167,0.2088405797101449,0.0385189587337342,0.0918278794413168,4.567992979370766
1.6866697181628167,0.2230434782608695,0.0413900920506701,0.0970214264226233,4.397046733297073
1.6866697181628167,0.2372463768115942,0.0443248966857882,0.1021026823582248,4.251805884597789
1.6866697181628167,0.2514492753623188,0.0473305259997506,0.1070751770220697,4.128228510140026
1.6866697181628167,0.2656521739130435,0.0504146090084815,0.1119423701336051,4.0231609529552745
1.6866697181628167,0.2798550724637681,0.0535853033963385,0.1167076538984389,3.934114688136771
1.6866697181628167,0.2940579710144927,0.0568513549102321,0.1213743555309565,3.859108114051663
1.6866697181628167,0.3082608695652174,0.0602221640493544,0.1259457397645516,3.79655236404564
1.6866697181628167,0.322463768115942,0.063707861152975,0.1304250113358249,3.745167608700631
1.6866697181628167,0.3366666666666666,0.0673193912257772,0.1348153174635226,3.703920892192351
1.6866697181628167,0.3508695652173913,0.0710686098907815,0.1391197503169615,3.671979446135231
1.6866697181628167,0.365072463768116,0.074968392279109,0.1433413494742373,3.6486753261189566
1.6866697181628167,0.3792753623188406,0.0790327570260597,0.1474831043878749,3.6334784713588606
1.6866697181628167,0.3934782608695652,0.0832770078099941,0.1515479568463726,3.625976132427925
1.6866697181628167,0.4076811594202899,0.0877178952763221,0.1555388034488116,3.6258571947858176
1.6866697181628167,0.4218840579710145,0.0923738032850629,0.1594584980905883,3.6329003603326577
1.6866697181628167,0.4360869565217391,0.0972649632194933,0.1633098544623084,3.646965402644038
1.6866697181628167,0.4502898550724638,0.1024137019923212,0.167095648579946,3.667986970789686
1.6866697181628167,0.4644927536231884,0.1078447297371398,0.1708186213350907,3.6959705466918704
1.6866697181628167,0.4786956521739131,0.1135854749665597,0.1744814810834418,3.7309903024589057
1.6866697181628167,0.4928985507246377,0.1196664763727108,0.1780869062742222,3.7731886937369112
1.6866697181628167,0.5071014492753623,0.1261218429624887,0.1816375481247443,3.822777723537033
1.6866697181628167,0.521304347826087,0.1329897966226048,0.1851360333498599,3.880041876912424
1.6866697181628167,0.5355072463768116,0.1403133148605857,0.188584966957341,3.9453428087103153
1.6866697181628167,0.5497101449275362,0.1481408960529519,0.1919869351075776,4.019125949300536
1.6866697181628167,0.5639130434782609,0.1565274749532893,0.1953445080600823,4.101929270512614
1.6866697181628167,0.5781159420289855,0.1655355243128839,0.1986602432051773,4.194394576125286
1.6866697181628167,0.5923188405797102,0.1752363877694507,0.2019366882003208,4.297281792875341
1.6866697181628167,0.6065217391304348,0.1857119028519341,0.2051763842164173,4.411486919034429
1.6866697181628167,0.6207246376811595,0.1970563901849774,0.2083818693098355,4.538064493393134
1.6866697181628167,0.634927536231884,0.2093791087904658,0.2115556819381913,4.6782557366765785
1.6866697181628167,0.6491304347826087,0.2228073098499945,0.2147003646252071,4.833523907650402
1.6866697181628167,0.6633333333333333,0.2374900657498089,0.2178184678063709,5.005598942071319
1.6866697181628167,0.677536231884058,0.2536031139590751,0.2209125538571341,5.1965341921586425
1.6866697181628167,0.6917391304347826,0.2713550430798596,0.2239852013409187,5.408779117808785
1.6866697181628167,0.7059420289855073,0.2909952756072368,0.2270390094873484,5.64527329255452
1.6866697181628167,0.7201449275362319,0.3128244856789958,0.2300766029347437,5.909569252204218
1.6866697181628167,0.7343478260869566,0.3372083642759065,0.2331006367583594,6.205994963191034
1.6866697181628167,0.7485507246376812,0.364596055447156,0.236113801820294,6.53987153633223
1.6866697181628167,0.7627536231884058,0.3955452221268324,0.239118830475227,6.917809320261181
1.6866697181628167,0.7769565217391304,0.4307566977518534,0.2421185026676361,7.348117293157194
1.6866697181628167,0.7911594202898551,0.471123287468786,0.2451156524681635,7.841379656477065
1.6866697181628167,0.8053623188405797,0.5177999491386336,0.2481131750945595,8.411285041684618
1.6866697181628167,0.8195652173913044,0.5723071347512981,0.2511140344717001,9.075847479801928
1.6866697181628167,0.833768115942029,0.6366871281888903,0.2541212713964522,9.859253445829811
1.6866697181628167,0.8479710144927537,0.7137480386886359,0.2571380123671552,10.794744381429982
1.6866697181628167,0.8621739130434782,0.8074586837060048,0.2601674791629091,11.929281626123094
1.6866697181628167,0.8763768115942029,0.9236157131455462,0.2632129992590017,13.331427186647511
1.6866697181628167,0.8905797101449275,1.071030343147398,0.2662780171735135,15.105362300445092
1.6866697181628167,0.9047826086956522,1.2637772496730133,0.2693661068616138,17.417452468196892
1.6866697181628167,0.9189855072463768,1.5258091080785177,0.2724809852859025,20.550755909784304
1.6866697181628167,0.9331884057971016,1.9014570359095928,0.2756265273048791,25.02905716154848
1.6866697181628167,0.947391304347826,2.4829401841026586,0.2788067820513706,31.94181495674199
1.6866697181628167,0.9615942028985508,3.4989157443615797,0.2820259909885272,43.99012709370366
1.6866697181628167,0.9757971014492756,5.714810351129964,0.2852886078658985,70.21549520907308
1.6866697181628167,0.99,14.244675129375205,0.2885993208259746,171.0259216687031
1.7421439897079016,0.01,0.001974356881106,0.0054009169912504,67.68472250239864
1.7421439897079016,0.0242028985507246,0.00476889943866,0.012915744354255,28.58770448038843
1.7421439897079016,0.0384057971014492,0.0075558148295211,0.0202520196787243,18.422332846894054
1.7421439897079016,0.0526086956521739,0.0103392482685231,0.027414719715008,13.75692417980269
1.7421439897079016,0.0668115942028985,0.0131234510979223,0.0344087059745142,11.084379255298304
1.7421439897079016,0.0810144927536231,0.0159127949204841,0.0412387284244436,9.356985029173082
1.7421439897079016,0.0952173913043478,0.0187117872720539,0.0479094283838594,8.152171227883136
1.7421439897079016,0.1094202898550724,0.021525088759088,0.05442534170192,7.266790206089982
1.7421439897079016,0.1236231884057971,0.0243575317066663,0.0607909018407707,6.591072731775823
1.7421439897079016,0.1378260869565217,0.0272141402861952,0.0670104428840544,6.060516565571597
1.7421439897079016,0.1520289855072464,0.0301001527907811,0.073088202496689,5.634743325870782
1.7421439897079016,0.166231884057971,0.0330210459313142,0.0790283248307983,5.287194325531409
1.7421439897079016,0.1804347826086956,0.0359825615582065,0.084834863369443,4.999693112344378
1.7421439897079016,0.1946376811594203,0.0389907361156023,0.0905117837600361,4.759388827200332
1.7421439897079016,0.2088405797101449,0.0420519330449175,0.0960629665540349,4.5569469845783726
1.7421439897079016,0.2230434782608695,0.0451728789446554,0.1014922099316113,4.385431699826198
1.7421439897079016,0.2372463768115942,0.0483607032769664,0.1068032323821523,4.239589563598584
1.7421439897079016,0.2514492753623188,0.0516229829118373,0.1119996753435792,4.115376450421131
1.7421439897079016,0.2656521739130435,0.0549677914418133,0.1170851057969102,4.009636311587722
1.7421439897079016,0.2798550724637681,0.0584037545176871,0.1220630188477558,3.919878027304795
1.7421439897079016,0.2940579710144927,0.0619401116765442,0.1269368402541617,3.8441171728891015
1.7421439897079016,0.3082608695652174,0.0655867857947219,0.1317099289480899,3.780761806655109
1.7421439897079016,0.322463768115942,0.0693544612789766,0.1363855795172244,3.728528746720158
1.7421439897079016,0.3366666666666666,0.0732546723316024,0.140967024673546,3.6863813761178896
1.7421439897079016,0.3508695652173913,0.0772999026290659,0.1454574377042327,3.653482915466154
1.7421439897079016,0.365072463768116,0.0815036987121247,0.1498599349064959,3.629161028802649
1.7421439897079016,0.3792753623188406,0.0858807987426342,0.1541775780094296,3.612880832045992
1.7421439897079016,0.3934782608695652,0.0904472795050778,0.158413376594463,3.604224266836283
1.7421439897079016,0.4076811594202899,0.0952207247095776,0.1625702905095704,3.602874370618361
1.7421439897079016,0.4218840579710145,0.1002204181651277,0.1666512322830519,3.608603381824381
1.7421439897079016,0.4360869565217391,0.1054675663534239,0.1706590695438502,3.6212639223690712
1.7421439897079016,0.4502898550724638,0.110985555598359,0.1745966274529722,3.6407827048567696
1.7421439897079016,0.4644927536231884,0.1168002505540198,0.1784666911444096,3.667156387284246
1.7421439897079016,0.4786956521739131,0.1229403415764102,0.1822720081911709,3.7004493016607967
1.7421439897079016,0.4928985507246377,0.1294377509422771,0.1860152910879255,3.740792905900426
1.7421439897079016,0.5071014492753623,0.1363281095742972,0.1896992197710516,3.788386874094019
1.7421439897079016,0.521304347826087,0.1436513191803764,0.1933264441635807,3.843501832012184
1.7421439897079016,0.5355072463768116,0.1514522178388455,0.1968995867745888,3.906483803502973
1.7421439897079016,0.5497101449275362,0.1597813723871855,0.2004212453354246,3.9777605328757937
1.7421439897079016,0.5639130434782609,0.1686960261455342,0.2038939954966235,4.057849911005673
1.7421439897079016,0.5781159420289855,0.1782612389500089,0.2073203935868165,4.147370854162842
1.7421439897079016,0.5923188405797102,0.1885512663904898,0.2107029794421247,4.247057101361745
1.7421439897079016,0.6065217391304348,0.1996512386795922,0.214044279316858,4.357774555932701
1.7421439897079016,0.6207246376811595,0.2116592181851413,0.2173468088846683,4.480543016389508
1.7421439897079016,0.634927536231884,0.2246887384302758,0.220613076338309,4.616563402700585
1.7421439897079016,0.6491304347826087,0.2388719614299602,0.2238455856060397,4.76725197388924
1.7421439897079016,0.6633333333333333,0.2543636361081881,0.2270468396878185,4.9342835425886
1.7421439897079016,0.677536231884058,0.271346104948824,0.2302193441368216,5.119646408297214
1.7421439897079016,0.6917391304347826,0.290035697198366,0.2333656106886614,5.325712745252802
1.7421439897079016,0.7059420289855073,0.310690977774741,0.2364881610688099,5.555329632032833
1.7421439897079016,0.7201449275362319,0.3336235113426564,0.2395895309838308,5.811938019970305
1.7421439897079016,0.7343478260869566,0.3592120835028309,0.2426722743257436,6.099730070070678
1.7421439897079016,0.7485507246376812,0.3879217461553823,0.2457389676073913,6.423859996280936
1.7421439897079016,0.7627536231884058,0.4203297094126414,0.2487922146559799,6.790730816685376
1.7421439897079016,0.7769565217391304,0.4571611327224358,0.2518346515891033,7.2083908291220276
1.7421439897079016,0.7911594202898551,0.4993395279450289,0.2548689521088931,7.687092015394481
1.7421439897079016,0.8053623188405797,0.5480592401732953,0.2578978331393698,8.240093086573784
1.7421439897079016,0.8195652173913044,0.6048921713252298,0.2609240608555134,8.884841932688367
1.7421439897079016,0.833768115942029,0.6719492287164439,0.2639504571376593,9.644764389336611
1.7421439897079016,0.8479710144927537,0.7521322878765283,0.2669799065009888,10.552055806929404
1.7421439897079016,0.8621739130434782,0.8495419641045842,0.2700153635502499,11.652198779393975
1.7421439897079016,0.8763768115942029,0.9701664999321028,0.2730598610242889,13.011595228392622
1.7421439897079016,0.8905797101449275,1.1231071976736569,0.2761165184901189,14.7311425777734
1.7421439897079016,0.9047826086956522,1.322900628480263,0.2791885517610172,16.97196044740169
1.7421439897079016,0.9189855072463768,1.5942835821094326,0.2822792831288288,20.008178908136674
1.7421439897079016,0.9331884057971016,1.9830357312651687,0.2853921524970582,24.34705773075921
1.7421439897079016,0.947391304347826,2.5843857355142736,0.2885307295272236,31.043679255000686
1.7421439897079016,0.9615942028985508,3.6344469227380634,0.2916987269184203,42.71390362431173
1.7421439897079016,0.9757971014492756,5.9235945506779615,0.2949000149602238,68.11389817323159
1.7421439897079016,0.99,14.732539772287009,0.2981386375122226,165.74525240943422
1.799442800325645,0.01,0.0021472430383807,0.0056326468653198,67.67934621551491
1.799442800325645,0.0242028985507246,0.0051858602347913,0.0134698768637002,28.58206197941633
1.799442800325645,0.0384057971014492,0.0082153624723491,0.0211208245592785,18.416410705933767
1.799442800325645,0.0526086956521739,0.0112401685609276,0.0285906391092783,13.750709174384108
1.799442800325645,0.0668115942028985,0.0142648064834638,0.0358843490219887,11.077856629734374
1.799442800325645,0.0810144927536231,0.0172939287049566,0.0430068660544595,9.350139095533615
1.799442800325645,0.0952173913043478,0.0203323288621038,0.0499629883236407,8.144985464470444
1.799442800325645,0.1094202898550724,0.0233849594596034,0.0567574036066392,7.259247118615454
1.799442800325645,0.1236231884057971,0.0264569513377901,0.0633946924739041,6.58315377239489
1.799442800325645,0.1378260869565217,0.0295536346476279,0.0698793314020053,6.052202045928199
1.799442800325645,0.1520289855072464,0.0326805622185036,0.0762156958041895,5.626012355720814
1.799442800325645,0.166231884057971,0.0358435347570344,0.0824080630142,5.278024710034747
1.799442800325645,0.1804347826086956,0.0390486287422003,0.0884606152060642,4.990061254475589
1.799442800325645,0.1946376811594203,0.0423022270478272,0.0943774422780427,4.749269616038182
1.799442800325645,0.2088405797101449,0.0456110528088412,0.1001625446586238,4.546313689043437
1.799442800325645,0.2230434782608695,0.0489822068910465,0.10581983608834,4.37425583051092
1.799442800325645,0.2372463768115942,0.052423209197446,0.1113531463412883,4.227840728343869
1.799442800325645,0.2514492753623188,0.0559420450396223,0.1167662238980887,4.103022201898348
1.799442800325645,0.2656521739130435,0.0595472163296085,0.1220627385898126,3.996641973934057
1.799442800325645,0.2798550724637681,0.0632477990118472,0.1272462841934661,3.906206503819896
1.799442800325645,0.2940579710144927,0.0670535073145594,0.1323203809927428,3.8297287379520952
1.799442800325645,0.3082608695652174,0.0709747658041938,0.1372884783042811,3.765613874199187
1.799442800325645,0.322463768115942,0.0750227904546053,0.1421539569765904,3.7125756105981935
1.799442800325645,0.3366666666666666,0.0792096801911878,0.1469201318490131,3.669573923643661
1.799442800325645,0.3508695652173913,0.0835485202941762,0.151590254206208,3.63576831172663
1.799442800325645,0.365072463768116,0.0880534997398211,0.1561675141854378,3.610482356945112
1.799442800325645,0.3792753623188406,0.0927400447580736,0.1606550431864249,3.5931766992005505
1.799442800325645,0.3934782608695652,0.0976249709385091,0.1650559162498482,3.583428356863586
1.799442800325645,0.4076811594202899,0.1027266575591122,0.1693731544352367,3.580914945065007
1.799442800325645,0.4218840579710145,0.1080652474751721,0.1736097271792208,3.585402716104824
1.799442800325645,0.4360869565217391,0.1136628774137103,0.1777685546572024,3.5967376688708947
1.799442800325645,0.4502898550724638,0.1195439440334625,0.181852510136211,3.614839173315432
1.799442800325645,0.4644927536231884,0.12573541257706,0.1858644223352994,3.63969572589015
1.799442800325645,0.4786956521739131,0.1322671760814725,0.1898070777911757,3.671362566201125
1.799442800325645,0.4928985507246377,0.1391724751689527,0.193683223227757,3.7099609925945103
1.799442800325645,0.5071014492753623,0.1464883908227446,0.1974955679515442,3.755679299170355
1.799442800325645,0.521304347826087,0.1542564251208012,0.2012467862565281,3.80877532448939
1.799442800325645,0.5355072463768116,0.1625231888140042,0.204939519858877,3.869580680589752
1.799442800325645,0.5497101449275362,0.1713412196446189,0.2085763803610238,3.93850681344715
1.799442800325645,0.5639130434782609,0.1807699610612989,0.2121599517476311,4.01605312017436
1.799442800325645,0.5781159420289855,0.1908769390639034,0.2156927929284054,4.10281744972438
1.799442800325645,0.5923188405797102,0.2017391859908913,0.2191774403230122,4.19950944884206
1.799442800325645,0.6065217391304348,0.2134449731869911,0.222616410506432,4.3069673503866674
1.799442800325645,0.6207246376811595,0.2260959342264142,0.226012202912701,4.426179027692677
1.799442800325645,0.634927536231884,0.2398096844965514,0.2293673026086224,4.558308383689881
1.799442800325645,0.6491304347826087,0.2547230785214242,0.2326841831520084,4.704728531230407
1.799442800325645,0.6633333333333333,0.2709962930686906,0.2359653095340191,4.867063703418985
1.799442800325645,0.677536231884058,0.2888179909621091,0.2392131412212759,5.04724253795207
1.799442800325645,0.6917391304347826,0.3084119144013734,0.2424301353104112,5.24756636056754
1.799442800325645,0.7059420289855073,0.3300453912199041,0.2456187498042358,5.47079749814533
1.799442800325645,0.7201449275362319,0.3540404337878632,0.2487814470242361,5.720274700723122
1.799442800325645,0.7343478260869566,0.3807884016779332,0.2519206971755858,6.0000657960868455
1.799442800325645,0.7485507246376812,0.4107696367866388,0.2550389820763168,6.315172258997955
1.799442800325645,0.7627536231884058,0.4445801555858147,0.2581387990764537,6.671807434135411
1.799442800325645,0.7769565217391304,0.4829685446351324,0.2612226651753903,7.077781221107658
1.799442800325645,0.7911594202898551,0.5268879167701632,0.264293121371524,7.543041875160246
1.799442800325645,0.8053623188405797,0.5775706226876929,0.2673527372561466,8.080455176212235
1.799442800325645,0.8195652173913044,0.6366382557322681,0.2704041158877747,8.70695171934337
1.799442800325645,0.833768115942029,0.7062680602170365,0.2734498989686952,9.44526249440002
1.799442800325645,0.8479710144927537,0.7894526295829384,0.2764927723598688,10.326627448973214
1.799442800325645,0.8621739130434782,0.8904201901695183,0.2795354719671361,11.395178878342602
1.799442800325645,0.8763768115942029,1.015344618866681,0.282580790042425,12.715346560062397
1.799442800325645,0.8905797101449275,1.1736084525033812,0.2856315819411781,14.385030211783342
1.799442800325645,0.9047826086956522,1.3801962920054365,0.2886907733847324,16.560561139945783
1.799442800325645,0.9189855072463768,1.6606058186359829,0.2917613682882876,19.50792068778058
1.799442800325645,0.9331884057971016,2.0620228076141087,0.2948464572112015,23.719287382789037
1.799442800325645,0.947391304347826,2.682597897387305,0.2979492264997583,30.21837144509108
1.799442800325645,0.9615942028985508,3.7656847731702223,0.3010729682073544,41.54324662604376
1.799442800325645,0.9757971014492756,6.125887323509555,0.3042210908751755,66.18969284875905
1.799442800325645,0.99,15.205772836228055,0.3073971312714098,160.91957530605373
1.858626158786508,0.01,0.0023215232736871,0.0058569987283674,67.67414575744036
1.858626158786508,0.0242028985507246,0.0056061070679606,0.014006363763399,28.576601929307053
1.858626158786508,0.0384057971014492,0.0088799833694778,0.0219619619257526,18.41068230324236
1.858626158786508,0.0526086956521739,0.0121478378836789,0.0297291074410918,13.744699407876082
1.858626158786508,0.0668115942028985,0.0154144691655394,0.0373129895825224,11.071551373983976
1.858626158786508,0.0810144927536231,0.0186848046260175,0.0447186757838871,9.34352370467018
1.858626158786508,0.0952173913043478,0.0219639169940362,0.0519511150980543,8.138044232873876
1.858626158786508,0.1094202898550724,0.0252570434074867,0.0590151414248406,7.251963443800281
1.858626158786508,0.1236231884057971,0.0285696054679805,0.0659154768415984,6.575510062311113
1.858626158786508,0.1378260869565217,0.0319072311830455,0.0726567347577168,6.044179674233532
1.858626158786508,0.1520289855072464,0.0352757789232422,0.0792434230206872,5.617591536649909
1.858626158786508,0.166231884057971,0.0386813639253038,0.0856799470102619,5.26918444000393
1.858626158786508,0.1804347826086956,0.0421303872202017,0.0919706126002856,4.980779229007772
1.858626158786508,0.1946376811594203,0.0456295672085275,0.0981196291210697,4.73952211028894
1.858626158786508,0.2088405797101449,0.0491859749621645,0.1041311122255363,4.536075454507148
1.858626158786508,0.2230434782608695,0.0528070730147176,0.1100090867277754,4.383039239602794
1.858626158786508,0.2372463768115942,0.0565007582697082,0.1157574893649914,4.24226094017686
1.858626158786508,0.2514492753623188,0.0602754098600148,0.121380171529076,4.110423012550056
1.858626158786508,0.2656521739130435,0.0641399423282823,0.1268809019417743,3.986384143507338
1.858626158786508,0.2798550724637681,0.0681038650207363,0.1322633692858918,3.89307343707786
1.858626158786508,0.2940579710144927,0.0721773486122615,0.1375311847951103,3.815913801867041
1.858626158786508,0.3082608695652174,0.0763712996194436,0.1426878847942542,3.75107701613018
1.858626158786508,0.322463768115942,0.0806974442696538,0.1477369332246594,3.6972738704242665
1.858626158786508,0.3366666666666666,0.0851684231663259,0.1526817241051235,3.653461169252045
1.858626158786508,0.3508695652173913,0.0897978981160167,0.1575255839868925,3.618794942348087
1.858626158786508,0.365072463768116,0.0946006735341473,0.1622717743617743,3.5925949784030946
1.858626158786508,0.3792753623188406,0.0995928341893191,0.16692349405487,3.574317751032706
1.858626158786508,0.3934782608695652,0.1047919025305609,0.171483881585691,3.5635357045326392
1.858626158786508,0.4076811594202899,0.1102170185426905,0.1759560175148125,3.5599214156565355
1.858626158786508,0.4218840579710145,0.1158891461805713,0.180342926770661,3.563235578863916
1.858626158786508,0.4360869565217391,0.1218313110102513,0.1846475809622247,3.5733180473635
1.858626158786508,0.4502898550724638,0.1280688747818518,0.1888729006792366,3.590081381174307
1.858626158786508,0.4644927536231884,0.1346298537886004,0.193021757786721,3.6135065108600566
1.858626158786508,0.4786956521739131,0.1415452894361042,0.19709697771456,3.643640251451051
1.858626158786508,0.4928985507246377,0.1488496810940963,0.2011013417459947,3.6805944939276434
1.858626158786508,0.5071014492753623,0.1565814942068507,0.2050375893070107,3.724546999561365
1.858626158786508,0.521304347826087,0.1647837589195356,0.2089084202669527,3.775743777953221
1.858626158786508,0.5355072463768116,0.173504778801882,0.2127164972438881,3.8345031163617658
1.858626158786508,0.5497101449275362,0.1827989740967099,0.2164644479300978,3.901221399623197
1.858626158786508,0.5639130434782609,0.1927278901626131,0.2201548674344085,3.976380941136045
1.858626158786508,0.5781159420289855,0.2033614100025873,0.2237903206493426,4.060560141767192
1.858626158786508,0.5923188405797102,0.2147792206943135,0.2273733446478178,4.154446414839025
1.858626158786508,0.6065217391304348,0.2270725982406009,0.2309064511127946,4.258852472966156
1.858626158786508,0.6207246376811595,0.2403465938854708,0.2343921288119536,4.3747367552646566
1.858626158786508,0.634927536231884,0.2547227318427055,0.237832846113708,4.503229054543385
1.858626158786508,0.6491304347826087,0.2703423629417513,0.2412310535617315,4.6456627401872606
1.858626158786508,0.6633333333333333,0.2873708684999244,0.2445891865062121,4.803615475756789
1.858626158786508,0.677536231884058,0.3060029760922458,0.2479096678071567,4.978960988791614
1.858626158786508,0.6917391304347826,0.3264695466627184,0.2511949106122419,5.173935425367536
1.858626158786508,0.7059420289855073,0.3490463299158396,0.2544473212228958,5.391223169651748
1.858626158786508,0.7201449275362319,0.3740653879131229,0.2576693020548838,5.6340690176236
1.858626158786508,0.7343478260869566,0.4019301854725156,0.2608632547077723,5.906426533819361
1.858626158786508,0.7485507246376812,0.4331357974162187,0.2640315831516696,6.213156869987022
1.858626158786508,0.7627536231884058,0.468296377288716,0.2671766970469774,6.560299168346084
1.858626158786508,0.7769565217391304,0.5081831247471632,0.2703010152085618,6.955444436927781
1.858626158786508,0.7911594202898551,0.5537777496486699,0.2734069692319532,7.408262130042573
1.858626158786508,0.8053623188405797,0.6063493497423612,0.2764970072968716,7.931257427000851
1.858626158786508,0.8195652173913044,0.6675676025439978,0.2795735981679003,8.54088629347085
1.858626158786508,0.833768115942029,0.7396739919760825,0.2826392354118187,9.2592423065477
1.858626158786508,0.8479710144927537,0.8257490221877671,0.2856964418539443,10.116689127856002
1.858626158786508,0.8621739130434782,0.9301446600364814,0.2887477742962555,11.15612075555545
1.858626158786508,0.8763768115942029,1.0592148872558642,0.2917958285309026,12.440158626685568
1.858626158786508,0.8905797101449275,1.2226152306596434,0.2948432446717848,14.063954023751766
1.858626158786508,0.9047826086956522,1.4357653631447749,0.2978927128424389,16.179448467915282
1.858626158786508,0.9189855072463768,1.7249020920087494,0.3009469792552386,19.04515326510274
1.858626158786508,0.9331884057971016,2.1385774119374235,0.3040088527252094,23.139422428793964
1.858626158786508,0.947391304347826,2.7777815606871368,0.3070812116631938,29.457209235838786
1.858626158786508,0.9615942028985508,3.892905249520045,0.3101670115998596,40.46528672233954
1.858626158786508,0.9757971014492756,6.322102055329735,0.3132692933011113,64.42076050580799
1.858626158786508,0.99,15.665263968800694,0.3163911915348555,156.49084993138086
1.9197560475389,0.01,0.0024967179028404,0.0060742061950815,67.66910221420923
1.9197560475389,0.0242028985507246,0.0060284886810806,0.0145257674995816,28.571317857530666
1.9197560475389,0.0384057971014492,0.0095478595385252,0.0227763138506225,18.405140796996044
1.9197560475389,0.0526086956521739,0.0130597781989068,0.0308313198582915,13.738887503557011
1.9197560475389,0.0668115942028985,0.0165693080873186,0.0386961295425362,11.065456027564498
1.9197560475389,0.0810144927536231,0.0200816444068155,0.0463759605611699,9.33713066733405
1.9197560475389,0.0952173913043478,0.0236021325554979,0.0538759073666836,8.131338675533408
1.9197560475389,0.1094202898550724,0.0271362868743274,0.0612009447280269,7.244929595060923
1.9197560475389,0.1236231884057971,0.0306898120597068,0.0683559310691524,6.568131248784701
1.9197560475389,0.1378260869565217,0.0342686256277899,0.0753456117371484,6.0364382231863845
1.9197560475389,0.1520289855072464,0.0378788828696494,0.0821746221611394,5.609468718383707
1.9197560475389,0.166231884057971,0.0415270042059819,0.0888474910800777,5.260660374560959
1.9197560475389,0.1804347826086956,0.0452197051372356,0.0953686435234068,4.988800292417545
1.9197560475389,0.1946376811594203,0.0489640289771449,0.1017424038611317,4.81191477149574
1.9197560475389,0.2088405797101449,0.0527673834496645,0.1079729987432622,4.64842962384676
1.9197560475389,0.2230434782608695,0.0566375804845374,0.1140645599828594,4.496624417786489
1.9197560475389,0.2372463768115942,0.0605828809302947,0.1200211273816531,4.354998396989712
1.9197560475389,0.2514492753623188,0.0646120437713757,0.1258466515038021,4.22224564397563
1.9197560475389,0.2656521739130435,0.0687343811938921,0.1315449963983948,4.097230912064092
1.9197560475389,0.2798550724637681,0.0729598197765722,0.1371199422669757,3.978967616127213
1.9197560475389,0.2940579710144927,0.077298969303451,0.1425751880865806,3.86659848659786
1.9197560475389,0.3082608695652174,0.0817631995419813,0.14791435417881,3.759378857229538
1.9197560475389,0.322463768115942,0.0863647268409651,0.1531409847557357,3.682591385093085
1.9197560475389,0.3366666666666666,0.0911167117563042,0.1582585503973139,3.638008183298603
1.9197560475389,0.3508695652173913,0.0960333691892724,0.1632704505159459,3.602524835549182
1.9197560475389,0.365072463768116,0.1011300935443856,0.1681800157724984,3.575457591262304
1.9197560475389,0.3792753623188406,0.1064236007094148,0.1729905104616258,3.55625904440432
1.9197560475389,0.3934782608695652,0.1119320901793861,0.1777051348654958,3.544497378403421
1.9197560475389,0.4076811594202899,0.1176754303609767,0.1823270275869183,3.539840481429918
1.9197560475389,0.4218840579710145,0.1236753711270382,0.1868592678518968,3.54204387562546
1.9197560475389,0.4360869565217391,0.1299557886403375,0.1913048777886473,3.550941699406054
1.9197560475389,0.4502898550724638,0.1365429680010704,0.195666824694802,3.566440181841828
1.9197560475389,0.4644927536231884,0.143465931071149,0.1999480232821661,3.588513225806217
1.9197560475389,0.4786956521739131,0.1507568177525291,0.204151337911271,3.617199821348535
1.9197560475389,0.4928985507246377,0.1584513316226206,0.2082795848119839,3.652603128832292
1.9197560475389,0.5071014492753623,0.1665892625992227,0.212335534306119,3.6948911360200696
1.9197560475389,0.521304347826087,0.1752151029597183,0.2163219130113279,3.7442988833397775
1.9197560475389,0.5355072463768116,0.1843787763290423,0.2202414060619785,3.80113230585204
1.9197560475389,0.5497101449275362,0.1941365050450988,0.2240966593172257,3.865773833635853
1.9197560475389,0.5639130434782609,0.2045518472716899,0.227890281587592,3.938689958491636
1.9197560475389,0.5781159420289855,0.2156969438776432,0.2316248468614338,4.020441075841663
1.9197560475389,0.5923188405797102,0.2276540262720209,0.235302896558232,4.11169402614331
1.9197560475389,0.6065217391304348,0.2405172513862848,0.2389269417902481,4.2132379134136775
1.9197560475389,0.6207246376811595,0.2543949493831915,0.2424994656511513,4.326003962259898
1.9197560475389,0.634927536231884,0.2694123966962718,0.2460229255355393,4.451090437073186
1.9197560475389,0.6491304347826087,0.2857152631139392,0.2494997554897797,4.589793986645556
1.9197560475389,0.6633333333333333,0.3034739324928207,0.2529323685997219,4.743649260793927
1.9197560475389,0.677536231884058,0.3228889660910724,0.2563231594283946,4.914479290452445
1.9197560475389,0.6917391304347826,0.3441980771551862,0.259674506502451,5.104460059290373
1.9197560475389,0.7059420289855073,0.3676851284395275,0.2629887748557193,5.3162040350795206
1.9197560475389,0.7201449275362319,0.3936918704701818,0.266268318641817,5.552869346539643
1.9197560475389,0.7343478260869566,0.4226334475120172,0.2695154838178964,5.818304189272125
1.9197560475389,0.7485507246376812,0.4550191602022473,0.2727326109134867,6.1172403483872335
1.9197560475389,0.7627536231884058,0.4914806885503533,0.2759220378882268,6.4555564053774654
1.9197560475389,0.7769565217391304,0.5328111008593778,0.2790861030957408,6.840641665804268
1.9197560475389,0.7911594202898551,0.5800197829740268,0.2822271483563232,7.281908728739764
1.9197560475389,0.8053623188405797,0.6344114217478928,0.2853475221583849,7.791530623753403
1.9197560475389,0.8195652173913044,0.6977022951997498,0.2884495829988443,8.385526210749399
1.9197560475389,0.833768115942029,0.7721961839052347,0.2915357028728083,9.085402136865168
1.9197560475389,0.8479710144927537,0.8610588933042008,0.2946082709363653,9.920715290268443
1.9197560475389,0.8621739130434782,0.9687625202570144,0.2976696973523989,10.933219733499277
1.9197560475389,0.8763768115942029,1.1018359764725243,0.3007224173422862,12.18387237168507
1.9197560475389,0.8905797101449275,1.2702000386180627,0.3037688954654434,13.765294823749272
1.9197560475389,0.9047826086956522,1.4896972530851502,0.3068116301429034,15.82538850936656
1.9197560475389,0.9189855072463768,1.787283014757165,0.3098531584600035,18.615790088990607
1.9197560475389,0.9331884057971016,2.212837832196336,0.3128960612687587,22.602131391502528
1.9197560475389,0.947391304347826,2.8701135505680075,0.3159429686234056,28.752902397183767
1.9197560475389,0.9615942028985508,4.016345224053979,0.3189965655825538,39.46926334247511
1.9197560475389,0.9757971014492756,6.512592383860809,0.3220595984198201,62.7886872055996
1.9197560475389,0.99,16.111774265492162,0.3251348812783082,152.41097459013406
1.9828964876230983,0.01,0.0026723923186198,0.0062844972845793,67.66422764768392
1.9828964876230983,0.0242028985507246,0.0064519565483096,0.015028631701677,28.566205149117543
1.9828964876230983,0.0384057971014492,0.0102173368302665,0.0235647339713617,18.399779913816037
1.9828964876230983,0.0526086956521739,0.0139737369432754,0.0318984329121546,13.733267130242767
1.9828964876230983,0.0668115942028985,0.0177264782644511,0.040035222223533,11.059563219543534
1.9828964876230983,0.0810144927536231,0.0214810180268299,0.0479804645652136,9.330952148315449
1.9828964876230983,0.0952173913043478,0.0252429669624579,0.0557393948190306,8.124860267307922
1.9828964876230983,0.1094202898550724,0.029018109785007,0.0633171237491006,7.238136397110337
1.9828964876230983,0.1236231884057971,0.0328124263106965,0.0707186413902099,6.561007408241422
1.9828964876230983,0.1378260869565217,0.0366321155531133,0.0779488204199993,6.0289669823848895
1.9828964876230983,0.1520289855072464,0.0404836211113867,0.0850124194389418,5.601632317672622
1.9828964876230983,0.166231884057971,0.0443736594494059,0.0919140862024264,5.298905248814581
1.9828964876230983,0.1804347826086956,0.0483092508145731,0.0986583607449973,5.1063795425813066
1.9828964876230983,0.1946376811594203,0.052297753171223,0.1052496784724849,4.929052396218515
1.9828964876230983,0.2088405797101449,0.0563468997538915,0.1116923731596785,4.764996974420775
1.9828964876230983,0.2230434782608695,0.0604648403026213,0.1179906799140984,4.61251711267771
1.9828964876230983,0.2372463768115942,0.0646601870100549,0.1241487380430108,4.470128612100836
1.9828964876230983,0.2514492753623188,0.0689420653499509,0.1301705938859055,4.336536616277868
1.9828964876230983,0.2656521739130435,0.0733201707861326,0.136060203586714,4.210612975571787
1.9828964876230983,0.2798550724637681,0.0778048318864104,0.1418214357989619,4.091375311904579
1.9828964876230983,0.2940579710144927,0.082407080978063,0.1474580743443101,3.97796843629506
1.9828964876230983,0.3082608695652174,0.0871387335179322,0.1529738208265413,3.8696481747840368
1.9828964876230983,0.322463768115942,0.0920124769715417,0.158372297190614,3.765767474020415
1.9828964876230983,0.3366666666666666,0.0970419714305669,0.1636570482317803,3.6657645572633935
1.9828964876230983,0.3508695652173913,0.1022419629108044,0.1688315440771865,3.5869225056002145
1.9828964876230983,0.365072463768116,0.107628412079163,0.1738991826069885,3.5590316614767428
1.9828964876230983,0.3792753623188406,0.1132186403411339,0.1788632918537974,3.5389587156121287
1.9828964876230983,0.3934782608695652,0.1190314965379194,0.1837271323535886,3.52626787596075
1.9828964876230983,0.4076811594202899,0.125087547438153,0.1884938994738719,3.5206226563577423
1.9828964876230983,0.4218840579710145,0.1314092963268702,0.1931667257032925,3.5217737585091897
1.9828964876230983,0.4360869565217391,0.1380214346225004,0.1977486829166408,3.529549995778719
1.9828964876230983,0.4502898550724638,0.1449511323382331,0.2022427846111175,3.543851701172852
1.9828964876230983,0.4644927536231884,0.1522283748870957,0.2066519881258639,3.56464623211952
1.9828964876230983,0.4786956521739131,0.1598863549600644,0.2109791968325926,3.591965298204229
1.9828964876230983,0.4928985507246377,0.1679619302029452,0.2152272623121122,3.6259039365597103
1.9828964876230983,0.5071014492753623,0.176496160144728,0.2193989865189534,3.6666210478755135
1.9828964876230983,0.521304347826087,0.185534938830344,0.2234971239264883,3.714341475610634
1.9828964876230983,0.5355072463768116,0.1951297434580345,0.2275243836670479,3.7693596772900926
1.9828964876230983,0.5497101449275362,0.205338525080293,0.231483431666047,3.8320451217795046
1.9828964876230983,0.5639130434782609,0.2162267733884378,0.2353768927685881,3.902849611082714
1.9828964876230983,0.5781159420289855,0.2278687968399184,0.2392073528683849,3.9823168291289495
1.9828964876230983,0.5923188405797102,0.2403492705698429,0.2429773610367802,4.071094529084971
1.9828964876230983,0.6065217391304348,0.253765119929176,0.2466894316630251,4.169949918956397
1.9828964876230983,0.6207246376811595,0.2682278276564293,0.250346046599098,4.279788991145137
1.9828964876230983,0.634927536231884,0.283866279853031,0.2539496573203786,4.4016807867744845
1.9828964876230983,0.6491304347826087,0.3008303038752511,0.2575026871054079,4.53688793180134
1.9828964876230983,0.6633333333333333,0.3192951022869968,0.2610075332350072,4.686905234442154
1.9828964876230983,0.677536231884058,0.3394668591762569,0.2644665692237237,4.853508777846917
1.9828964876230983,0.6917391304347826,0.361589897287631,0.267882147073081,5.03881885303974
1.9828964876230983,0.7059420289855073,0.3859559101554651,0.2712565995755935,5.245381367833232
1.9828964876230983,0.7201449275362319,0.412916006443579,0.2745922426472941,5.476274261522044
1.9828964876230983,0.7343478260869566,0.4428966195268133,0.2778913777203852,5.735248257972848
1.9828964876230983,0.7485507246376812,0.4764208101590598,0.2811562941848095,6.026915499518712
1.9828964876230983,0.7627536231884058,0.514137222685971,0.2843892718930121,6.357006105355693
1.9828964876230983,0.7769565217391304,0.5568601067739839,0.2875925837378124,6.732722911907973
1.9828964876230983,0.7911594202898551,0.6056256719116949,0.2907684983034083,7.163241105428833
1.9828964876230983,0.8053623188405797,0.6617731189886764,0.293919282606026,7.660426754281828
1.9828964876230983,0.8195652173913044,0.7270639447518679,0.2970472049310413,8.239894817681536
1.9828964876230983,0.833768115942029,0.8038624114856951,0.3001545377740638,8.92260966949238
1.9828964876230983,0.8479710144927537,0.8954171805079917,0.3032435609039504,9.73738288758407
1.9828964876230983,0.8621739130434782,1.0063170850487335,0.3063165645516077,10.724915544090148
1.9828964876230983,0.8763768115942029,1.1432610884327543,0.3093758527447847,11.944627087797503
1.9828964876230983,0.8905797101449275,1.3164279020858305,0.3124237468004007,13.486802750258487
1.9828964876230983,0.9047826086956522,1.5420713906705537,0.315462588988901,15.495612717563835
1.9828964876230983,0.9189855072463768,1.8478460442510152,0.3184947463944693,18.216344822766757
1.9828964876230983,0.9331884057971016,2.284925045602255,0.3215226149776645,22.102882113836085
1.9828964876230983,0.947391304347826,2.959747633589054,0.324548623879227,28.09927650848428
1.9828964876230983,0.9615942028985508,4.136209722506274,0.3275752399693518,38.54609748693432
1.9828964876230983,0.9757971014492756,6.697663547707977,0.3306049726843491,61.277997436344165
1.9828964876230983,0.99,16.545960910586118,0.3336403791669745,148.63968689589794
2.048113605720182,0.01,0.0028481496953572,0.0064880922837837,67.659498534171
2.048113605720182,0.0242028985507246,0.0068755579598944,0.0155154836220176,28.561256731467303
2.048113605720182,0.0384057971014492,0.0108869132780639,0.0243280488511856,18.394593932267377
2.048113605720182,0.0526086956521739,0.0148876692971897,0.0329315661759221,13.72783156644218
2.048113605720182,0.0668115942028985,0.0188833997612164,0.0413316740515326,11.053866001377855
2.048113605720182,0.0810144927536231,0.0228798171188369,0.0495338753097303,9.32498057103483
2.048113605720182,0.0952173913043478,0.0268827909072864,0.0575435406459329,8.118600912346308
2.048113605720182,0.1094202898550724,0.0308983687110944,0.0653659122962827,7.231575046719864
2.048113605720182,0.1236231884057971,0.0349327982816934,0.0730061075501573,6.554129049561214
2.048113605720182,0.1378260869565217,0.0389925520316174,0.0804691221820104,6.021755706521019
2.048113605720182,0.1520289855072464,0.0430843534202183,0.0877598338329941,5.628405498389593
2.048113605720182,0.166231884057971,0.0472152061327995,0.0948830053348401,5.418617534347209
2.048113605720182,0.1804347826086956,0.0513924257509724,0.1018432878844783,5.225958499180376
2.048113605720182,0.1946376811594203,0.0556236749079112,0.108645224235642,5.048317911853373
2.048113605720182,0.2088405797101449,0.0599170017909116,0.115293251747445,4.883806089130836
2.048113605720182,0.2230434782608695,0.0642808825875925,0.1217917054083897,4.730752755843913
2.048113605720182,0.2372463768115942,0.0687242689436556,0.1281448207835181,4.587691660463857
2.048113605720182,0.2514492753623188,0.0732566400630087,0.1343567368782361,4.453340198181987
2.048113605720182,0.2656521739130435,0.0778880610564856,0.1404314989715231,4.326578355935009
2.048113605720182,0.2798550724637681,0.0826292478655823,0.146373061371955,4.206428881448479
2.048113605720182,0.2940579710144927,0.0874916399390478,0.1521852901154033,4.09203947014528
2.048113605720182,0.3082608695652174,0.092487481643678,0.1578719656068155,3.9826671721227305
2.048113605720182,0.322463768115942,0.0976299138320734,0.1634367852262503,3.877664895010733
2.048113605720182,0.3366666666666666,0.102933076927048,0.1688833658579585,3.776469854231912
2.048113605720182,0.3508695652173913,0.1084122274542972,0.1742152463958688,3.6785937148099177
2.048113605720182,0.365072463768116,0.1140838701942579,0.1794358901877389,3.5836141977155846
2.048113605720182,0.3792753623188406,0.1199659082206483,0.1845486874443616,3.522377714793598
2.048113605720182,0.3934782608695652,0.126077813870825,0.1895569575983178,3.508804816578749
2.048113605720182,0.4076811594202899,0.1324408244953284,0.1944639516420184,3.502221924022701
2.048113605720182,0.4218840579710145,0.1390781666057332,0.1992728544063569,3.5023752361361318
2.048113605720182,0.4360869565217391,0.146015314150707,0.2039867868261516,3.5090885944517187
2.048113605720182,0.4502898550724638,0.1532802864894668,0.2086088081595262,3.522256828683502
2.048113605720182,0.4644927536231884,0.1609039940097382,0.2131419181866986,3.5418411924180107
2.048113605720182,0.4786956521739131,0.1689206399668512,0.2175890593784449,3.567866604429974
2.048113605720182,0.4928985507246377,0.1773681899862394,0.2219531190417685,3.600420528978104
2.048113605720182,0.5071014492753623,0.1862889227973257,0.2262369314395129,3.639653399631378
2.048113605720182,0.521304347826087,0.1957300787712609,0.2304432798963488,3.68578055975287
2.048113605720182,0.5355072463768116,0.2057446277955813,0.2345748988823094,3.739085779765243
2.048113605720182,0.5497101449275362,0.2163921823572795,0.2386344760843448,3.79992646223922
2.048113605720182,0.5639130434782609,0.22774008925824,0.2426246544656761,3.868740738870829
2.048113605720182,0.5781159420289855,0.2398647418268038,0.2465480343139703,3.9460567454407705
2.048113605720182,0.5923188405797102,0.2528531668964062,0.2504071752839011,4.032504484183916
2.048113605720182,0.6065217391304348,0.2668049552590244,0.2542045984360785,4.1288308054219645
2.048113605720182,0.6207246376811595,0.2818346265394833,0.2579427882754738,4.235918248235204
2.048113605720182,0.634927536231884,0.2980745460812586,0.2616241947901833,4.354808699773568
2.048113605720182,0.6491304347826087,0.3156785508515184,0.2652512354965166,4.48673317955116
2.048113605720182,0.6633333333333333,0.3348264934553053,0.2688262974967095,4.63314949352792
2.048113605720182,0.677536231884058,0.3557299874938452,0.2723517395412996,4.7957901358003046
2.048113605720182,0.6917391304347826,0.378639741833587,0.275829894116778,4.976723698489934
2.048113605720182,0.7059420289855073,0.4038550210567469,0.2792630695484542,5.178434318230083
2.048113605720182,0.7201449275362319,0.4317359873128065,0.282653552128443,5.403925529476848
2.048113605720182,0.7343478260869566,0.4627200025167299,0.2860036082769727,5.656857634356832
2.048113605720182,0.7485507246376812,0.4973434562270842,0.289315486734063,5.941731805468363
2.048113605720182,0.7627536231884058,0.5362714353726753,0.2925914207933819,6.264140486440259
2.048113605720182,0.7769565217391304,0.5803387314910249,0.2958336305818864,6.631113620142552
2.048113605720182,0.7911594202898551,0.6306075823128777,0.2990443253876435,7.051606296116593
2.048113605720182,0.8053623188405797,0.688450696760453,0.3022257060498722,7.537200046432846
2.048113605720182,0.8195652173913044,0.7556734938582531,0.3053799674117442,8.10313548231414
2.048113605720182,0.833768115942029,0.8346990094772416,0.3085093008472373,8.769874429970068
2.048113605720182,0.8479710144927537,0.9288564533363924,0.3116158968652362,9.565537820448162
2.048113605720182,0.8621739130434782,1.042848184067562,0.3147019478068147,10.529851036736694
2.048113605720182,0.8763768115942029,1.183538590110187,0.3177696506401437,11.720809030690535
2.048113605720182,0.8905797101449275,1.3613573646258534,0.3208212098632823,13.226532413693729
2.048113605720182,0.9047826086956522,1.5929586868970178,0.3238588405285522,15.187734593269765
2.048113605720182,0.9189855072463768,1.9066775511820933,0.3268847714008339,17.843821749126185
2.048113605720182,0.9331884057971016,2.354945591610712,0.3299012482582308,21.637792916698174
2.048113605720182,0.947391304347826,3.0468185126931138,0.3329105373557601,27.491061046578796
2.048113605720182,0.9615942028985508,4.252677630106737,0.3359149290632138,37.6880659744922
2.048113605720182,0.9757971014492756,6.87758126598681,0.3389167417011433,59.87557343530992
2.048113605720182,0.99,16.968396407404494,0.3419183255800009,145.1429832767111
2.1154757034061835,0.01,0.0030236312561335,0.0066852042206367,67.65493306851616
2.1154757034061835,0.0242028985507246,0.0072984287948478,0.0159868330432646,28.556468363747143
2.1154757034061835,0.0384057971014492,0.0115552270929126,0.0250670585061844,18.38957683244921
2.1154757034061835,0.0526086956521739,0.015799723185617,0.0339318032937656,13.72257448329604
2.1154757034061835,0.0668115942028985,0.0200377372165902,0.0425868460735389,11.048357556831563
2.1154757034061835,0.0810144927536231,0.0242752304398259,0.051037825531172,9.31920864914034
2.1154757034061835,0.0952173913043478,0.0285183244743016,0.0592902438552983,8.112552734289329
2.1154757034061835,0.1094202898550724,0.0327733227886295,0.0673494705500105,7.225237103258276
2.1154757034061835,0.1236231884057971,0.0370467336416592,0.0752207460807525,6.547487070899336
2.1154757034061835,0.1378260869565217,0.0413452951498271,0.0829091854108113,6.014794586526293
2.1154757034061835,0.1520289855072464,0.0456760024848057,0.0904197814320093,5.749714746294088
2.1154757034061835,0.166231884057971,0.0500461378395668,0.0977574083686825,5.540196811895692
2.1154757034061835,0.1804347826086956,0.0544633031965955,0.1049268250510341,5.347555506550997
2.1154757034061835,0.1946376811594203,0.0589354561514882,0.1119326781585608,5.169735910703883
2.1154757034061835,0.2088405797101449,0.0634709496801546,0.1187795053634741,5.00488737011819
2.1154757034061835,0.2230434782608695,0.0680785757889302,0.1254717384028528,4.851367117880403
2.1154757034061835,0.2372463768115942,0.0727676140253286,0.1320137060825588,4.707728224971785
2.1154757034061835,0.2514492753623188,0.0775478851631673,0.1384096372230621,4.572701547779709
2.1154757034061835,0.2656521739130435,0.082429811076947,0.1446636635193856,4.445176244213846
2.1154757034061835,0.2798550724637681,0.0874244813431908,0.1507798223631486,4.324181101376968
2.1154757034061835,0.2940579710144927,0.0925437278255148,0.1567620595768361,4.208867525970962
2.1154757034061835,0.3082608695652174,0.097800208144786,0.1626142321034906,4.098494520443313
2.1154757034061835,0.322463768115942,0.1032074997119039,0.1683401106469618,3.992415621768019
2.1154757034061835,0.3366666666666666,0.1087802053017779,0.1739433822301452,3.890067653550899
2.1154757034061835,0.3508695652173913,0.1145340727217061,0.1794276527387887,3.790961094911681
2.1154757034061835,0.365072463768116,0.1204861301671362,0.1847964493803164,3.694671842576864
2.1154757034061835,0.3792753623188406,0.1266548400064836,0.190053223115879,3.600834205252548
2.1154757034061835,0.3934782608695652,0.1330602742326428,0.1952013510422518,3.5091349351945644
2.1154757034061835,0.4076811594202899,0.1397243147684015,0.200244138726213,3.484595429942646
2.1154757034061835,0.4218840579710145,0.14667088340012,0.2051848225036177,3.483801821678114
2.1154757034061835,0.4360869565217391,0.1539262062522909,0.2100265717368524,3.4895070394132675
2.1154757034061835,0.4502898550724638,0.1615191192183152,0.2147724910358549,3.501600769427497
2.1154757034061835,0.4644927536231884,0.1694814218235828,0.2194256224468184,3.520038558435008
2.1154757034061835,0.4786956521739131,0.1778482889982946,0.2239889476056243,3.5448389815578474
2.1154757034061835,0.4928985507246377,0.1866587518871893,0.2284653898640045,3.576082430829941
2.1154757034061835,0.5071014492753623,0.1959562617881228,0.2328578163883933,3.613911431284553
2.1154757034061835,0.521304347826087,0.2057893545089744,0.2371690402256966,3.6585324611330594
2.1154757034061835,0.5355072463768116,0.2162124364324825,0.241401822359686,3.7102193164562216
2.1154757034061835,0.5497101449275362,0.2272867196099806,0.2455588737313155,3.769318143821828
2.1154757034061835,0.5639130434782609,0.239081339422217,0.2496428572502718,3.836254325016065
2.1154757034061835,0.5781159420289855,0.2516746981479967,0.2536563897832364,3.911541501282497
2.1154757034061835,0.5923188405797102,0.2651560895040336,0.2576020441331973,3.995793127556733
2.1154757034061835,0.6065217391304348,0.2796276749365589,0.2614823510001784,4.089737083554218
2.1154757034061835,0.6207246376811595,0.2952069044877183,0.2652998009407858,4.194234058946966
2.1154757034061835,0.634927536231884,0.3120295025842025,0.2690568463120595,4.310300650475896
2.1154757034061835,0.6491304347826087,0.3302531793410819,0.2727559032186768,4.439138445420136
2.1154757034061835,0.6633333333333333,0.350062281732328,0.2763993534531471,4.582170801680071
2.1154757034061835,0.677536231884058,0.3716736741359484,0.2799895464408318,4.741089641888634
2.1154757034061835,0.6917391304347826,0.3953442448194253,0.2835288011875251,4.917915447639148
2.1154757034061835,0.7059420289855073,0.4213805885842279,0.2870194082364504,5.115074883110879
2.1154757034061835,0.7201449275362319,0.4501516380943906,0.2904636316348906,5.33550226842169
2.1154757034061835,0.7343478260869566,0.4821053481260982,0.2938637109197496,5.582773805343771
2.1154757034061835,0.7485507246376812,0.5177910347374132,0.2972218631145367,5.861287471240648
2.1154757034061835,0.7627536231884058,0.5578897395649174,0.3005402847575487,6.176507697964498
2.1154757034061835,0.7769565217391304,0.6032561965725951,0.3038211539491097,6.535303691947472
2.1154757034061835,0.7911594202898551,0.6549779242210919,0.30706663243803,6.946425946161755
2.1154757034061835,0.8053623188405797,0.7144601918093968,0.310278867738571,7.421191524737062
2.1154757034061835,0.8195652173913044,0.7835511157707179,0.3134599952924603,7.974493123975151
2.1154757034061835,0.833768115942029,0.8647308882218079,0.3166121406772849,8.62632555025676
2.1154757034061835,0.8479710144927537,0.96140707676721,0.3197374218681187,9.404167957442548
2.1154757034061835,0.8621739130434782,1.078392510728853,0.3228379515592519,10.346839135945132
2.1154757034061835,0.8763768115942029,1.2227125928318012,0.3259158395515727,11.511010486996357
2.1154757034061835,0.8905797101449275,1.4050413574060507,0.3289731952148186,12.98279148099436
2.1154757034061835,0.9047826086956522,1.642422772725168,0.3320121300314645,14.899683947227128
2.1154757034061835,0.9189855072463768,1.963854532001208,0.3350347602308761,17.495629752149064
2.1154757034061835,0.9331884057971016,2.4229939121522404,0.3380432095234558,21.20351638185945
2.1154757034061835,0.947391304347826,3.1314450400983,0.3410396119448978,26.92372480542455
2.1154757034061835,0.9615942028985508,4.365906235549175,0.3440261148213962,36.88854984047973
2.1154757034061835,0.9757971014492756,7.052578761086269,0.3470048818683395,58.5702092272807
2.1154757034061835,0.99,17.379583757459095,0.3499780964323878,141.8919122183606
2.1850533286840066,0.01,0.0031985115088179,0.006876040037935,67.65051764263193
2.1850533286840066,0.0242028985507246,0.0077197871789657,0.0164431738683139,28.55183530121044
2.1850533286840066,0.0384057971014492,0.0122210467052571,0.0257825373982806,18.384723012306765
2.1850533286840066,0.0526086956521739,0.0167082247325146,0.0349001929927674,13.717489959141956
2.1850533286840066,0.0668115942028985,0.0211873818338005,0.0438020554956522,11.043031506441888
2.1850533286840066,0.0810144927536231,0.0256647213458701,0.0524938951210073,9.313629442079511
2.1850533286840066,0.0952173913043478,0.0301466106410352,0.0609813415191123,8.10670825041947
2.1850533286840066,0.1094202898550724,0.034639602228731,0.0692698876397929,7.21911449790025
2.1850533286840066,0.1236231884057971,0.0391504577093891,0.0773648933507031,6.541072780181044
2.1850533286840066,0.1378260869565217,0.0436861732672751,0.0852715891137374,6.100539209746798
2.1850533286840066,0.1520289855072464,0.0482540079867854,0.0929950795388707,5.872724769395778
2.1850533286840066,0.166231884057971,0.0528615143603522,0.1005403468346756,5.663653973809366
2.1850533286840066,0.1804347826086956,0.0575165718802557,0.1079122541669344,5.471188344589313
2.1850533286840066,0.1946376811594203,0.062227423947373,0.1151155489904947,5.293330657549368
2.1850533286840066,0.2088405797101449,0.0670027185868271,0.1221548662428718,5.128271160902013
2.1850533286840066,0.2230434782608695,0.0718515532989226,0.1290347314922914,4.974396172335567
2.1850533286840066,0.2372463768115942,0.0767835246892952,0.1357595640144536,4.830279475867953
2.1850533286840066,0.2514492753623188,0.0818087836436491,0.1423336797810292,4.694666571388376
2.1850533286840066,0.2656521739130435,0.0869380964560722,0.1487612943936139,4.566456851784377
2.1850533286840066,0.2798550724637681,0.0921829133419992,0.1550465259400024,4.444686057688103
2.1850533286840066,0.2940579710144927,0.097555444685725,0.1611933977875729,4.328510122063686
2.1850533286840066,0.3082608695652174,0.1030687466807027,0.1672058413216337,4.217190740173917
2.1850533286840066,0.322463768115942,0.1087368173946198,0.1730876986113194,4.110082748406932
2.1850533286840066,0.3366666666666666,0.1145747052016451,0.1788427250249228,4.006623199006089
2.1850533286840066,0.3508695652173913,0.120598631104828,0.1844745917844149,3.906321958247825
2.1850533286840066,0.365072463768116,0.1268261273221368,0.1899868884733072,3.808753645379352
2.1850533286840066,0.3792753623188406,0.1332761948256643,0.1953831254831746,3.713550746597948
2.1850533286840066,0.3934782608695652,0.1399694827388221,0.2006667364167861,3.620397725259302
2.1850533286840066,0.4076811594202899,0.1469284935356795,0.2058410804463477,3.5290260078861087
2.1850533286840066,0.4218840579710145,0.1541778182164232,0.2109094446194571,3.466010224239217
2.1850533286840066,0.4360869565217391,0.1617444069750396,0.21587504612838,3.470758414253833
2.1850533286840066,0.4502898550724638,0.1696578816340606,0.2207410345344254,3.481832645147155
2.1850533286840066,0.4644927536231884,0.1779508978187196,0.2255104939583693,3.499183122721896
2.1850533286840066,0.4786956521739131,0.1866595660246496,0.2301864452270525,3.5228224836204127
2.1850533286840066,0.4928985507246377,0.1958239435471468,0.2347718479920004,3.552824501793065
2.1850533286840066,0.5071014492753623,0.2054886113119062,0.2392696028141681,3.589324305860727
2.1850533286840066,0.521304347826087,0.2157033532776513,0.2436825532116275,3.63252008120113
2.1850533286840066,0.5355072463768116,0.226523960532185,0.2480134876890846,3.682676299898321
2.1850533286840066,0.5497101449275362,0.2380131873915841,0.2522651417307128,3.740128585918773
2.1850533286840066,0.5639130434782609,0.2502418946135462,0.2564401997750138,3.805290408228036
2.1850533286840066,0.5781159420289855,0.2632904230432221,0.2605412971619014,3.878661865120849
2.1850533286840066,0.5923188405797102,0.2772502549599575,0.2645710220648709,3.960840956447024
2.1850533286840066,0.6065217391304348,0.2922260347738111,0.2685319173969919,4.052537846949878
2.1850533286840066,0.6207246376811595,0.3083380443211349,0.2724264827088243,4.154592827138395
2.1850533286840066,0.634927536231884,0.3257252556157053,0.2762571760639302,4.267998886041031
2.1850533286840066,0.6491304347826087,0.3445491254401723,0.280026415908626,4.393930144975056
2.1850533286840066,0.6633333333333333,0.364998350526982,0.2837365829287033,4.533777819835066
2.1850533286840066,0.677536231884058,0.3872948796911323,0.2873900218996382,4.689195984244742
2.1850533286840066,0.6917391304347826,0.4117015880304383,0.2909890435327883,4.862160246201225
2.1850533286840066,0.7059420289855073,0.4385321757917236,0.2945359263175908,5.055043672820855
2.1850533286840066,0.7201449275362319,0.4681640814917917,0.2980329183657408,5.270716046334186
2.1850533286840066,0.7343478260869566,0.5010555382023231,0.3014822392622122,5.512675161481143
2.1850533286840066,0.7485507246376812,0.537768410718534,0.3048860819143351,5.785222799900648
2.1850533286840066,0.7627536231884058,0.5789992361596706,0.3082466144193624,6.093704077924486
2.1850533286840066,0.7769565217391304,0.6256221254654047,0.3115659819393458,6.444838402258831
2.1850533286840066,0.7911594202898551,0.6787491709935427,0.3148463085977929,6.847185608435054
2.1850533286840066,0.8053623188405797,0.7398173040875214,0.3180896993889136,7.3118163326827315
2.1850533286840066,0.8195652173913044,0.8107161752264133,0.3212982421224385,7.853299115666759
2.1850533286840066,0.833768115942029,0.8939815928005063,0.3244740093848803,8.491193665242532
2.1850533286840066,0.8479710144927537,0.9930973925027592,0.3276190605430185,9.252381260575817
2.1850533286840066,0.8621739130434782,1.1129839542904585,0.3307354437794629,10.174836159559042
2.1850533286840066,0.8763768115942029,1.260823471686938,0.3338251981755903,11.313996866616346
2.1850533286840066,0.8905797101449275,1.447527951899373,0.3368903558382638,12.754099522148165
2.1850533286840066,0.9047826086956522,1.690521045633354,0.3399329440823578,14.629654525859028
2.1850533286840066,0.9189855072463768,2.019446030973159,0.3429549876767507,17.16951409899657
2.1850533286840066,0.9331884057971016,2.48915426868841,0.3459585111510522,20.79714762348762
2.1850533286840066,0.947391304347826,3.213732820448303,0.3489455411808033,26.393346629464222
2.1850533286840066,0.9615942028985508,4.476034881072914,0.3519181090531805,36.141837712870185
2.1850533286840066,0.9757971014492756,7.22286236640138,0.3548782532240413,57.35226390080654
2.1850533286840066,0.99,17.77996856077353,0.357828021971249,138.8616410073307
2.256919349868012,0.01,0.0033724950531716,0.0070607991130541,67.64623191979956
2.256919349868012,0.0242028985507246,0.0081389268066332,0.0168849843219144,28.54735130053848
2.256919349868012,0.0384057971014492,0.0128832608714845,0.0264752351315691,18.38002717499329
2.256919349868012,0.0526086956521739,0.0176116649316164,0.0358377505666596,13.71257226819986
2.256919349868012,0.0668115942028985,0.0223304332487526,0.0449785771039883,11.037881426054469
2.256919349868012,0.0810144927536231,0.027046006134602,0.0539036127760619,9.308236187041082
2.256919349868012,0.0952173913043478,0.0317649896532128,0.0626186109337023,8.101060196805916
2.256919349868012,0.1094202898550724,0.0364941789284827,0.0711291842597201,7.213199450593453
2.256919349868012,0.1236231884057971,0.0412405816986673,0.0794408085134048,6.534877806235298
2.256919349868012,0.1378260869565217,0.0460114452776822,0.0875588262513281,6.2242454657828645
2.256919349868012,0.1520289855072464,0.0508142847125619,0.0954884504961114,5.997438129233008
2.256919349868012,0.166231884057971,0.0556569149208658,0.1032347682438219,5.788999008589326
2.256919349868012,0.1804347826086956,0.060547484507049,0.1108027439319454,5.596874107480963
2.256919349868012,0.1946376811594203,0.0654945139288936,0.1181972228267929,5.419125996244092
2.256919349868012,0.2088405797101449,0.0705069369083569,0.1254229342961652,5.253987616619598
2.256919349868012,0.2230434782608695,0.0755941466822008,0.1324844950284321,5.099875976092394
2.256919349868012,0.2372463768115942,0.0807660465225333,0.1393864121665931,4.955386925791229
2.256919349868012,0.2514492753623188,0.0860331063580982,0.146133086366378,4.819281807965384
2.256919349868012,0.2656521739130435,0.0914064254759697,0.1527288147802837,4.690471289377555
2.256919349868012,0.2798550724637681,0.0968978023330763,0.1591777939771481,4.567998996306173
2.256919349868012,0.2940579710144927,0.1025198127979501,0.1654841227857343,4.451026209659672
2.256919349868012,0.3082608695652174,0.1082858976324077,0.1716518050641959,4.338818059521245
2.256919349868012,0.322463768115942,0.1142104608391572,0.1776847524335091,4.230731352426588
2.256919349868012,0.3366666666666666,0.1203089805197349,0.183586786915017,4.126203983020186
2.256919349868012,0.3508695652173913,0.1265981338830075,0.189361643533176,4.024745784695972
2.256919349868012,0.365072463768116,0.1330959391069866,0.195012972848615,3.925930642736678
2.256919349868012,0.3792753623188406,0.1398219162620645,0.2005443434412578,3.829389740052689
2.256919349868012,0.3934782608695652,0.1467972707811219,0.2059592443344415,3.734805762146576
2.256919349868012,0.4076811594202899,0.1540451031738688,0.2112610873771093,3.641907936478189
2.256919349868012,0.4218840579710145,0.1615906493901578,0.2164532095704796,3.5504678063515
2.256919349868012,0.4360869565217391,0.1694615574631918,0.2215388753496824,3.4602956408996315
2.256919349868012,0.4502898550724638,0.1776882068318186,0.2265212788220212,3.4629051408126124
2.256919349868012,0.4644927536231884,0.1863040783204683,0.2314035459599384,3.4792236169884183
2.256919349868012,0.4786956521739131,0.1953461845357173,0.2361887367590826,3.501761522344031
2.256919349868012,0.4928985507246377,0.2048555723302653,0.2408798473489061,3.5305864267521665
2.256919349868012,0.5071014492753623,0.2148779122939513,0.245479812075791,3.565826527661837
2.256919349868012,0.521304347826087,0.2254641928547111,0.2499915055425045,3.607672243258569
2.256919349868012,0.5355072463768116,0.2366715415347615,0.2544177446227044,3.6563793105243776
2.256919349868012,0.5497101449275362,0.2485642018985465,0.2587612904346548,3.712273501517747
2.256919349868012,0.5639130434782609,0.2612147011581086,0.2630248502972317,3.775757130175323
2.256919349868012,0.5781159420289855,0.2747052534873452,0.2672110796447839,3.8473176195274577
2.256919349868012,0.5923188405797102,0.2891294568329183,0.2713225839286309,3.927538505434572
2.256919349868012,0.6065217391304348,0.3045943570161254,0.2753619204849463,4.017113378336142
2.256919349868012,0.6207246376811595,0.3212229758073738,0.2793316003868676,4.116863445519496
2.256919349868012,0.634927536231884,0.3391574290199315,0.2832340902712305,4.227759616680247
2.256919349868012,0.6491304347826087,0.3585628019139477,0.287071814151046,4.350950327761635
2.256919349868012,0.6633333333333333,0.3796320058682066,0.2908471552121187,4.487796742799387
2.256919349868012,0.677536231884058,0.402591918488365,0.2945624575873393,4.639917552796296
2.256919349868012,0.6917391304347826,0.4277112211754463,0.2982200281325881,4.809246422691532
2.256919349868012,0.7059420289855073,0.4553105084887338,0.3018221381780592,4.998106329135403
2.256919349868012,0.7201449275362319,0.4857754758182863,0.3053710252833409,5.209306747155308
2.256919349868012,0.7343478260869566,0.5195743380645718,0.3088688949805027,5.446272213647531
2.256919349868012,0.7485507246376812,0.5572811518074632,0.3123179225173416,5.713214640527822
2.256919349868012,0.7627536231884058,0.5996075150072909,0.31572025459956,6.015367687584281
2.256919349868012,0.7769565217391304,0.6474463790321578,0.3190780111346976,6.359310840206638
2.256919349868012,0.7911594202898551,0.7019337382135619,0.3223932869819814,6.753425865387393
2.256919349868012,0.8053623188405797,0.7645373302119498,0.3256681537095409,7.208553259752784
2.256919349868012,0.8195652173913044,0.83718722889151,0.3289046613659538,7.738958853582698
2.256919349868012,0.833768115942029,0.9224733860322548,0.3321048402591929,8.363796064109618
2.256919349868012,0.8479710144927537,1.0239539030831837,0.3352707027631353,9.109387909177542
2.256919349868012,0.8621739130434782,1.146653908181648,0.3384042451352365,10.012920102082044
2.256919349868012,0.8763768115942029,1.297908326327922,0.3415074493679119,11.128680023715797
2.256919349868012,0.8905797101449275,1.4888610093852237,0.3445822850655203,12.53915478355128
2.256919349868012,0.9047826086956522,1.7373055546761305,0.3476307113531832,14.376061897203911
2.256919349868012,0.9189855072463768,2.073514325419465,0.3506546788275539,16.86350182308199
2.256919349868012,0.9331884057971016,2.553502321016416,0.3536561315486363,20.416151168726188
2.256919349868012,0.947391304347826,3.293776334224333,0.3566370090800579,25.89651283364658
2.256919349868012,0.9615942028985508,4.583187917289965,0.359599248581507,35.442970493776095
2.256919349868012,0.9757971014492756,7.388616042506312,0.3625447869655726,56.21338901375341
2.256919349868012,0.99,18.169948748168967,0.365475563114216,136.03072554498064
2.3311490318986507,0.01,0.0035453173066988,0.0072396745560094,67.64209078789847
2.3311490318986507,0.0242028985507246,0.008555211474811,0.0173127268190415,28.543011778675005
2.3311490318986507,0.0384057971014492,0.0135408697119328,0.0271458775848329,18.37548399249465
2.3311490318986507,0.0526086956521739,0.0185086864738617,0.0367454587397018,13.707815537535446
2.3311490318986507,0.0668115942028985,0.0234651846392054,0.0461176447649159,11.03290138769094
2.3311490318986507,0.0810144927536231,0.0284170349199962,0.0552684579077364,9.303022400733376
2.3311490318986507,0.0952173913043478,0.0333710763392236,0.0642037716514074,8.095601674516027
2.3311490318986507,0.1094202898550724,0.0383343395973295,0.0729293150253966,7.207484494545997
2.3311490318986507,0.1236231884057971,0.043314072388978,0.0814506763248256,6.594909937466352
2.3311490318986507,0.1378260869565217,0.0483177655836261,0.0897733070123947,6.349442311935949
2.3311490318986507,0.1520289855072464,0.053353183424657,0.0979025253975214,6.123856208435558
2.3311490318986507,0.166231884057971,0.0584283952092976,0.1058435202933426,5.916240893152709
2.3311490318986507,0.1804347826086956,0.0635518106748117,0.1136013545216977,5.724629081360939
2.3311490318986507,0.1946376811594203,0.0687322188565509,0.1211809683812709,5.547145174703124
2.3311490318986507,0.2088405797101449,0.0739788303789807,0.1285871830211805,5.382066577990839
2.3311490318986507,0.2230434782608695,0.0793013247775882,0.1358247036889862,5.227842523229745
2.3311490318986507,0.2372463768115942,0.0847099022272136,0.1428981229705698,5.083092294570338
2.3311490318986507,0.2514492753623188,0.0902153413325445,0.1498119238824272,4.946594270010589
2.3311490318986507,0.2656521739130435,0.0958290632632,0.1565704829335105,4.817271424987126
2.3311490318986507,0.2798550724637681,0.1015632031548603,0.1631780730825117,4.694176198714955
2.3311490318986507,0.2940579710144927,0.1074306899804395,0.1696388666506015,4.576476048408712
2.3311490318986507,0.3082608695652174,0.1134453359523263,0.175956938140572,4.463440280239127
2.3311490318986507,0.322463768115942,0.1196219370273704,0.1821362670018509,4.35442834592889
2.3311490318986507,0.3366666666666666,0.1259763861486257,0.188180740326286,4.248879606328201
2.3311490318986507,0.3508695652173913,0.1325258008872464,0.1940941554851076,4.146304432058218
2.3311490318986507,0.365072463768116,0.1392886683495467,0.1998802226931209,4.046276515320391
2.3311490318986507,0.3792753623188406,0.1462850094999653,0.2055425675361281,3.948426256328617
2.3311490318986507,0.3934782608695652,0.1535365665222107,0.2110847334183205,3.8524350583265545
2.3311490318986507,0.4076811594202899,0.1610670169205092,0.2165101839716356,3.7580304460575698
2.3311490318986507,0.4218840579710145,0.1689022189618231,0.2218223054076277,3.6649818721332985
2.3311490318986507,0.4360869565217391,0.1770704940317532,0.2270244088163335,3.573097144671983
2.3311490318986507,0.4502898550724638,0.1856029526546132,0.2321197324270119,3.482219397116406
2.3311490318986507,0.4644927536231884,0.1945338722096613,0.2371114438112756,3.46011235721805
2.3311490318986507,0.4786956521739131,0.2039011360773568,0.2420026420457611,3.481604466068338
2.3311490318986507,0.4928985507246377,0.2137467466998521,0.2467963598407936,3.509312262182951
2.3311490318986507,0.5071014492753623,0.2241174271144481,0.2514955656161512,3.543357437657781
2.3311490318986507,0.521304347826087,0.2350653292359496,0.256103165543798,3.583923119422741
2.3311490318986507,0.5355072463768116,0.2466488721997801,0.2606220055575702,3.631256850439226
2.3311490318986507,0.5497101449275362,0.2589337393048176,0.2650548733191889,3.685675161769655
2.3311490318986507,0.5639130434782609,0.271994069367486,0.269404500158956,3.747569905856896
2.3311490318986507,0.5781159420289855,0.2859138888795927,0.2736735629766653,3.8174166200140247
2.3311490318986507,0.5923188405797102,0.3007888434327052,0.2778646861199777,3.8957852806083726
2.3311490318986507,0.6065217391304348,0.3167283039250642,0.2819804432291017,3.9833539418335815
2.3311490318986507,0.6207246376811595,0.3338579461147464,0.2860233590551305,4.0809259265471445
2.3311490318986507,0.634927536231884,0.3523229322674692,0.2899959112566825,4.189451454941524
2.3311490318986507,0.6491304347826087,0.3722918653304705,0.2939005321680641,4.310054898831815
2.3311490318986507,0.6633333333333333,0.3939617443576912,0.2977396105506464,4.444069270901671
2.3311490318986507,0.677536231884058,0.4175642291902096,0.3015154933201027,4.5930801202957525
2.3311490318986507,0.6917391304347826,0.4433736374391083,0.3052304872583702,4.7589818325105
2.3311490318986507,0.7059420289855073,0.4717172586094289,0.3088868607087502,4.94405047850301
2.3311490318986507,0.7201449275362319,0.5029888093985592,0.3124868452577142,5.15103906689873
2.3311490318986507,0.7343478260869566,0.5376662055474608,0.3160326373993232,5.383303550029023
2.3311490318986507,0.7485507246376812,0.5763353564883871,0.3195264001985533,5.644971710228343
2.3311490318986507,0.7627536231884058,0.6197225074182147,0.3229702649379498,5.941172878723437
2.3311490318986507,0.7769565217391304,0.6687389387447087,0.3263663327632189,6.278355578688244
2.3311490318986507,0.7911594202898551,0.7245439050057824,0.3297166763240316,6.664734921601395
2.3311490318986507,0.8053623188405797,0.7886351312887889,0.3330233414112101,7.110936028035602
2.3311490318986507,0.8195652173913044,0.8629820501848332,0.3362883486002605,7.630941452366352
2.3311490318986507,0.833768115942029,0.9502273426250843,0.3395136948933458,8.243524423428832
2.3311490318986507,0.8479710144927537,1.054001450259337,0.3427013553713187,8.97448558535356
2.3311490318986507,0.8621739130434782,1.179431550686742,0.3458532848527339,9.8602728223085
2.3311490318986507,0.8763768115942029,1.3340013867045264,0.3489714195660443,10.954096457273316
2.3311490318986507,0.8905797101449275,1.529080740077971,0.3520576788371506,12.33680713989491
2.3311490318986507,0.9047826086956522,1.782823750256045,0.3551139667953541,14.13750930311444
2.3311490318986507,0.9189855072463768,2.126115916657427,0.3581421741006179,16.575857609984183
2.3311490318986507,0.9331884057971016,2.616106433913992,0.3611441796973899,20.05830213852764
2.3311490318986507,0.947391304347826,3.371660680301999,0.3641218525968011,25.43023502494433
2.3311490318986507,0.9615942028985508,4.6874771118656,0.3670770536926384,34.78761745773442
2.3311490318986507,0.9757971014492756,7.550005041869359,0.3700116376168278,55.14631207728336
2.3311490318986507,0.99,18.549882469069363,0.3729274546334472,133.38053293915328
2.4078201151670853,0.01,0.0037167393077133,0.0074128536525847,67.63807646123435
2.4078201151670853,0.0242028985507246,0.0089680701600634,0.0177268492804149,28.53881214948591
2.4078201151670853,0.0384057971014492,0.0141929759272473,0.027795167380843,18.371088055033614
2.4078201151670853,0.0526086956521739,0.0193980728251095,0.0376242687127823,13.703214328805164
2.4078201151670853,0.0668115942028985,0.0245901070452314,0.0472204526641529,11.028085571631111
2.4078201151670853,0.0810144927536231,0.0297759735014783,0.0565898621426294,9.297981920311658
2.4078201151670853,0.0952173913043478,0.0349627379241999,0.0657384874985718,8.090325954654691
2.4078201151670853,0.1094202898550724,0.0401576608662728,0.0746721707956444,7.201962471301153
2.4078201151670853,0.1236231884057971,0.0453682231016999,0.0833966097985876,6.719601315314917
2.4078201151670853,0.1378260869565217,0.0506021526485685,0.0919173618085638,6.476121997702872
2.4078201151670853,0.1520289855072464,0.0558674553320581,0.1002398475381198,6.25197911244697
2.4078201151670853,0.166231884057971,0.0611724478695845,0.1083693547596771,6.0453874632637
2.4078201151670853,0.1804347826086956,0.0665257933323512,0.1163110419826352,5.854468638090633
2.4078201151670853,0.1946376811594203,0.071936541194057,0.1240699419244825,5.6774107502359445
2.4078201151670853,0.2088405797101449,0.0774141705552459,0.131650964996621,5.512537419202885
2.4078201151670853,0.2230434782608695,0.0829686382875296,0.1390589026252516,5.358331616219782
2.4078201151670853,0.2372463768115942,0.088610432126915,0.1462984305275655,5.213437388241851
2.4078201151670853,0.2514492753623188,0.0943506295454216,0.1533741118997238,5.076651316257755
2.4078201151670853,0.2656521739130435,0.1002009631199421,0.1602904005219567,4.9469097381198806
2.4078201151670853,0.2798550724637681,0.1061738936398816,0.1670516437845905,4.823274831714297
2.4078201151670853,0.2940579710144927,0.1122826915121795,0.1736620856444215,4.704921055441985
2.4078201151670853,0.3082608695652174,0.1185415280330697,0.1801258695015219,4.591122633647557
2.4078201151670853,0.322463768115942,0.124965577979784,0.1864470410131899,4.48124234377524
2.4078201151670853,0.3366666666666666,0.1315711350764406,0.1926295508327566,4.374721633327763
2.4078201151670853,0.3508695652173913,0.1383757422861771,0.1986772572878943,4.271071985754707
2.4078201151670853,0.365072463768116,0.1453983397268159,0.2045939289921146,4.169867442670521
2.4078201151670853,0.3792753623188406,0.1526594321410683,0.2103832473947376,4.070738127189263
2.4078201151670853,0.3934782608695652,0.1601812801575101,0.2160488092740826,3.973364661398784
2.4078201151670853,0.4076811594202899,0.1679881185454311,0.2215941291730684,3.8774733494016513
2.4078201151670853,0.4218840579710145,0.1761064066134407,0.2270226417755996,3.782832032691773
2.4078201151670853,0.4360869565217391,0.1845651162707454,0.2323377042343955,3.689246551045112
2.4078201151670853,0.4502898550724638,0.1933960643302227,0.2375425984500604,3.596557705840314
2.4078201151670853,0.4644927536231884,0.2026342977474546,0.2426405332918586,3.5046387138805404
2.4078201151670853,0.4786956521739131,0.2123185415637298,0.2476346467831665,3.4623032871426958
2.4078201151670853,0.4928985507246377,0.2224917218704811,0.2525280082278171,3.488950038360796
2.4078201151670853,0.5071014492753623,0.2332015792870871,0.2573236203100786,3.5218607574326266
2.4078201151670853,0.521304347826087,0.244501391087185,0.2620244211354037,3.5612117198079267
2.4078201151670853,0.5355072463768116,0.2564508260286565,0.2666332862418475,3.607242769225916
2.4078201151670853,0.5497101449275362,0.2691169606138128,0.2711530305688761,3.6602617527806656
2.4078201151670853,0.5639130434782609,0.2825754939232681,0.2755864103924849,3.720650696820289
2.4078201151670853,0.5781159420289855,0.2969122075215134,0.2799361252173731,3.7888739747935776
2.4078201151670853,0.5923188405797102,0.3122247308397753,0.2842048196459766,3.86548883088324
2.4078201151670853,0.6065217391304348,0.3286246880773438,0.2883950852058029,3.9511587309538143
2.4078201151670853,0.6207246376811595,0.3462403282147532,0.2925094621498812,4.046670209194799
2.4078201151670853,0.634927536231884,0.3652197682362292,0.296550441231181,4.152954064547023
2.4078201151670853,0.6491304347826087,0.3857350243093067,0.3005204654419301,4.271112084323341
2.4078201151670853,0.6633333333333333,0.4079870631833268,0.3044219317352014,4.402450862643641
2.4078201151670853,0.677536231884058,0.4322121885369012,0.3082571927139572,4.54852485274299
2.4078201151670853,0.6917391304347826,0.4586901927569489,0.3120285583042845,4.7111915853209325
2.4078201151670853,0.7059420289855073,0.4877548712954445,0.3157382974035823,4.892683129941023
2.4078201151670853,0.7201449275362319,0.519807738203162,0.3193886395084082,5.095699527555903
2.4078201151670853,0.7343478260869566,0.5553361424315751,0.322981776330097,5.323532401342004
2.4078201151670853,0.7485507246376812,0.5949375229917544,0.3265198633863657,5.580230630996521
2.4078201151670853,0.7627536231884058,0.6393523770804884,0.3300050215854296,5.870825707709621
2.4078201151670853,0.7769565217391304,0.6895098246223482,0.3334393387943974,6.201643346028026
2.4078201151670853,0.7911594202898551,0.7465917648546156,0.3368248713981395,6.580742385604888
2.4078201151670853,0.8053623188405797,0.8121251237739389,0.3401636458480893,7.018546001702654
2.4078201151670853,0.8195652173913044,0.8881176684762684,0.3434576602084658,7.528771149246004
2.4078201151670853,0.833768115942029,0.977263446784694,0.3467088856924583,8.129834608333917
2.4078201151670853,0.8479710144927537,1.0832633829975584,0.3499192682023405,8.84704728128601
2.4078201151670853,0.8621739130434782,1.211344097896672,0.353090729863859,9.716165334649276
2.4078201151670853,0.8763768115942029,1.3691343685894568,0.3562251705671248,10.789389368978716
2.4078201151670853,0.8905797101449275,1.5682241839334743,0.3593244695093369,12.146035909445407
2.4078201151670853,0.9047826086956522,1.8271191199030603,0.3623904867468018,13.912759750328435
2.4078201151670853,0.9189855072463768,2.1773023614544327,0.3654250647555396,16.305047878315563
2.4078201151670853,0.9331884057971016,2.6770287633207883,0.3684300300074138,19.72163853199481
2.4078201151670853,0.947391304347826,3.4474630137734423,0.3714071945552016,24.99188369151043
2.4078201151670853,0.9615942028985508,4.789003625353488,0.3743583576442044,34.17197651354407
2.4078201151670853,0.9757971014492756,7.70717890251568,0.3772853073416135,54.14466295589021
2.4078201151670853,0.99,18.92009452833286,0.3801898221897958,130.89478043034828
2.487012896932319,0.01,0.0038865498082013,0.0075805185895081,67.63420719460525
2.487012896932319,0.0242028985507246,0.0093769924995952,0.0181277857666292,28.53474845819863
2.487012896932319,0.0384057971014492,0.0148387777109905,0.0284237845653018,18.36683495417816
2.487012896932319,0.0526086956521739,0.0202787377473046,0.0384751012534917,13.698763752634871
2.487012896932319,0.0668115942028985,0.0257038359408219,0.0482881566345042,11.023428433633969
2.487012896932319,0.0810144927536231,0.0311211859435949,0.0578692110414286,9.293108666615884
2.487012896932319,0.0952173913043478,0.0365380746061977,0.0672243684039252,8.085226617924777
2.487012896932319,0.1094202898550724,0.0419619862972838,0.0763595809234378,7.196626524202468
2.487012896932319,0.1236231884057971,0.0474006280903786,0.0852806527741568,6.845512177531342
2.487012896932319,0.1378260869565217,0.0528619588701558,0.0939932442638642,6.604275282009426
2.487012896932319,0.1520289855072464,0.0583542193939911,0.1025028757185839,6.381805548464372
2.487012896932319,0.166231884057971,0.0638859664480334,0.1108149312435669,6.176445332152231
2.487012896932319,0.1804347826086956,0.0694661092341081,0.1189346624162091,5.986407071755547
2.487012896932319,0.1946376811594203,0.0751039498580127,0.1268671919289084,5.809944442151882
2.487012896932319,0.2088405797101449,0.0808092278360284,0.1346175170802864,5.6454289297630185
2.487012896932319,0.2230434782608695,0.0865921689801144,0.142190513188784,5.491378714389434
2.487012896932319,0.2372463768115942,0.0924635396066184,0.149590936936817,5.346463925020396
2.487012896932319,0.2514492753623188,0.0984347065544357,0.1568234296264095,5.209500505667568
2.487012896932319,0.2656521739130435,0.1045177041069158,0.1638925203396682,5.079439190180412
2.487012896932319,0.2798550724637681,0.1107253081621627,0.1708026290250581,4.955352814969475
2.487012896932319,0.2940579710144927,0.1170711195747314,0.1775580695130472,4.83642366689807
2.487012896932319,0.3082608695652174,0.1235696569938829,0.1841630524412423,4.721931641263586
2.487012896932319,0.322463768115942,0.1302364615622285,0.1906216881248926,4.6112435185684815
2.487012896932319,0.3366666666666666,0.1370882146230106,0.196937989336226,4.503803452661036
2.487012896932319,0.3508695652173913,0.1441428704944354,0.2031158740280003,4.399124620590493
2.487012896932319,0.365072463768116,0.1514198071581976,0.2091591679928579,4.296781948983166
2.487012896932319,0.3792753623188406,0.1589399971103125,0.2150716074453637,4.196405799844737
2.487012896932319,0.3934782608695652,0.166726202140307,0.220856841553427,4.097676499082189
2.487012896932319,0.4076811594202899,0.1748031958066575,0.226518434909234,4.000319606511392
2.487012896932319,0.4218840579710145,0.1831980185716098,0.2320598699316127,3.904101829263001
2.487012896932319,0.4360869565217391,0.1919402712548993,0.2374845492269355,3.8088275079601295
2.487012896932319,0.4502898550724638,0.2010624537113119,0.2427957978889882,3.714335597015757
2.487012896932319,0.4644927536231884,0.2106003573089133,0.2479968657458462,3.620497110473232
2.487012896932319,0.4786956521739131,0.2205935212264524,0.2530909295597687,3.527212976130095
2.487012896932319,0.4928985507246377,0.2310857653649219,0.2580810951781239,3.469451399648963
2.487012896932319,0.5071014492753623,0.2421258151057829,0.2629703996389972,3.5012841923005005
2.487012896932319,0.521304347826087,0.2537680372952127,0.267761813228793,3.539481446235405
2.487012896932319,0.5355072463768116,0.2660733106817892,0.2724582415017263,3.5842757578916284
2.487012896932319,0.5497101449275362,0.2791100614047798,0.2770625272504394,3.635966804565816
2.487012896932319,0.5639130434782609,0.2929555003838075,0.2815774524466954,3.694927367944194
2.487012896932319,0.5781159420289855,0.3076971105057794,0.2860057401331126,3.7616113217297498
2.487012896932319,0.5923188405797102,0.3234344446466957,0.2903500562879239,3.836563933242567
2.487012896932319,0.6065217391304348,0.3402813127136633,0.2946130116461727,3.920434950455164
2.487012896932319,0.6207246376811595,0.358368460486242,0.2987971634888151,4.01399512119652
2.487012896932319,0.634927536231884,0.3778468729753488,0.3029050174046149,4.118156985537855
2.487012896932319,0.6491304347826087,0.3988918805151447,0.3069390290140999,4.234001099484467
2.487012896932319,0.6633333333333333,0.4217083038197601,0.3109016056673432,4.362809225175968
2.487012896932319,0.677536231884058,0.4465369587180486,0.3147951081134745,4.506106589034529
2.487012896932319,0.6917391304347826,0.4736629590648599,0.318621852140405,4.665716087491183
2.487012896932319,0.7059420289855073,0.503426425794466,0.3223841101968412,4.843828440107814
2.487012896932319,0.7201449275362319,0.5362364567512272,0.3260841129790076,5.043093919771265
2.487012896932319,0.7343478260869566,0.5725895781047177,0.3297240510079388,5.2667437078159285
2.487012896932319,0.7485507246376812,0.6130944488691012,0.3333060761750977,5.518752555990454
2.487012896932319,0.7627536231884058,0.6585054391069503,0.3368323032761048,5.804060041153744
2.487012896932319,0.7769565217391304,0.7097690377987333,0.3403048115236455,6.128876512772623
2.487012896932319,0.7911594202898551,0.7680891967846654,0.3437256460473367,6.501114019392565
2.487012896932319,0.8053623188405797,0.8350212850435619,0.3470968193740604,6.931006049707556
2.487012896932319,0.8195652173913044,0.9126104160637522,0.350420312901861,7.432020092644781
2.487012896932319,0.833768115942029,1.00360068828978,0.353698078360439,8.022238140478294
2.487012896932319,0.8479710144927537,1.111761712266954,0.3569320392613926,8.7265111291842
2.487012896932319,0.8621739130434782,1.242417028967019,0.3601240923452193,9.579945578304793
2.487012896932319,0.8763768115942029,1.4033367838192792,0.3632761090179394,10.633793793995244
2.487012896932319,0.8905797101449275,1.6063256241680663,0.3663899367897815,11.965931531759155
2.487012896932319,0.9047826086956522,1.87023172851964,0.3694674007073893,13.700713037261512
2.487012896932319,0.9189855072463768,2.2271209714437625,0.3725103047928499,16.049711310095596
2.487012896932319,0.9331884057971016,2.736326163073337,0.3755204334813815,19.404422215893323
2.487012896932319,0.947391304347826,3.521253738310325,0.3784995530648082,24.57913409961372
2.487012896932319,0.9615942028985508,4.8878596408559645,0.3814494131447669,33.59269324170072
2.487012896932319,0.9757971014492756,7.860273908154141,0.3843717480946521,53.20283346752103
2.487012896932319,0.99,19.28088166996101,0.3872682785343164,128.5591638933311
2.56881031541614,0.01,0.0040545576482793,0.0077428454613069,67.63045309802585
2.56881031541614,0.0242028985507246,0.0097815225297196,0.0185159562281162,28.530814407501992
2.56881031541614,0.0384057971014492,0.015477560578977,0.0290323875658649,18.36271978255495
2.56881031541614,0.0526086956521739,0.0211497141001179,0.0392988478596092,13.694458512471968
2.56881031541614,0.0668115942028985,0.0268051580828874,0.0493218755424197,11.018924487582211
2.56881031541614,0.0810144927536231,0.0324512196750784,0.059107845501728,9.28839691168962
2.56881031541614,0.0952173913043478,0.0380954013152666,0.0686629723558376,8.080297550251737
2.56881031541614,0.1094202898550724,0.0437454045761663,0.0779933153505628,7.230515322555949
2.56881031541614,0.1236231884057971,0.0494091576527298,0.0871047823460029,6.972623928282206
2.56881031541614,0.1378260869565217,0.0550948435451255,0.0960031339405172,6.733891366848983
2.56881031541614,0.1520289855072464,0.0608109315725832,0.1046939874075572,6.51333273202394
2.56881031541614,0.166231884057971,0.0665662117173927,0.1131828206441236,6.30941974755033
2.56881031541614,0.1804347826086956,0.072369832180829,0.1214749758941968,6.120457507356507
2.56881031541614,0.1946376811594203,0.0782313404908231,0.1295756634499317,5.944767008823048
2.56881031541614,0.2088405797101449,0.0841607287088799,0.1374899652308158,5.780769163944489
2.56881031541614,0.2230434782608695,0.0901684834496543,0.1452228382979082,5.627018802835369
2.56881031541614,0.2372463768115942,0.096265641214687,0.1527791182276689,5.482213409464453
2.56881031541614,0.2514492753623188,0.102463849414365,0.1601635224495849,5.345189446984699
2.56881031541614,0.2656521739130435,0.1087754344671255,0.1673806534635625,5.214913058819698
2.56881031541614,0.2798550724637681,0.1152134775158592,0.1744350020012458,5.090468661509036
2.56881031541614,0.2940579710144927,0.1217918994372992,0.1813309500743583,4.971047194016864
2.56881031541614,0.3082608695652174,0.1285255551526854,0.1880727739725773,4.855934969819282
2.56881031541614,0.322463768115942,0.1354303403959371,0.1946646471778289,4.744503453379492
2.56881031541614,0.3366666666666666,0.142523311658816,0.2011106431924535,4.636200130354927
2.56881031541614,0.3508695652173913,0.1498228212625843,0.2074147383149854,4.530540450211912
2.56881031541614,0.365072463768116,0.157348670982145,0.2135808143304358,4.427100763953856
2.56881031541614,0.3792753623188406,0.1651222858734831,0.2196126611455204,4.325512182430892
2.56881031541614,0.3934782608695652,0.1731669126099747,0.2255139793525337,4.225455221782747
2.56881031541614,0.4076811594202899,0.1815078461006725,0.2312883827317922,4.126655169699044
2.56881031541614,0.4218840579710145,0.1901726891428039,0.2369394006996462,4.028878059929938
2.56881031541614,0.4360869565217391,0.1991916512496133,0.242470480686513,3.9319271956117934
2.56881031541614,0.4502898550724638,0.2085978934294708,0.2478849904729855,3.835640157413522
2.56881031541614,0.4644927536231884,0.2184279276144408,0.2531862204584345,3.739886238863269
2.56881031541614,0.4786956521739131,0.2287220813369845,0.2583773858877455,3.644564284693237
2.56881031541614,0.4928985507246377,0.2395250400411132,0.2634616290192394,3.5496009055070394
2.56881031541614,0.5071014492753623,0.2508864831611735,0.2684420212499908,3.481579073900533
2.56881031541614,0.521304347826087,0.2628618331214047,0.2733215651885008,3.5186796887289624
2.56881031541614,0.5355072463768116,0.2755131415074479,0.2781031966879065,3.5622989010597284
2.56881031541614,0.5497101449275362,0.2889101428387369,0.2827897868294075,3.612728689557847
2.56881031541614,0.5639130434782609,0.3031315141442274,0.287384143864929,3.6703331264079897
2.56881031541614,0.5781159420289855,0.3182663885983168,0.291889015122005,3.7355561935884753
2.56881031541614,0.5923188405797102,0.3344161855617477,0.2963070888638371,3.808931878567422
2.56881031541614,0.6065217391304348,0.3516968365746827,0.300640996114656,3.891097010853437
2.56881031541614,0.6207246376811595,0.3702415116253935,0.3048933124481724,3.9828074715297648
2.56881031541614,0.634927536231884,0.3902039814300065,0.3090665597391462,4.0849586093266845
2.56881031541614,0.6491304347826087,0.4117627962343045,0.3131632078804731,4.198610990719891
2.56881031541614,0.6633333333333333,0.4351265223461831,0.3171856764715632,4.325023001136883
2.56881031541614,0.677536231884058,0.4605403621883665,0.3211363364699689,4.465692355469732
2.56881031541614,0.6917391304347826,0.4882946044913802,0.3250175118166187,4.622409350662055
2.56881031541614,0.7059420289855073,0.5187355232573236,0.3288314810340396,4.797325789587788
2.56881031541614,0.7201449275362319,0.5522795951950606,0.3325804787899105,4.993045106850101
2.56881031541614,0.7343478260869566,0.589432278251468,0.3362666974453417,5.2127416061656895
2.56881031541614,0.7485507246376812,0.630813153759668,0.3398922885696048,5.460320284325158
2.56881031541614,0.7627536231884058,0.6771900998814364,0.3434593644381746,5.740634232923415
2.56881031541614,0.7769565217391304,0.729526521307352,0.3469699995038007,6.059785254168028
2.56881031541614,0.7911594202898551,0.7890478509857562,0.350426231855076,6.425547286332027
2.56881031541614,0.8053623188405797,0.8573371686118246,0.3538300646452507,6.847975356266013
2.56881031541614,0.8195652173913044,0.9364759781191304,0.3571834675161364,7.3403022560239695
2.56881031541614,0.833768115942029,1.0292571541333388,0.3604883779982325,7.9202950200909905
2.56881031541614,0.8479710144927537,1.139517252248624,0.3637467028982984,8.612371872018375
2.56881031541614,0.8621739130434782,1.2726742860755085,0.3669603196766903,9.451028189143498
2.56881031541614,0.8763768115942029,1.4366362107762254,0.370131077810972,10.486624203287649
2.56881031541614,0.8905797101449275,1.6434169426498264,0.3732608001532209,11.7956803339237
2.56881031541614,0.9047826086956522,1.912198678187882,0.3763512842760783,13.500386714181245
2.56881031541614,0.9189855072463768,2.2756154035210137,0.3794043038161267,15.808634505766555
2.56881031541614,0.9331884057971016,2.794050944593706,0.3824216098118115,19.10510679943064
2.56881031541614,0.947391304347826,3.593097499149968,0.3854049320395308,24.189921885225957
2.56881031541614,0.9615942028985508,4.98412971468631,0.3883559803467961,33.04679466213783
2.56881031541614,0.9757971014492756,8.009415120204885,0.3912764459916523,52.31586291828149
2.56881031541614,0.99,19.632516937058323,0.394168002980977,126.36105601570743
2.6532980366639185,0.01,0.0042205929377153,0.0079000046053668,67.62679084864986
2.6532980366639185,0.0242028985507246,0.0101812568164048,0.0188917669016675,28.52700877634379
2.6532980366639185,0.0384057971014492,0.0161086915990428,0.0296216140895144,18.358738157124225
2.6532980366639185,0.0526086956521739,0.0220101452845811,0.0400963712281618,13.690293814286012
2.6532980366639185,0.0668115942028985,0.0278929998934278,0.0503226922980961,11.01456852002601
2.6532980366639185,0.0810144927536231,0.0337647906213097,0.0603070633833962,9.283841096739064
2.6532980366639185,0.0952173913043478,0.0396332294990594,0.0700558069763968,8.075532734573573
2.6532980366639185,0.1094202898550724,0.0455062303736721,0.0795750866730533,7.355232427451461
2.6532980366639185,0.1236231884057971,0.0513919360662606,0.0888709112516234,7.100916428943039
2.6532980366639185,0.1378260869565217,0.0572987478386619,0.0979491389999114,6.8649578182003
2.6532980366639185,0.1520289855072464,0.0632353572880544,0.1068154816945427,6.646556295624541
2.6532980366639185,0.166231884057971,0.0692107810463414,0.1154755085746047,6.444314481316013
2.6532980366639185,0.1804347826086956,0.0752343996749996,0.1239346502031655,6.256631778679445
2.6532980366639185,0.1946376811594203,0.0813159988591368,0.1321982022452499,6.081898098080549
2.6532980366639185,0.2088405797101449,0.0874658159533299,0.1402713290927406,5.918585291705507
2.6532980366639185,0.2230434782608695,0.0936945907152865,0.1481590674690379,5.765286224552714
2.6532980366639185,0.2372463768115942,0.1000136216317924,0.1558663298701617,5.620726974135262
2.6532980366639185,0.2514492753623188,0.1064348281618792,0.1633979079662285,5.483765639758608
2.6532980366639185,0.2656521739130435,0.1129708199617962,0.1707584758775871,5.353384795167963
2.6532980366639185,0.2798550724637681,0.1196349741938739,0.1779525933968394,5.228681329535747
2.6532980366639185,0.2940579710144927,0.1264415215775768,0.1849847091067114,5.108855667097767
2.6532980366639185,0.3082608695652174,0.1334056429028806,0.191859163418858,4.993201280242721
2.6532980366639185,0.322463768115942,0.1405435773762699,0.1985801915433143,4.88109499864576
2.6532980366639185,0.3366666666666666,0.1478727448138815,0.2051519263736335,4.771988268612334
2.6532980366639185,0.3508695652173913,0.1554118829851029,0.2115784013001301,4.665399387667066
2.6532980366639185,0.365072463768116,0.1631812040316954,0.2178635529530039,4.560906676703468
2.6532980366639185,0.3792753623188406,0.1712025711717524,0.2240112238727006,4.458142499401156
2.6532980366639185,0.3934782608695652,0.1794997006562496,0.2300251651207081,4.356788054602688
2.6532980366639185,0.4076811594202899,0.1880983923031484,0.2359090388171386,4.256568820078623
2.6532980366639185,0.4218840579710145,0.1970267934943199,0.241666420616336,4.157250615350733
2.6532980366639185,0.4360869565217391,0.2063157032523074,0.2473008021319925,4.05863616114222
2.6532980366639185,0.4502898550724638,0.2159989230678364,0.2528155932922633,3.9605621141612057
2.6532980366639185,0.4644927536231884,0.2261136629812594,0.258214124641098,3.8628965177985055
2.6532980366639185,0.4786956521739131,0.2367010144249463,0.263499649589854,3.7655366220829247
2.6532980366639185,0.4928985507246377,0.2478065017702712,0.2686753466099014,3.668407068600801
2.6532980366639185,0.5071014492753623,0.25948072930764,0.2737443213786905,3.5714584186559506
2.6532980366639185,0.521304347826087,0.2717801430330981,0.2787096088715473,3.4987574739594023
2.6532980366639185,0.5355072463768116,0.2847679319799109,0.2835741754127514,3.541259279525805
2.6532980366639185,0.5497101449275362,0.2985151000796093,0.288340920671348,3.590490175432961
2.6532980366639185,0.5639130434782609,0.3131017470915641,0.2930126796208872,3.646806017498804
2.6532980366639185,0.5781159420289855,0.3286186080650174,0.2975922244476342,3.71064145694536
2.6532980366639185,0.5923188405797102,0.3451689146766498,0.3020822664255501,3.78251984285416
2.6532980366639185,0.6065217391304348,0.3628706590026394,0.306485457742421,3.863065820913308
2.6532980366639185,0.6207246376811595,0.381859366276178,0.3108043932935611,3.953021254234905
2.6532980366639185,0.634927536231884,0.4022915142915583,0.3150416124309759,4.053265281463776
2.6532980366639185,0.6491304347826087,0.4243487832823524,0.3191996006841949,4.164839622905693
2.6532980366639185,0.6633333333333333,0.4482433815347119,0.3232807914393286,4.2889806260302725
2.6532980366639185,0.677536231884058,0.474224777784997,0.3272875675856639,4.42716007091749
2.6532980366639185,0.6917391304347826,0.5025882951754321,0.3312222631315265,4.58113752672235
2.6532980366639185,0.7059420289855073,0.5336861951368008,0.3350871647879942,4.753028115337537
2.6532980366639185,0.7201449275362319,0.5679421364232504,0.3388845135210983,4.945391127503576
2.6532980366639185,0.7343478260869566,0.6058702723390298,0.3426165060783361,5.161347263044969
2.6532980366639185,0.7485507246376812,0.648100819776762,0.3462852964829915,5.404735783043626
2.6532980366639185,0.7627536231884058,0.6954148127293515,0.3498929975085096,5.6803282790782506
2.6532980366639185,0.7769565217391304,0.748792133633572,0.3534416821232422,5.994124268890629
2.6532980366639185,0.7911594202898551,0.809479143741589,0.3569333849124003,6.353767553207582
2.6532980366639185,0.8053623188405797,0.8790859243184375,0.3603701034800482,6.769145004132093
2.6532980366639185,0.8195652173913044,0.959729443047612,0.3637537998295749,7.253268277376203
2.6532980366639185,0.833768115942029,1.0542501141105929,0.3670864017200175,7.8236076547253
2.6532980366639185,0.8479710144927537,1.166549747425955,0.3703698040132123,8.504173667273328
2.6532980366639185,0.8621739130434782,1.3021384508953049,0.3736058699964873,9.32888589569338
2.6532980366639185,0.8763768115942029,1.4690585294743883,0.3767964326921106,10.34726410281688
2.6532980366639185,0.8905797101449275,1.6795279255643474,0.3799432961535555,11.63455178859004
2.6532980366639185,0.9047826086956522,1.95305449982306,0.3830482367508648,13.31090020196209
2.6532980366639185,0.9189855072463768,2.3228261590732315,0.3861130044399573,15.580731737685005
2.6532980366639185,0.9331884057971016,2.850251515559233,0.3891393240279382,18.822311000145383
2.6532980366639185,0.947391304347826,3.6630540133669034,0.3921288964256075,23.822406348402165
2.6532980366639185,0.9615942028985508,5.077891900799527,0.3950833998965605,32.53163466048073
2.6532980366639185,0.9757971014492756,8.15471806403037,0.3980044913005805,51.4793440851392
2.6532980366639185,0.99,19.97525328503112,0.4008938073327437,124.28925918997624
2.7405645442622526,0.01,0.0043845060338746,0.0080521572001655,67.62327225878256
2.7405645442622526,0.0242028985507246,0.0105758382631489,0.0192556119505927,28.52332497878401
2.7405645442622526,0.0384057971014492,0.0167316112327831,0.030192080861457,18.354885220373376
2.7405645442622526,0.0526086956521739,0.0228592764930411,0.0408685067008071,13.686264916897445
2.7405645442622526,0.0668115942028985,0.0289664166143838,0.0512916551824309,11.010355579493623
2.7405645442622526,0.0810144927536231,0.0350607699334886,0.0614681208454644,9.279435900117564
2.7405645442622526,0.0952173913043478,0.0411502526934203,0.0714043313938251,8.070926505507767
2.7405645442622526,0.1094202898550724,0.0472429856234921,0.0811065520373727,7.480807197697802
2.7405645442622526,0.1236231884057971,0.0533473205418482,0.0905808900153908,7.230367837904058
2.7405645442622526,0.1378260869565217,0.059471871295628,0.0998332987698823,6.997460501910814
2.7405645442622526,0.1520289855072464,0.0656255453534814,0.108869582158073,6.781470217011662
2.7405645442622526,0.166231884057971,0.0718175802547564,0.1176953984701344,6.581131730491052
2.7405645442622526,0.1804347826086956,0.0780575819780717,0.1263162643527116,6.394940261603848
2.7405645442622526,0.1946376811594203,0.084355567683061,0.1347375586851237,6.22135610288421
2.7405645442622526,0.2088405797101449,0.0907220130416763,0.1429645262789447,6.0589034644578845
2.7405645442622526,0.2230434782608695,0.0971679035774226,0.1510022815323214,5.906214541679378
2.7405645442622526,0.2372463768115942,0.1037047919656371,0.1588558119636098,5.762045223165775
2.7405645442622526,0.2514492753623188,0.1103448616918157,0.1665299816652067,5.625276333435244
2.7405645442622526,0.2656521739130435,0.1171009972268984,0.1740295346445141,5.494907858494559
2.7405645442622526,0.2798550724637681,0.1239868626203,0.1813590981211565,5.370050068149227
2.7405645442622526,0.2940579710144927,0.1310169891286514,0.1885231856749229,5.249913680583157
2.7405645442622526,0.3082608695652174,0.1382068734339306,0.1955262003649266,5.133800074407584
2.7405645442622526,0.322463768115942,0.1455730876683023,0.2023724377392495,5.021092119205402
2.7405645442622526,0.3366666666666666,0.1531334036520577,0.209066088776234,4.911245850037994
2.7405645442622526,0.3508695652173913,0.1609069327734589,0.2156112427414381,4.803782994495898
2.7405645442622526,0.365072463768116,0.1689142847152422,0.2220118899802206,4.698284383139796
2.7405645442622526,0.3792753623188406,0.177177747431369,0.2282719246304713,4.594384146692123
2.7405645442622526,0.3934782608695652,0.1857214921852371,0.2343951472734934,4.49176464579508
2.7405645442622526,0.4076811594202899,0.1945718079304274,0.2403852675109603,4.390152021791443
2.7405645442622526,0.4218840579710145,0.2037573699646667,0.246245906482233,4.289312326435925
2.7405645442622526,0.4360869565217391,0.2133095487275288,0.2519805993125388,4.189048145489779
2.7405645442622526,0.4502898550724638,0.2232627663942698,0.2575927975104841,4.089195658272494
2.7405645442622526,0.4644927536231884,0.2336549100265854,0.2630858712975989,3.9896221079246295
2.7405645442622526,0.4786956521739131,0.2445278117051422,0.2684631118867239,3.8902236194377897
2.7405645442622526,0.4928985507246377,0.2559278094831611,0.2737277337004186,3.790923358514911
2.7405645442622526,0.5071014492753623,0.2679064047543389,0.278882876542844,3.691670021594387
2.7405645442622526,0.521304347826087,0.2805210367615636,0.2839316077128908,3.5924366460120125
2.7405645442622526,0.5355072463768116,0.2938359983839989,0.2888769240742556,3.521107616004571
2.7405645442622526,0.5497101449275362,0.3079235257805603,0.2937217540695895,3.569198030549504
2.7405645442622526,0.5639130434782609,0.3228651001776627,0.2984689596986815,3.624288484214585
2.7405645442622526,0.5781159420289855,0.3387530124595393,0.3031213384366305,3.6868048164374265
2.7405645442622526,0.5923188405797102,0.3556922549076449,0.307681625123964,3.7572603296698026
2.7405645442622526,0.6065217391304348,0.3738028218467033,0.3121524938010816,3.836268164420853
2.7405645442622526,0.6207246376811595,0.3932225277459926,0.3165365595078878,3.924556948079796
2.7405645442622526,0.634927536231884,0.4141104822901725,0.3208363800447508,4.022990514937871
2.7405645442622526,0.6491304347826087,0.436651409578889,0.3250544576894906,4.13259279410409
2.7405645442622526,0.6633333333333333,0.4610610603390384,0.329193240880782,4.254579328241944
2.7405645442622526,0.677536231884058,0.4875930543476633,0.3332551258659667,4.390397418624877
2.7405645442622526,0.6917391304347826,0.516547613907102,0.3372424583104136,4.541777630230596
2.7405645442622526,0.7059420289855073,0.548282828468662,0.3411575348774658,4.710800465033175
2.7405645442622526,0.7201449275362319,0.5832293490186161,0.3450026047721286,4.899983552029957
2.7405645442622526,0.7343478260869566,0.6219097960454912,0.3487798712566122,5.112397003426717
2.7405645442622526,0.7485507246376812,0.6649647449390159,0.3524914931356407,5.351818047147046
2.7405645442622526,0.7627536231884058,0.7131880447715403,0.3561395862091256,5.622941366643423
2.7405645442622526,0.7769565217391304,0.7675756315787439,0.3597262247030351,5.931669962737601
2.7405645442622526,0.7911594202898551,0.8293942589787496,0.3632534426711922,6.285524839457759
2.7405645442622526,0.8053623188405797,0.900280321653631,0.366723235370186,6.694234203882517
2.7405645442622526,0.8195652173913044,0.9823853510994528,0.3701375606132365,7.170601060074456
2.7405645442622526,0.833768115942029,1.078596099355336,0.3734983401026767,7.731815697217123
2.7405645442622526,0.8479710144927537,1.1928779862068777,0.3768074607350275,8.401503984271896
2.7405645442622526,0.8621739130434782,1.330830899577669,0.3800667758937693,9.213042240704723
2.7405645442622526,0.8763768115942029,1.5006281256241385,0.3832781067162805,10.215157259283124
2.7405645442622526,0.8905797101449275,1.7146865264640616,0.3864432433492523,11.481887795165015
2.7405645442622526,0.9047826086956522,1.992831487675071,0.3895639461810322,13.131461469295708
2.7405645442622526,0.9189855072463768,2.3687910074349987,0.392641947065679,15.365028011799856
2.7405645442622526,0.9331884057971016,2.904972918109815,0.3956789505289155,18.554796421390684
2.7405645442622526,0.947391304347826,3.7311787663133793,0.3986766349623896,23.47493991602401
2.7405645442622526,0.9615942028985508,5.169218690135887,0.4016366538057933,32.044848717333224
2.7405645442622526,0.9757971014492756,8.296290133421289,0.4045606367242554,50.689345454690944
2.7405645442622526,0.99,20.309326587814382,0.4074501907684524,122.3338017492564
2.830701232007399,0.01,0.0045461680348484,0.0081994666970151,67.61986065351535
2.830701232007399,0.0242028985507246,0.0109649527066577,0.0196078715844865,28.519759236520823
2.830701232007399,0.0384057971014492,0.0173458305377526,0.0307443857189505,18.35115734332553
2.830701232007399,0.0526086956521739,0.0236964466603104,0.0416160629913012,13.682367242466835
2.830701232007399,0.0668115942028985,0.030024581587329,0.0522297788488663,11.006280835051106
2.830701232007399,0.0810144927536231,0.0363381710969067,0.0625922337438673,9.275176106298987
2.830701232007399,0.0952173913043478,0.0426453308632571,0.0727099577171448,8.066473363474254
2.830701232007399,0.1094202898550724,0.0489543825391588,0.0825893151562927,7.607209376218003
2.830701232007399,0.1236231884057971,0.055273882297973,0.0922365092091973,7.360954615879915
2.830701232007399,0.1378260869565217,0.0616126504260511,0.1016575861535796,7.131383498677353
2.830701232007399,0.1520289855072464,0.0679798046926627,0.1108584396009354,6.918066655594195
2.830701232007399,0.166231884057971,0.0743847972305283,0.1198448146511222,6.719872008305422
2.830701232007399,0.1804347826086956,0.0808374533805316,0.1286223119291401,6.535391795227712
2.830701232007399,0.1946376811594203,0.0873480155162461,0.1371963914416722,6.363158046589444
2.830701232007399,0.2088405797101449,0.0939271906536421,0.1455723764327033,6.201748647032799
2.830701232007399,0.2230434782608695,0.1005862028537775,0.153755457067499,6.049836374382169
2.830701232007399,0.2372463768115942,0.107336851938292,0.1617506940692707,5.906208066428866
2.830701232007399,0.2514492753623188,0.1141915775397776,0.169563022192072,5.769768337546144
2.830701232007399,0.2656521739130435,0.1211635307992694,0.1771972536704827,5.639535553514697
2.830701232007399,0.2798550724637681,0.1282666541367681,0.1846580815458591,5.514634246644058
2.830701232007399,0.2940579710144927,0.1355157705201383,0.1919500828896358,5.3942862335311705
2.830701232007399,0.3082608695652174,0.1429266827935423,0.1990777219794047,5.277801527723234
2.830701232007399,0.322463768115942,0.1505162861264908,0.2060453533428585,5.164569731997151
2.830701232007399,0.3366666666666666,0.1583026936579741,0.2128572247703569,5.054052085329414
2.830701232007399,0.3508695652173913,0.1663053790666204,0.219517480214095,4.9457743284527735
2.830701232007399,0.365072463768116,0.1745453375084405,0.22603016262528,4.839320341580799
2.830701232007399,0.3792753623188406,0.1830452687006681,0.232399216712745,4.734326538958899
2.830701232007399,0.3934782608695652,0.1918297850989324,0.2386284916347981,4.630476926120848
2.830701232007399,0.4076811594202899,0.2009256501389322,0.2447217436162796,4.527498770531601
2.830701232007399,0.4218840579710145,0.2103620509384552,0.2506826385066993,4.425158808550791
2.830701232007399,0.4360869565217391,0.2201709120488499,0.256514754263704,4.323259928925201
2.830701232007399,0.4502898550724638,0.2303872578803327,0.2622215833794342,4.221638276425784
2.830701232007399,0.4644927536231884,0.2410496321457878,0.2678065352475156,4.120160731804151
2.830701232007399,0.4786956521739131,0.2522005856632309,0.2732729384707612,4.018722747282983
2.830701232007399,0.4928985507246377,0.2638872459722772,0.2786240431047205,3.917246483674211
2.830701232007399,0.5071014492753623,0.2761619853764972,0.2838630228567691,3.815679273955039
2.830701232007399,0.521304347826087,0.2890832071968954,0.2889929772259654,3.713992377021552
2.830701232007399,0.5355072463768116,0.3027162763703292,0.2940169335942351,3.612180059960447
2.830701232007399,0.5497101449275362,0.3171346257590058,0.2989378492599347,3.548802668391647
2.830701232007399,0.5639130434782609,0.3324210786138786,0.3037586134344558,3.6027269717948163
2.830701232007399,0.5781159420289855,0.3486694376402966,0.3084820491809442,3.6639883740492345
2.830701232007399,0.5923188405797102,0.3659864061251371,0.3131109153150257,3.733090677282074
2.830701232007399,0.6065217391304348,0.3844939250369736,0.3176479082538781,3.810636146967092
2.830701232007399,0.6207246376811595,0.4043320347236306,0.3220956638321608,3.8973408973099257
2.830701232007399,0.634927536231884,0.4256624045908838,0.3264567590632373,3.994054295897482
2.830701232007399,0.6491304347826087,0.4486727197212923,0.3307337138712559,4.101783454617388
2.830701232007399,0.6633333333333333,0.4735821778453719,0.3349289927785913,4.221724254027605
2.830701232007399,0.677536231884058,0.5006484383816205,0.339045006556916,4.355300858576701
2.830701232007399,0.6917391304347826,0.5301764925930744,0.3430841138376689,4.504216423529124
2.830701232007399,0.7059420289855073,0.5625301040954662,0.3470486226937471,4.670518735072366
2.830701232007399,0.7201449275362319,0.5981467325856434,0.3509407921807404,4.85668605222991
2.830701232007399,0.7343478260869566,0.6375572451376359,0.3547628338479843,5.065740686222327
2.830701232007399,0.7485507246376812,0.6814123071344983,0.3585169132160056,5.301401249302878
2.830701232007399,0.7627536231884058,0.7305182526117351,0.362205151224622,5.568289757942762
2.830701232007399,0.7769565217391304,0.785886659574379,0.3658296256509562,5.872218019761424
2.830701232007399,0.7911594202898551,0.8488041534976689,0.3693923724969128,6.220591018299145
2.830701232007399,0.8053623188405797,0.920932773758456,0.3728953873506486,6.622987055550987
2.830701232007399,0.8195652173913044,1.0044577405164652,0.3763406267251644,7.092012007542296
2.830701232007399,0.833768115942029,1.10231097378225,0.3797300093642207,7.644591636626885
2.830701232007399,0.8479710144927537,1.2185199022375162,0.383065417531757,8.30398840580579
2.830701232007399,0.8621739130434782,1.3587719388966295,0.3863486982734804,9.103065396051798
2.830701232007399,0.8763768115942029,1.5313680678358852,0.3895816646604732,10.089800260945784
2.830701232007399,0.8905797101449275,1.748919092302411,0.392766097008513,11.337093611547957
2.830701232007399,0.9047826086956522,2.0315599850013064,0.3959037440802608,12.961355791706085
2.830701232007399,0.9189855072463768,2.413545345500745,0.3989963242713626,15.160644813638848
2.830701232007399,0.9331884057971016,2.958257283965797,0.4020455267729362,18.301448902762967
2.830701232007399,0.947391304347826,3.797523597843859,0.4050530127255457,23.14604258256395
2.830701232007399,0.9615942028985508,5.258177798200071,0.4080204163526119,31.584316118934968
2.830701232007399,0.9757971014492756,8.43423176472849,0.4109493460850958,49.94234649297059
2.830701232007399,0.99,20.63495814643501,0.413841385667516,120.48576881947872
2.923802499621564,0.01,0.00470546128128,0.0083420847786746,67.61654966929254
2.923802499621564,0.0242028985507246,0.0113483278750547,0.0199489155171846,28.51630772871927
2.923802499621564,0.0384057971014492,0.0179509220754564,0.0312791066569975,18.34754999417008
2.923802499621564,0.0526086956521739,0.0245210811249058,0.0423398227655206,13.67859662718955
2.923802499621564,0.0668115942028985,0.0310667769343093,0.0531380455601408,11.002339590398703
2.923802499621564,0.0810144927536231,0.0375961389888158,0.0636805788965393,9.271056781333735
2.923802499621564,0.0952173913043478,0.0441174767588174,0.0739740526865301,8.062167948778567
2.923802499621564,0.1094202898550724,0.0506393087029865,0.0840249279512021,7.734407230592483
2.923802499621564,0.1236231884057971,0.0571703888841215,0.0938395014335282,7.492651514737553
2.923802499621564,0.1378260869565217,0.0637197390102781,0.1034239099317659,7.266709040510094
2.923802499621564,0.1520289855072464,0.0702966819638276,0.1127841345867542,7.05633594782523
2.923802499621564,0.166231884057971,0.0769108783047577,0.1219260052162907,6.860533995494156
2.923802499621564,0.1804347826086956,0.0835723669291117,0.130855204286858,6.67799349989159
2.923802499621564,0.1946376811594203,0.0902916089966938,0.1395772709874847,6.507319413361753
2.923802499621564,0.2088405797101449,0.097079536330526,0.148097605056564,6.347144485182308
2.923802499621564,0.2230434782608695,0.1039476052552205,0.1564214706102224,6.196183233625007
2.923802499621564,0.2372463768115942,0.1109078552452713,0.1645539997811706,6.053254561411168
2.923802499621564,0.2514492753623188,0.117972974810606,0.1725001963187506,5.917287874745502
2.923802499621564,0.2656521739130435,0.1251563741551535,0.180264939057914,5.787320862304213
2.923802499621564,0.2798550724637681,0.132472265817659,0.1878529853194532,5.662493183220822
2.923802499621564,0.2940579710144927,0.1399357557841408,0.1952689742041684,5.542038543673082
2.923802499621564,0.3082608695652174,0.1475629442997066,0.2025174297960212,5.425276332886649
2.923802499621564,0.322463768115942,0.155371039709481,0.2096027643009499,5.311603540099509
2.923802499621564,0.3366666666666666,0.1633784865401903,0.2165292810708608,5.200487244697122
2.923802499621564,0.3508695652173913,0.1716051097751569,0.2233011775736353,5.091457776444994
2.923802499621564,0.365072463768116,0.1800722787048487,0.2299225482737549,4.984102613392196
2.923802499621564,0.3792753623188406,0.1888030924554855,0.2363973874370216,4.878060956452687
2.923802499621564,0.3934782608695652,0.1978225915819685,0.2427295918560107,4.77301894685354
2.923802499621564,0.4076811594202899,0.207157999789584,0.2489229635215372,4.668705438596168
2.923802499621564,0.4218840579710145,0.2168390007739571,0.2549812122101927,4.564888305990959
2.923802499621564,0.4360869565217391,0.2268980570233192,0.2609079580078605,4.46137117741292
2.923802499621564,0.4502898550724638,0.2373707772798911,0.266706733771934,4.357990590751435
2.923802499621564,0.4644927536231884,0.2482963425613243,0.2723809875290493,4.254613504128349
2.923802499621564,0.4786956521739131,0.2597180014761597,0.2779340848142632,4.15113513023771
2.923802499621564,0.4928985507246377,0.2716836481651101,0.2833693109488424,4.047477083740814
2.923802499621564,0.5071014492753623,0.2842465005373136,0.2886898732611786,3.9435858083363007
2.923802499621564,0.521304347826087,0.2974658984950252,0.2938989032567264,3.83943130029122
2.923802499621564,0.5355072463768116,0.3114082482624838,0.2989994587298769,3.735006118156118
2.923802499621564,0.5497101449275362,0.3261481456233717,0.3039945258239029,3.630324708394981
2.923802499621564,0.5639130434782609,0.3417697180608153,0.30888702104665,3.582071575846636
2.923802499621564,0.5781159420289855,0.3583682377902466,0.3136797932278677,3.642138234766354
2.923802499621564,0.5923188405797102,0.3760520718817886,0.3183756254398086,3.709952622361098
2.923802499621564,0.6065217391304348,0.3949450540672272,0.3229772368610224,3.786106708185568
2.923802499621564,0.6207246376811595,0.4151893898509006,0.3274872846050541,3.87130476509021
2.923802499621564,0.634927536231884,0.4369492389491219,0.3319083654969312,3.966382470378628
2.923802499621564,0.6491304347826087,0.4604151677022058,0.3362430178171203,4.072331022133915
2.923802499621564,0.6633333333333333,0.4858097284499732,0.3404937229935058,4.190327694076956
2.923802499621564,0.677536231884058,0.5133945130649029,0.3446629072649778,4.321774759908758
2.923802499621564,0.6917391304347826,0.5434791557474276,0.3487529432965074,4.468349439817485
2.923802499621564,0.7059420289855073,0.5764329454095504,0.3527661517648839,4.632068566899377
2.923802499621564,0.7201449275362319,0.6126999729555822,0.35670480290085,4.815373153548149
2.923802499621564,0.7343478260869566,0.6528191380359467,0.3605711180034817,5.021240287844975
2.923802499621564,0.7485507246376812,0.6974509356482255,0.3643672709176462,5.253333130056932
2.923802499621564,0.7627536231884058,0.7474138641257908,0.3680953894749434,5.516204953648291
2.923802499621564,0.7769565217391304,0.8037347434146211,0.3717575569100775,5.815581299301339
2.923802499621564,0.7911594202898551,0.8677195648204876,0.3753558132417223,6.158757401074085
2.923802499621564,0.8053623188405797,0.94105536151834,0.3788921566262054,6.555169759681707
2.923802499621564,0.8195652173913044,1.0259601899237123,0.3823685446806994,7.017237782978212
2.923802499621564,0.833768115942029,1.1254099985464496,0.3857868957835359,7.5616370161848865
2.923802499621564,0.8479710144927537,1.243492663801779,0.3891490903439467,8.211286175839987
2.923802499621564,0.8621739130434782,1.3859809250831805,0.392456972048955,8.998562877882222
2.923802499621564,0.8763768115942029,1.561300261315759,0.3957123490858238,9.970736179198555
2.923802499621564,0.8905797101449275,1.7822505584886124,0.3989169953428124,11.199630148376292
2.923802499621564,0.9047826086956522,2.06926862863416,0.4020726515861714,12.79993621936832
2.923802499621564,0.9189855072463768,2.4571225036749698,0.4051810266178409,14.966788048878234
2.923802499621564,0.9331884057971016,3.010144219882307,0.4082437984127908,18.061262781673385
2.923802499621564,0.947391304347826,3.8621371965052234,0.4112626152385329,22.83438039232273
2.923802499621564,0.9615942028985508,5.34483282687612,0.414239096755208,31.14812822616847
2.923802499621564,0.9757971014492756,8.568637420659208,0.4171748351021071,49.23518343144753
2.923802499621564,0.99,20.95235678823967,0.4200713959662567,118.73716102802348
3.01996585161728,0.01,0.0048622888064693,0.0084801607308845,67.61337012392543
3.01996585161728,0.0242028985507246,0.0117257277055156,0.0202791006940091,28.51296765698183
3.01996585161728,0.0384057971014492,0.0185465178875055,0.0317968038786219,18.344059331072245
3.01996585161728,0.0526086956521739,0.0253326839158804,0.0430405437835504,13.674948674600897
3.01996585161728,0.0668115942028985,0.032092385104809,0.0540174062899979,10.998527389677328
3.01996585161728,0.0810144927536231,0.03883393869578,0.0647342955445398,9.267073086405594
3.01996585161728,0.0952173913043478,0.0455658444799714,0.0751979391330503,8.112587589362079
3.01996585161728,0.1094202898550724,0.052296811314221,0.0854148923826471,7.862367437450419
3.01996585161728,0.1236231884057971,0.0590357873278933,0.0953915433309084,7.625431492089961
3.01996585161728,0.1378260869565217,0.065791989962363,0.1051341170014118,7.403417454487292
3.01996585161728,0.1520289855072464,0.0725749414857007,0.1146486800059571,7.196266473143982
3.01996585161728,0.166231884057971,0.0793945058007497,0.1239411447312397,7.003114472983032
3.01996585161728,0.1804347826086956,0.086260929466644,0.1330172735503098,6.82275070266248
3.01996585161728,0.1946376811594203,0.0931848863085063,0.1418826828811895,6.653854023169586
3.01996585161728,0.2088405797101449,0.1001775269586289,0.1505428471270621,6.495113131242413
3.01996585161728,0.2230434782608695,0.1072505332242876,0.1590031025510715,6.345285372576709
3.01996585161728,0.2372463768115942,0.1144161777367504,0.167268651011761,6.203222731446111
3.01996585161728,0.2514492753623188,0.1216873908495115,0.175344563583365,6.067880392314825
3.01996585161728,0.2656521739130435,0.1290778340618171,0.1832357841501419,5.93831626015715
3.01996585161728,0.2798550724637681,0.1366019827144622,0.1909471328044508,5.813685973473653
3.01996585161728,0.2940579710144927,0.1442752174018586,0.1984833092469049,5.693235895819476
3.01996585161728,0.3082608695652174,0.1521139271257891,0.2058488960184725,5.576295508806113
3.01996585161728,0.322463768115942,0.1601356242709768,0.2130483617005205,5.462269866136644
3.01996585161728,0.3366666666666666,0.1683590750408547,0.2200860639913747,5.350632497395985
3.01996585161728,0.3508695652173913,0.1768044454765072,0.2269662527287535,5.240918902526789
3.01996585161728,0.365072463768116,0.1854934679618328,0.2336930728089953,5.132720698344018
3.01996585161728,0.3792753623188406,0.1944496293793556,0.2402705670424234,5.025680385797855
3.01996585161728,0.3934782608695652,0.2036983857571337,0.2467026789254583,4.919486724419157
3.01996585161728,0.4076811594202899,0.2132674076306953,0.2529932553510071,4.813870625542551
3.01996585161728,0.4218840579710145,0.2231868608798849,0.2591460492272635,4.708601541414674
3.01996585161728,0.4360869565217391,0.2334897299723692,0.2651647220510343,4.603484280322052
3.01996585161728,0.4502898550724638,0.2442121912506878,0.2710528463993538,4.498356202274811
3.01996585161728,0.4644927536231884,0.2553940446120725,0.2768139083663676,4.393084764232661
3.01996585161728,0.4786956521739131,0.2670792162306782,0.2824513099262428,4.287565376937854
3.01996585161728,0.4928985507246377,0.279316345026407,0.2879683712481767,4.181719543154291
3.01996585161728,0.5071014492753623,0.2921594704496582,0.2933683329478012,4.075493281092035
3.01996585161728,0.521304347826087,0.3056688423022708,0.2986543582766349,3.968855808184101
3.01996585161728,0.5355072463768116,0.3199118789040541,0.3038295352676109,3.8617985010798552
3.01996585161728,0.5497101449275362,0.3349643063410973,0.3088968788166085,3.7543341475167895
3.01996585161728,0.5639130434782609,0.350911520131051,0.3138593327181652,3.6464965179241022
3.01996585161728,0.5781159420289855,0.3678502214381952,0.3187197716489833,3.621204160233515
3.01996585161728,0.5923188405797102,0.3858903952856152,0.323481003104047,3.6877919067617446
3.01996585161728,0.6065217391304348,0.4051577168489356,0.3281457692806891,3.762621185039748
3.01996585161728,0.6207246376811595,0.4257964980649566,0.3327167489227557,3.846385048190218
3.01996585161728,0.634927536231884,0.447973321830011,0.3371965591140387,3.939906202531624
3.01996585161728,0.6491304347826087,0.4718815588271718,0.3415877570326426,4.044160771705415
3.01996585161728,0.6633333333333333,0.4977470269326095,0.3458928416598439,4.160308403942588
3.01996585161728,0.677536231884058,0.5258351464768758,0.3501142554501347,4.289730635951626
3.01996585161728,0.6917391304347826,0.5564600727836034,0.3542543859574019,4.4340801230537785
3.01996585161728,0.7059420289855073,0.5899964757454489,0.3583155674281248,4.59534438037855
3.01996585161728,0.7201449275362319,0.626894905106631,0.3623000823508232,4.775929141944205
3.01996585161728,0.7343478260869566,0.6677020854594009,0.3662101629742268,4.9787686649554175
3.01996585161728,0.7485507246376812,0.7130880884620464,0.3700479927850579,5.2074735924662425
3.01996585161728,0.7627536231884058,0.763883264846727,0.3738157079572825,5.466532093294497
3.01996585161728,0.7769565217391304,0.8211292873762264,0.3775153987611607,5.761588010456944
3.01996585161728,0.7911594202898551,0.8861510202722302,0.3811491109474508,6.099832642085594
3.01996585161728,0.8053623188405797,0.9606598563741854,0.3847188470950621,6.490568201957351
3.01996585161728,0.8195652173913044,1.0469058575555987,0.3882265679315022,6.946037513933257
3.01996585161728,0.833768115942029,1.1479078893060577,0.3916741936243385,7.48267917152224
3.01996585161728,0.8479710144927537,1.2678127528938852,0.3950636050430232,8.123086372806398
3.01996585161728,0.8621739130434782,1.4124763678468284,0.3983966449976718,8.899177014362099
3.01996585161728,0.8763768115942029,1.5904455808457147,0.4016751194459897,9.857549140690812
3.01996585161728,0.8905797101449275,1.814704616275437,0.4049007986834398,11.069007383214911
3.01996585161728,0.9047826086956522,2.10598455829723,0.4080754185008648,12.64661545271463
3.01996585161728,0.9189855072463768,2.499554007080874,0.411200681328227,14.782737791889735
3.01996585161728,0.9331884057971016,3.060671134564632,0.4142782573485603,17.83332754035516
3.01996585161728,0.947391304347826,3.925065517695776,0.4173097855962304,22.538747230839142
3.01996585161728,0.9615942028985508,5.4292438222600286,0.4202968750353045,30.734561685058527
3.01996585161728,0.9757971014492756,8.69959641720099,0.4232411056157529,48.56500360685362
3.01996585161728,0.99,21.261720626778988,0.4261440293136986,117.08077579216516
3.119291999413411,0.01,0.0050165648857972,0.0086138406852067,67.61028453521497
3.119291999413411,0.0242028985507246,0.012096949359435,0.0205987720657489,28.50973618957373
3.119291999413411,0.0384057971014492,0.0191323029602235,0.0322980193517544,18.3406814751472
3.119291999413411,0.0526086956521739,0.0261308322292574,0.0437189597895859,13.671419236975382
3.119291999413411,0.0668115942028985,0.0331008798511893,0.0548687813041306,10.994839893873891
3.119291999413411,0.0810144927536231,0.040050946370942,0.0657544863533795,9.263220528706793
3.119291999413411,0.0952173913043478,0.046989716129752,0.076382897486737,8.234961566895828
3.119291999413411,0.1094202898550724,0.0539260850983762,0.0867606621822701,7.991055210067448
3.119291999413411,0.1236231884057971,0.0608691893127466,0.0968942574500245,7.759265704165217
3.119291999413411,0.1378260869565217,0.0678284378171251,0.1067899945338417,7.541487106721769
3.119291999413411,0.1520289855072464,0.0748135467553315,0.1164540233490504,7.337844550786861
3.119291999413411,0.166231884057971,0.0818345779030088,0.1258923369018079,7.14760820172966
3.119291999413411,0.1804347826086956,0.0889019798767271,0.1351107755101395,6.969666775349167
3.119291999413411,0.1946376811594203,0.0960266336420711,0.1441150309676755,6.802773868619148
3.119291999413411,0.2088405797101449,0.1032199025378871,0.1529106505494567,6.645675102343242
3.119291999413411,0.2230434782608695,0.1104936876951464,0.1615030409296474,6.497171605625019
3.119291999413411,0.2372463768115942,0.1178604884103583,0.1698974720229021,6.356149404685076
3.119291999413411,0.2514492753623188,0.1253334699908458,0.1780990806584136,6.221590382983721
3.119291999413411,0.2656521739130435,0.1329265383991683,0.1861128742210724,6.09257354410118
3.119291999413411,0.2798550724637681,0.1406544239884877,0.1939437341356071,5.968271297200466
3.119291999413411,0.2940579710144927,0.1485327743912177,0.2015964192891937,5.847943434856212
3.119291999413411,0.3082608695652174,0.1565782588302351,0.2090755693548401,5.730930233137489
3.119291999413411,0.322463768115942,0.1648086853424573,0.216385708028918,5.616645465596481
3.119291999413411,0.3366666666666666,0.1732431321711115,0.2235312461581672,5.504569725968932
3.119291999413411,0.3508695652173913,0.1819020968259584,0.2305164848146451,5.39424426223155
3.119291999413411,0.365072463768116,0.190807664175948,0.2373456182601167,5.285265365148462
3.119291999413411,0.3792753623188406,0.1999836976165953,0.2440227368550823,5.1772793502933325
3.119291999413411,0.3934782608695652,0.2094560567526259,0.2505518298631184,5.069978083049444
3.119291999413411,0.4076811594202899,0.2192528459566258,0.2569367882044851,4.9630949910806965
3.119291999413411,0.4218840579710145,0.2294046994136381,0.2631814071281018,4.8564015557317495
3.119291999413411,0.4360869565217391,0.2399451087207997,0.2692893888054513,4.749704198233812
3.119291999413411,0.4502898550724638,0.2509108014026478,0.2752643448731086,4.642841526914835
3.119291999413411,0.4644927536231884,0.2623421785994471,0.2811097988880384,4.535681921159484
3.119291999413411,0.4786956521739131,0.274283824919079,0.286829188743767,4.428121409657641
3.119291999413411,0.4928985507246377,0.286785102880164,0.2924258690005882,4.3200818176951
3.119291999413411,0.5071014492753623,0.2999008503491464,0.2979031131747103,4.211509180351115
3.119291999413411,0.521304347826087,0.3136922016677346,0.3032641159540326,4.102372401606484
3.119291999413411,0.5355072463768116,0.3282275589777186,0.308511995369982,3.992662178237933
3.119291999413411,0.5497101449275362,0.3435837474803001,0.3136497949058729,3.882390180100277
3.119291999413411,0.5639130434782609,0.3598473957397956,0.3186804855580663,3.7715885379737335
3.119291999413411,0.5781159420289855,0.3771165948135898,0.3236069678364198,3.660309663428337
3.119291999413411,0.5923188405797102,0.3955029037443202,0.3284320737274005,3.666557933553413
3.119291999413411,0.6065217391304348,0.415133789207565,0.3331585685961146,3.740124926465648
3.119291999413411,0.6207246376811595,0.4361556129635078,0.3377891530472796,3.822522643548111
3.119291999413411,0.634927536231884,0.45873731655278,0.3423264647384721,3.914561492398135
3.119291999413411,0.6491304347826087,0.4830750002575187,0.3467730801487204,4.017203299793973
3.119291999413411,0.6633333333333333,0.5093976612211221,0.3511315163017115,4.131591001028545
3.119291999413411,0.677536231884058,0.5379744476347327,0.3554042324476341,4.259086470224535
3.119291999413411,0.6917391304347826,0.5691239176957423,0.3595936317064624,4.401319070814572
3.119291999413411,0.7059420289855073,0.6032259821437351,0.3637020626639547,4.560248519690888
3.119291999413411,0.7201449275362319,0.6407374822080075,0.367731820937332,4.73824710281736
3.119291999413411,0.7343478260869566,0.6822127655721559,0.371685150694076,4.938208470127097
3.119291999413411,0.7485507246376812,0.7283312342655576,0.3755642461441458,5.163693473297131
3.119291999413411,0.7627536231884058,0.7799347880073099,0.3793712529855212,5.419128559476135
3.119291999413411,0.7769565217391304,0.8380795730778509,0.3831082698250462,5.710080118077842
3.119291999413411,0.7911594202898551,0.9041088463617272,0.3867773495589875,6.043640914399745
3.119291999413411,0.8053623188405797,0.9797577419229174,0.3903805007234006,6.428985856602542
3.119291999413411,0.8195652173913044,1.067307516471088,0.3939196888159677,6.878190367247986
3.119291999413411,0.833768115942029,1.169818867564698,0.3973968375817109,7.407468411868964
3.119291999413411,0.8479710144927537,1.2914960345153523,0.4008138302746596,8.039104604320952
3.119291999413411,0.8621739130434782,1.4382760207974592,0.404172510888828,8.804581038646173
3.119291999413411,0.8763768115942029,1.6188239860417757,0.4074746853619164,9.749859661056076
3.119291999413411,0.8905797101449275,1.846303857397943,0.4107221227527305,10.944778713023611
3.119291999413411,0.9047826086956522,2.141733596095509,0.4139165563929137,12.50085888660777
3.119291999413411,0.9189855072463768,2.5408697978539108,0.4170596850181869,14.607839523664923
3.119291999413411,0.9331884057971016,3.109873516960937,0.4201531738692907,17.616816425421952
3.119291999413411,0.947391304347826,3.986352137556586,0.4231986557753946,22.25804933454381
3.119291999413411,0.9615942028985508,5.511467745339068,0.4261977322141269,30.342055689160613
3.119291999413411,0.9757971014492756,8.827193619137367,0.4291519743535629,47.929226796082624
3.119291999413411,0.99,21.563238539520267,0.4320629240686712,115.5101070281506
3.2218849668097502,0.01,0.0051682169176782,0.0087432659470399,67.60726324840411
3.2218849668097502,0.0242028985507246,0.0124618218292405,0.0209082655118013,28.50660675093498
3.2218849668097502,0.0384057971014492,0.0197080117651814,0.0327832778046902,18.33741294205716
3.2218849668097502,0.0526086956521739,0.026915170343244,0.0443757809099844,13.668004571003747
3.2218849668097502,0.0668115942028985,0.034091819183099,0.0556930617539587,10.991272827720632
3.2218849668097502,0.0810144927536231,0.0412466382446631,0.0667422186593322,9.259494515014028
3.2218849668097502,0.0952173913043478,0.0483884922885687,0.0775301671061222,8.357679645147408
3.2218849668097502,0.1094202898550724,0.0555264587067697,0.0880636442754851,8.120434213857322
3.2218849668097502,0.1236231884057971,0.0626698574726058,0.0983492141242874,7.894123480732781
3.2218849668097502,0.1378260869565217,0.0698282838572916,0.108393271976082,7.680894338332439
3.2218849668097502,0.1520289855072464,0.0770116431355345,0.1182020490601955,7.481054430056068
3.2218849668097502,0.166231884057971,0.0842301896096762,0.1277816170674989,7.294007822315277
3.2218849668097502,0.1804347826086956,0.0914945688523861,0.1371378923806116,7.118743019052897
3.2218849668097502,0.1946376811594203,0.098815863110469,0.1462766403588718,6.954089009066826
3.2218849668097502,0.2088405797101449,0.1062056432014105,0.1552034793931326,6.798849108726055
3.2218849668097502,0.2230434782608695,0.1136760231077156,0.1639238849053629,6.651869134925515
3.2218849668097502,0.2372463768115942,0.1212397226572176,0.1724431932500395,6.51207002207188
3.2218849668097502,0.2514492753623188,0.1289101357053249,0.1807666054561981,6.378461213206228
3.2218849668097502,0.2656521739130435,0.1367014059021505,0.1888991909243891,6.25014362891563
3.2218849668097502,0.2798550724637681,0.1446285113649591,0.1968458909717207,6.126307236747874
3.2218849668097502,0.2940579710144927,0.1527073592879977,0.2046115223232251,6.006225985991804
3.2218849668097502,0.3082608695652174,0.160954891266696,0.212200780477074,5.889251643024076
3.2218849668097502,0.322463768115942,0.1693892023191277,0.2196182430021613,5.774807340098766
3.2218849668097502,0.3366666666666666,0.1780296742355158,0.2268683727176075,5.6623813436891
3.2218849668097502,0.3508695652173913,0.1868971262514747,0.2339555208153933,5.55152121967941
3.2218849668097502,0.365072463768116,0.1960139857341082,0.2408839298687669,5.441828471496592
3.2218849668097502,0.3792753623188406,0.2054044820221073,0.2476577367887647,5.332953740997841
3.2218849668097502,0.3934782608695652,0.2150948664871931,0.2542809756779082,5.224592475226244
3.2218849668097502,0.4076811594202899,0.2251136652182295,0.2607575806183202,5.116481090331156
3.2218849668097502,0.4218840579710145,0.2354919672112859,0.267091388387639,5.008393542505448
3.2218849668097502,0.4360869565217391,0.2462637569884828,0.2732861410904839,4.900138296775153
3.2218849668097502,0.4502898550724638,0.2574662975193109,0.2793454887327748,4.791555637218171
3.2218849668097502,0.4644927536231884,0.2691405743136024,0.2852729917256892,4.682515283098771
3.2218849668097502,0.4786956521739131,0.28133181189451,0.2910721233204247,4.572914301599698
3.2218849668097502,0.4928985507246377,0.2940900761335415,0.2967462719787077,4.462675259764061
3.2218849668097502,0.5071014492753623,0.3074709811330051,0.3022987436914753,4.351744643722876
3.2218849668097502,0.521304347826087,0.321536521192004,0.3077327642204568,4.240091496681911
3.2218849668097502,0.5355072463768116,0.3363560552111155,0.3130514813054906,4.127706308927451
3.2218849668097502,0.5497101449275362,0.3520074772916838,0.3182579667883011,4.014600148701326
3.2218849668097502,0.5639130434782609,0.3685786153853619,0.3233552187080419,3.900804072458024
3.2218849668097502,0.5781159420289855,0.3861689127266365,0.3283461633210767,3.786368837286652
3.2218849668097502,0.5923188405797102,0.4048914598446813,0.3332336570859445,3.6713649889418978
3.2218849668097502,0.6065217391304348,0.424875466813174,0.3380204885893201,3.718566944741745
3.2218849668097502,0.6207246376811595,0.4462692905179219,0.3427093804253505,3.799662465588891
3.2218849668097502,0.634927536231884,0.469244168200103,0.3473029910264238,3.890288745750795
3.2218849668097502,0.6491304347826087,0.4939988576970485,0.3518039164495206,3.9913940431342105
3.2218849668097502,0.6633333333333333,0.5207654517177553,0.3562146921190806,4.104105429831839
3.2218849668097502,0.677536231884058,0.549816728612215,0.3605377945180435,4.229766117629067
3.2218849668097502,0.6917391304347826,0.5814755345661661,0.3647756428481518,4.369983363659278
3.2218849668097502,0.7059420289855073,0.6161268849619166,0.3689306006386654,4.5266905019744
3.2218849668097502,0.7201449275362319,0.6542337498243376,0.3730049773222348,4.702228075725386
3.2218849668097502,0.7343478260869566,0.6963579032171145,0.3770010297640191,4.8994511962505065
3.2218849668097502,0.7485507246376812,0.743187837942503,0.380920963762501,5.121873464060649
3.2218849668097502,0.7627536231884058,0.7955767067895807,0.3847669355049157,5.373862752405975
3.2218849668097502,0.7769565217391304,0.8545947599500413,0.3885410529906136,5.66091194994255
3.2218849668097502,0.7911594202898551,0.9216031783017186,0.3922453774207728,5.990020317739643
3.2218849668097502,0.8053623188405797,0.998360233660621,0.395881924550199,6.370241957721337
3.2218849668097502,0.8195652173913044,1.0871775861034767,0.399452666013471,6.813493438596149
3.2218849668097502,0.833768115942029,1.1911567058873105,0.4029595306107885,7.335775570347127
3.2218849668097502,0.8479710144927537,1.3145578175319197,0.4064044055718323,7.959080142879891
3.2218849668097502,0.8621739130434782,1.4633969603488997,0.4097891377833169,8.714475710196053
3.2218849668097502,0.8763768115942029,1.6464546211578783,0.4131155349930742,9.647320616317188
3.2218849668097502,0.8905797101449275,1.877069898278494,0.4163853669812094,10.826536085238372
3.2218849668097502,0.9047826086956522,2.1765404003182405,0.4196003667108168,12.362178628141985
3.2218849668097502,0.9189855072463768,2.581098425385476,0.4227622314468369,14.441496614348289
3.2218849668097502,0.9331884057971016,3.157785172624924,0.425872623856107,17.410976697942008
3.2218849668097502,0.947391304347826,4.046038553140447,0.4289331730765902,21.991292052560297
3.2218849668097502,0.9615942028985508,5.591558869950318,0.4319454757697004,29.969192588306772
3.2218849668097502,0.9757971014492756,8.951510026679506,0.4349110971480457,47.32551231155943
3.2218849668097502,0.99,21.85709141015069,0.4378315719811594,114.01925998728828
3.3278521989306373,0.01,0.0053171840570306,0.0088685677971619,67.60436114261326
3.3278521989306373,0.0242028985507246,0.0128202040072558,0.0212079047502892,28.503579846323337
3.3278521989306373,0.0384057971014492,0.0202734237043758,0.0332530872782727,18.33425015287631
3.3278521989306373,0.0526086956521739,0.0276854035228366,0.0450116948198907,13.66470078746688
3.3278521989306373,0.0668115942028985,0.0350648389529254,0.0564911102817609,10.98782231072356
3.3278521989306373,0.0810144927536231,0.0424205845246482,0.0676985258841737,9.255890841881262
3.3278521989306373,0.0952173913043478,0.0497616814326296,0.0786409476791051,8.480700645541424
3.3278521989306373,0.1094202898550724,0.0570973841271496,0.0893252005350088,8.25046658606443
3.3278521989306373,0.1236231884057971,0.0644371918334286,0.0997579331895635,8.029972317669463
3.3278521989306373,0.1378260869565217,0.0717908811577598,0.1099456230238522,7.82161342440522
3.3278521989306373,0.1520289855072464,0.0791685417661072,0.1198945806733582,7.625878115877461
3.3278521989306373,0.166231884057971,0.0865806156286316,0.1296109545731584,7.44230371128777
3.3278521989306373,0.1804347826086956,0.0940379397989788,0.1391007353762624,7.269978518184984
3.3278521989306373,0.1946376811594203,0.1015517930218312,0.148369760249961,7.107807366112865
3.3278521989306373,0.2088405797101449,0.1091339470631449,0.1574237169853095,6.954651919814032
3.3278521989306373,0.2230434782608695,0.1167967239700133,0.1662681481392681,6.809403394898236
3.3278521989306373,0.2372463768115942,0.1245530578829738,0.1749084549121094,6.671018464722934
3.3278521989306373,0.2514492753623188,0.132416564784564,0.1833499010236233,6.538534916708048
3.3278521989306373,0.2656521739130435,0.1404016193453447,0.1915976164279352,6.411076360347309
3.3278521989306373,0.2798550724637681,0.1485234408760389,0.1996566009572451,6.2878510679851445
3.3278521989306373,0.2940579710144927,0.1567981886094701,0.2075317278293919,6.1681478540733385
3.3278521989306373,0.3082608695652174,0.1652430691117141,0.2152277470987926,6.051330633660169
3.3278521989306373,0.322463768115942,0.1738764563408111,0.2227492889828503,5.936832537071157
3.3278521989306373,0.3366666666666666,0.1827180269850792,0.2301008671151902,5.824150102800185
3.3278521989306373,0.3508695652173913,0.1917889129313689,0.237286881700567,5.712837766730304
3.3278521989306373,0.365072463768116,0.2011118745860355,0.2443116225902886,5.602502786075793
3.3278521989306373,0.3792753623188406,0.2107114965168731,0.2511792722516943,5.492800626316926
3.3278521989306373,0.3934782608695652,0.220614411296682,0.2578939087029341,5.383430811907891
3.3278521989306373,0.4076811594202899,0.2308495544732543,0.2644595083127939,5.274133202093309
3.3278521989306373,0.4218840579710145,0.2414484573136993,0.2708799485748482,5.164684678672836
3.3278521989306373,0.4360869565217391,0.2524455831970199,0.2771590107707162,5.05489618510414
3.3278521989306373,0.4502898550724638,0.2638787157262977,0.2833003825843166,4.944610099462951
3.3278521989306373,0.4644927536231884,0.2757894084347334,0.2893076606367271,4.833697901834906
3.3278521989306373,0.4786956521739131,0.2882235079244192,0.2951843529553803,4.722058107911167
3.3278521989306373,0.4928985507246377,0.3012317639475517,0.3009338813860666,4.609614450519767
3.3278521989306373,0.5071014492753623,0.3148705453833981,0.3065595839284448,4.496314286201541
3.3278521989306373,0.521304347826087,0.3292026828644219,0.3120647170201425,4.382127235535196
3.3278521989306373,0.5355072463768116,0.3442984659211685,0.3174524577618137,4.267044042300324
3.3278521989306373,0.5497101449275362,0.3602368282775541,0.3227259060777383,4.151075664296173
3.3278521989306373,0.5639130434782609,0.3771067649922475,0.3278880868277892,4.034252615145906
3.3278521989306373,0.5781159420289855,0.3950090347542456,0.3329419518602589,3.916624589823847
3.3278521989306373,0.5923188405797102,0.4140582186137235,0.3378903820132318,3.798260427275616
3.3278521989306373,0.6065217391304348,0.4343852233904684,0.3427361890675559,3.697899606645114
3.3278521989306373,0.6207246376811595,0.4561403479233964,0.347482117641,3.77775309796092
3.3278521989306373,0.634927536231884,0.4794970644474532,0.3521308470474866,3.867032391540419
3.3278521989306373,0.6491304347826087,0.5046567181855388,0.3566849930932924,3.966672853673959
3.3278521989306373,0.6633333333333333,0.5318544161746799,0.3611471098420114,4.077786486770441
3.3278521989306373,0.677536231884058,0.5613664719154943,0.3655196913234592,4.201698773168405
3.3278521989306373,0.6917391304347826,0.593519907925642,0.3698051732037982,4.339995970402167
3.3278521989306373,0.7059420289855073,0.6287047117766053,0.3740059344130431,4.49458635087423
3.3278521989306373,0.7201449275362319,0.6673898236428888,0.3781242987305793,4.667780303988298
3.3278521989306373,0.7343478260869566,0.7101442525558567,0.3821625363309628,4.862396333921046
3.3278521989306373,0.7485507246376812,0.7576653483821799,0.3861228652890534,5.0819031582861935
3.3278521989306373,0.7627536231884058,0.8108172284905091,0.3900074530525024,5.330613013216642
3.3278521989306373,0.7769565217391304,0.870683886192532,0.39381841786638,5.613948972151661
3.3278521989306373,0.7911594202898551,0.9386439689469344,0.3975578301762036,5.938821482231344
3.3278521989306373,0.8053623188405797,1.0164782969812478,0.4012277139848869,6.314169899985165
3.3278521989306373,0.8195652173913044,1.1065281606659585,0.4048300481812578,6.751759911542721
3.3278521989306373,0.833768115942029,1.2119347676035097,0.4083667678354451,7.267389868112263
3.3278521989306373,0.8479710144927537,1.3370129078639963,0.4118397654618737,7.882773433774644
3.3278521989306373,0.8621739130434782,1.487855654175892,0.4152508922505324,8.628586380052987
3.3278521989306373,0.8763768115942029,1.6733559011808914,0.4186019592716877,9.549613749533728
3.3278521989306373,0.8905797101449275,1.9070234872267384,0.4218947386486489,10.713905786747397
3.3278521989306373,0.9047826086956522,2.210428597415044,0.4251309647036506,12.2301283309857
3.3278521989306373,0.9189855072463768,2.620267208896275,0.4283123350798258,14.28316384388237
3.3278521989306373,0.9331884057971016,3.204438425391228,0.4314405118307417,17.215121248912858
3.3278521989306373,0.947391304347826,4.104164437373948,0.4345171224912171,21.737568481683528
3.3278521989306373,0.9615942028985508,5.669569119744361,0.4375437611214887,29.614681275163168
3.3278521989306373,0.9757971014492756,9.072623270127218,0.4405219893254662,46.75173086583493
3.3278521989306373,0.99,22.143453173202577,0.4434533372526929,112.60287858340358
3.43730467475173,0.01,0.0054634185487801,0.0089898782355896,67.60158116048629
3.43730467475173,0.0242028985507246,0.0131719779514534,0.0214980032187638,28.500648888993
3.43730467475173,0.0384057971014492,0.0208283588460166,0.0337079399988235,18.33118865730026
3.43730467475173,0.0526086956521739,0.0284412927807326,0.0456273669000738,13.661504178972509
3.43730467475173,0.0668115942028985,0.0360196441370364,0.057263761849603,10.984484187833097
3.43730467475173,0.0810144927536231,0.0435724396617868,0.0686244082368121,9.252405375538864
3.43730467475173,0.0952173913043478,0.0511088909133084,0.0797164005050891,8.603982442490423
3.43730467475173,0.1094202898550724,0.0586384256640812,0.0905466491360666,8.38111302582592
3.43730467475173,0.1236231884057971,0.0661707180148034,0.1011218856510907,8.166777870543713
3.43730467475173,0.1378260869565217,0.0737157216118145,0.111448667532785,7.963616530189109
3.43730467475173,0.1520289855072464,0.081283705233634,0.1215333828835348,7.772295392216352
3.43730467475173,0.166231884057971,0.0888852942569239,0.1313822550929771,7.592483957929928
3.43730467475173,0.1804347826086956,0.0965315119874221,0.1410013472873703,7.423370078539468
3.43730467475173,0.1946376811594203,0.1042338281472121,0.1503965666909485,7.263934645075783
3.43730467475173,0.2088405797101449,0.112004211045455,0.159573668896692,7.113098148035862
3.43730467475173,0.2230434782608695,0.1198551843892962,0.1685382619561402,6.969797861186136
3.43730467475173,0.2372463768115942,0.1277998910554383,0.1772958104115675,6.8330268603028514
3.43730467475173,0.2514492753623188,0.1358521632354791,0.1858516391817845,6.701852007330093
3.43730467475173,0.2656521739130435,0.1440266004573431,0.194210937360511,6.575420316885109
3.43730467475173,0.2798550724637681,0.1523386563409936,0.2023787619148977,6.452959070026823
3.43730467475173,0.2940579710144927,0.1608047353784377,0.2103600412597975,6.333772614093032
3.43730467475173,0.3082608695652174,0.1694423017180414,0.2181595787392337,6.21723766378475
3.43730467475173,0.322463768115942,0.1782700004647311,0.2257820560375769,6.102797956100873
3.43730467475173,0.3366666666666666,0.1873077949802827,0.2332320364549757,5.989958881575397
3.43730467475173,0.3508695652173913,0.1965771212998845,0.2405139681251031,5.878282311104419
3.43730467475173,0.365072463768116,0.2061010632089737,0.2476321871274198,5.767381772077651
3.43730467475173,0.3792753623188406,0.2159045509688986,0.254590920530458,5.65691806457668
3.43730467475173,0.3934782608695652,0.2260145873275915,0.2613942893220235,5.546595265266466
3.43730467475173,0.4076811594202899,0.2364605062310772,0.268046311300993,5.436157142815001
3.43730467475173,0.4218840579710145,0.2472742687639154,0.2745509038535362,5.325383945743502
3.43730467475173,0.4360869565217391,0.2584908037158688,0.2809118866746575,5.2140895294646254
3.43730467475173,0.4502898550724638,0.2701484009733209,0.2871329844147082,5.102118793216523
3.43730467475173,0.4644927536231884,0.28228916640675,0.2932178292494455,4.9893453901029
3.43730467475173,0.4786956521739131,0.2949595514402535,0.2991699633852173,4.875669700639366
3.43730467475173,0.4928985507246377,0.3082109709436748,0.3049928414976894,4.76101702808091
3.43730467475173,0.5071014492753623,0.3221005279450478,0.3106898331066497,4.645336021740348
3.43730467475173,0.521304347826087,0.3366918665428018,0.3162642248854075,4.5285973077382895
3.43730467475173,0.5355072463768116,0.3520561814566823,0.3217192229134401,4.410792329492134
3.43730467475173,0.5497101449275362,0.3682734181451765,0.3270579548697847,4.291932402196831
3.43730467475173,0.5639130434782609,0.385433706979536,0.3322834721654331,4.172048005505468
3.43730467475173,0.5781159420289855,0.4036390870548733,0.3373987520227606,4.051188327505761
3.43730467475173,0.5923188405797102,0.4230055898385957,0.342406699506529,3.929421122463288
3.43730467475173,0.6065217391304348,0.4436657737535903,0.3473101494872606,3.80683292724686
3.43730467475173,0.6207246376811595,0.4657718280992863,0.3521118685714958,3.7567464870678418
3.43730467475173,0.634927536231884,0.4894994011371869,0.3568145569700667,3.844740538403313
3.43730467475173,0.6491304347826087,0.5150523573304511,0.3614208503214425,3.9429836165538346
3.43730467475173,0.6633333333333333,0.5426687389059224,0.3659333214679227,4.052573394758614
3.43730467475173,0.677536231884058,0.5726283022282274,0.3703544821897995,4.174818499019965
3.43730467475173,0.6917391304347826,0.6052621373481585,0.3746867848853558,4.311285220736709
3.43730467475173,0.7059420289855073,0.6409650749515976,0.3789326242177282,4.463858004880944
3.43730467475173,0.7201449275362319,0.6802118709507704,0.3830943387142803,4.634818573293138
3.43730467475173,0.7343478260869566,0.7235785826224632,0.3871742123221099,4.826950627126301
3.43730467475173,0.7485507246376812,0.7717711888500429,0.3911744759317985,5.043680213248543
3.43730467475173,0.7627536231884058,0.8256644899388502,0.3950973088532463,5.289266673929294
3.43730467475173,0.7769565217391304,0.8863558703012713,0.398944840261009,5.569066711850511
3.43730467475173,0.7911594202898551,0.9552409971135992,0.4027191505953452,5.889906341093729
3.43730467475173,0.8053623188405797,1.0341226633229073,0.4064222729376657,6.260615835065397
3.43730467475173,0.8195652173913044,1.1253710339249607,0.4100561943406113,6.69281744230038
3.43730467475173,0.833768115942029,1.2321660420025078,0.4136228571315356,7.202117048363189
3.43730467475173,0.8479710144927537,1.358875654799686,0.4171241601801828,7.809963918588408
3.43730467475173,0.8621739130434782,1.5116680206098931,0.420561960139123,8.546660432502305
3.43730467475173,0.8763768115942029,1.6995455866008518,0.4239380726440329,9.456446633233824
3.43730467475173,0.8905797101449275,1.9361845965650983,0.4272542734970126,10.60654478550934
3.43730467475173,0.9047826086956522,2.2434208953018078,0.4305122998095502,12.104298717023967
3.43730467475173,0.9189855072463768,2.6584023763293936,0.4337138511257076,14.13234179407229
3.43730467475173,0.9331884057971016,3.2498642891657954,0.4368605905134018,17.02862135584152
3.43730467475173,0.947391304347826,4.160767855729616,0.4399541456320672,21.496049668231635
3.43730467475173,0.9615942028985508,5.745548353280358,0.4429961097747358,29.27734288691369
3.43730467475173,0.9757971014492756,9.190608027581105,0.4459880428850953,46.20594040611036
3.43730467475173,0.99,22.42249169252145,0.4489314725505795,111.25608309441265
3.5503570233277557,0.01,0.0056068793967513,0.009107325861766,67.59887410586056
3.5503570233277557,0.0242028985507246,0.0135170522041379,0.0217788651296676,28.49781088988852
3.5503570233277557,0.0384057971014492,0.0213726773996394,0.0341483118310646,18.32822692710485
3.5503570233277557,0.0526086956521739,0.0291826509741583,0.0462234417788335,13.658411139202268
3.5503570233277557,0.0668115942028985,0.0369560065956477,0.0580118249742377,10.981255084826222
3.5503570233277557,0.0810144927536231,0.044701935328288,0.0695208340597163,9.249034049732115
3.5503570233277557,0.0952173913043478,0.0524298179610347,0.0807576497101468,8.72748196071007
3.5503570233277557,0.1094202898550724,0.0601492499779993,0.091729266035092,8.512332672197422
3.5503570233277557,0.1236231884057971,0.0678700765371355,0.1024424953585283,8.30450389163072
3.5503570233277557,0.1378260869565217,0.0756024231908519,0.1129039732982695,8.106873698651857
3.5503570233277557,0.1520289855072464,0.0833567341425286,0.1231201636093547,7.920283716372307
3.5503570233277557,0.166231884057971,0.0911438126134711,0.1330973628042891,7.74453420148429
3.5503570233277557,0.1804347826086956,0.0989748640580286,0.14284170477154,7.578912034929622
3.5503570233277557,0.1946376811594203,0.1068615440291028,0.1523591651486049,7.422474142087601
3.5503570233277557,0.2088405797101449,0.1148160118532245,0.1616555656905968,7.274200157603257
3.5503570233277557,0.2230434782608695,0.1228509878944177,0.1707365783767759,7.133073885222122
3.5503570233277557,0.2372463768115942,0.1309798181385451,0.1796077296003439,6.998125405245107
3.5503570233277557,0.2514492753623188,0.1392165452316517,0.1882744040175397,6.868451279426528
3.5503570233277557,0.2656521739130435,0.1475759872004157,0.1967418484900691,6.743222602365821
3.5503570233277557,0.2798550724637681,0.1560738258855737,0.2050151757801817,6.621686296244027
3.5503570233277557,0.2940579710144927,0.1647267043111156,0.2130993682035671,6.503162897108381
3.5503570233277557,0.3082608695652174,0.1735523370146825,0.2209992811789027,6.387042521402036
3.5503570233277557,0.322463768115942,0.1825696327918647,0.2287196466682564,6.272780117151664
3.5503570233277557,0.3366666666666666,0.1917988338178963,0.2362650765137555,6.159890485216562
3.5503570233277557,0.3508695652173913,0.2012616718762319,0.2436400657053189,6.047943469667315
3.5503570233277557,0.365072463768116,0.2109815452253469,0.2508489955366403,5.936559401109074
3.5503570233277557,0.3792753623188406,0.2209837201936989,0.2578961366886534,5.825404900569908
3.5503570233277557,0.3934782608695652,0.2312955594841917,0.2647856522138919,5.714189077419263
3.5503570233277557,0.4076811594202899,0.2419467843704826,0.2715216004555416,5.6026600683382615
3.5503570233277557,0.4218840579710145,0.2529697737623796,0.278107937884072,5.49060193608729
3.5503570233277557,0.4360869565217391,0.2643999092872711,0.2845485218323182,5.377831880623683
3.5503570233277557,0.4502898550724638,0.2762759730775125,0.29084711320038,5.264197739614253
3.5503570233277557,0.4644927536231884,0.2886406079774511,0.2970073790482151,5.14957575687262
3.5503570233277557,0.4786956521739131,0.3015408538484712,0.3030328951395412,5.033868585783422
3.5503570233277557,0.4928985507246377,0.3150287724838276,0.3089271484123413,4.917003511897732
3.5503570233277557,0.5071014492753623,0.329162180923524,0.3146935393861916,4.798930889710808
3.5503570233277557,0.521304347826087,0.3440055147024272,0.3203353844996959,4.679622770614071
3.5503570233277557,0.5355072463768116,0.3596308493582168,0.3258559183986576,4.559071732236707
3.5503570233277557,0.5497101449275362,0.376119114558184,0.3312582961435293,4.437289902828963
3.5503570233277557,0.5639130434782609,0.3935615456751389,0.3365455953826466,4.314308212409922
3.5503570233277557,0.5781159420289855,0.4120614278171355,0.3417208184512578,4.190175869267344
3.5503570233277557,0.5923188405797102,0.4317362042540887,0.3467868944214541,4.064960126257999
3.5503570233277557,0.6065217391304348,0.4527200411629303,0.3517466811004964,3.938746370570585
3.5503570233277557,0.6207246376811595,0.4751669682729578,0.3566029669722207,3.811638636377826
3.5503570233277557,0.634927536231884,0.499254752237783,0.3613584730926261,3.823364668475521
3.5503570233277557,0.6491304347826087,0.5251897106233733,0.366015854930575,3.920273908499661
3.5503570233277557,0.6633333333333333,0.5532127439749122,0.3705777041679783,4.028409423873937
3.5503570233277557,0.677536231884058,0.583606961561039,0.3750465504421643,4.149063800920008
3.5503570233277557,0.6917391304347826,0.6167074149774185,0.3794248630555467,4.283784332247101
3.5503570233277557,0.7059420289855073,0.6529136522664611,0.3837150526286013,4.434432790986204
3.5503570233277557,0.7201449275362319,0.6927060943330471,0.387919472718941,4.603263621306601
3.5503570233277557,0.7343478260869566,0.7366676645568433,0.3920404213924303,4.793027409839317
3.5503570233277557,0.7485507246376812,0.7855127482643101,0.3960801427585052,5.007109603053015
3.5503570233277557,0.7627536231884058,0.8401265538922787,0.4000408284569441,5.249719217457253
3.5503570233277557,0.7769565217391304,0.9016195127665628,0.4039246191201713,5.526149805909173
3.5503570233277557,0.7911594202898551,0.9714038753767978,0.4077336057811773,5.843147049675834
3.5503570233277557,0.8053623188405797,1.0513038444626914,0.4114698312570142,6.209437435338037
3.5503570233277557,0.8195652173913044,1.1437177212486125,0.4151352914936653,6.636506741531597
3.5503570233277557,0.833768115942029,1.2518631745450726,0.4187319368740068,7.13977773554656
3.5503570233277557,0.8479710144927537,1.3801599913806015,0.4222616734940594,7.740448128961832
3.5503570233277557,0.8621739130434782,1.5348494801800494,0.4257263644071946,8.468465048127678
3.5503570233277557,0.8763768115942029,1.7250408475116743,0.4291278308366005,9.367550014687543
3.5503570233277557,0.8905797101449275,1.9645725020325784,0.4324678533548146,10.504137542233616
3.5503570233277557,0.9047826086956522,2.2755391805077414,0.4357481730380899,11.984313679520923
3.5503570233277557,0.9189855072463768,2.695529183306826,0.4389704925871376,13.988571978012146
3.5503570233277557,0.9331884057971016,3.294092614418952,0.4421364774259231,16.850900401673833
3.5503570233277557,0.947391304347826,4.215885450141622,0.4452477567651426,21.265976124988367
3.5503570233277557,0.9615942028985508,5.819544606001123,0.4483059246478714,28.956098452145973
3.5503570233277557,0.9757971014492756,9.305536377548789,0.4513125409670037,45.68636527055315
3.5503570233277557,0.99,22.694369500221693,0.4542691324549949,109.9744165266679
3.667127643842963,0.01,0.0057475426628816,0.0092210401377535,67.59621501958327
3.667127643842963,0.0242028985507246,0.0138553583878997,0.0220507843015171,28.49506695591312
3.667127643842963,0.0384057971014492,0.0219062707330435,0.034574663866822,18.32536010066051
3.667127643842963,0.0526086956521739,0.0299093383068079,0.0468005432748741,13.655418546611989
3.667127643842963,0.0668115942028985,0.037873754743337,0.0587360822383198,10.978131081429964
3.667127643842963,0.0810144927536231,0.045808874890071,0.0703887406763431,9.245773171214712
3.667127643842963,0.0952173913043478,0.0537242421848848,0.0817657835439903,8.85115518595863
3.667127643842963,0.1094202898550724,0.0616296177447415,0.0928742864188173,8.644083338571761
3.667127643842963,0.1236231884057971,0.069535011955584,0.1037211405315285,8.443112330984976
3.667127643842963,0.1378260869565217,0.077450719147384,0.1143130578157696,8.25135275641324
3.667127643842963,0.1520289855072464,0.0853873540060399,0.1246565758291093,8.069818114726743
3.667127643842963,0.166231884057971,0.0933558934482393,0.1347580625052897,7.898437574435671
3.667127643842963,0.1804347826086956,0.1013677197181658,0.1446237207575114,7.736596186084724
3.667127643842963,0.1946376811594203,0.1094346700208604,0.1542595930286839,7.583426645762
3.667127643842963,0.2088405797101449,0.1175690895378597,0.1636715656253364,7.437967853992315
3.667127643842963,0.2230434782608695,0.1257838900877949,0.1728653729773503,7.299250507827769
3.667127643842963,0.2372463768115942,0.1340926152689552,0.1818466018117429,7.1663421492472565
3.667127643842963,0.2514492753623188,0.1425095125956867,0.190620695159948,7.038369608891394
3.667127643842963,0.2656521739130435,0.1510496130169032,0.199192956248704,6.914528624442808
3.667127643842963,0.2798550724637681,0.1597288200310295,0.2075685523290543,6.794086376568428
3.667127643842963,0.2940579710144927,0.1685640089458319,0.215752518369346,6.676380165242006
3.667127643842963,0.3082608695652174,0.1775731377193443,0.2237497606418948,6.560814119208333
3.667127643842963,0.322463768115942,0.1867753719018948,0.2315650602350331,6.446854938513729
3.667127643842963,0.3366666666666666,0.1961912247102779,0.2392030764195147,6.334027403937636
3.667127643842963,0.3508695652173913,0.2058427154540347,0.2466683499807171,6.22190985414654
3.667127643842963,0.365072463768116,0.2157535483414356,0.2539653064149181,6.1101299192207295
3.667127643842963,0.3792753623188406,0.2259493164213408,0.2610982590484579,5.998360548380347
3.667127643842963,0.3934782608695652,0.2364577327171691,0.2680714120851791,5.886316347284298
3.667127643842963,0.4076811594202899,0.2473088948817922,0.2748888635526162,5.773750280284733
3.667127643842963,0.4218840579710145,0.2585355883689535,0.2815546081664863,5.660450662923624
3.667127643842963,0.4360869565217391,0.2701736352135908,0.2880725401382427,5.546238472456787
3.667127643842963,0.4502898550724638,0.2822622960633781,0.2944464558822481,5.430964907827346
3.667127643842963,0.4644927536231884,0.2948447364564279,0.3006800566618774,5.314509215664106
3.667127643842963,0.4786956521739131,0.3079685683928654,0.3067769511668213,5.196776729142706
3.667127643842963,0.4928985507246377,0.3216864829836236,0.3127406580099607,5.0776971276275455
3.667127643842963,0.5071014492753623,0.3360569920100901,0.3185746081691885,4.957222876858337
3.667127643842963,0.521304347826087,0.3511453010057254,0.3242821473553138,4.835327869706827
3.667127643842963,0.5355072463768116,0.3670243425085217,0.3298665383270436,4.71200624042516
3.667127643842963,0.5497101449275362,0.3837760040662271,0.3353309631326073,4.587271379255748
3.667127643842963,0.5639130434782609,0.4014925964039409,0.3406785252986036,4.461155130984984
3.667127643842963,0.5781159420289855,0.4202786173382729,0.345912251966314,4.333707227677762
3.667127643842963,0.5923188405797102,0.4402528843632236,0.3510350959576427,4.204994970766353
3.667127643842963,0.6065217391304348,0.4615511286636354,0.356049937802301,4.07510321317752
3.667127643842963,0.6207246376811595,0.4843291717155754,0.3609595876986097,3.9441347224555927
3.667127643842963,0.634927536231884,0.5087668428741452,0.3657667874315943,3.812211020941764
3.667127643842963,0.6491304347826087,0.5350728482566027,0.3704742122349244,3.898494691761884
3.667127643842963,0.6633333333333333,0.563490871746708,0.3750844726087638,4.0052415521055496
3.667127643842963,0.677536231884058,0.5943072878256203,0.3796001160850217,4.124377251531103
3.667127643842963,0.6917391304347826,0.6278610063330593,0.3840236289490857,4.257430991046584
3.667127643842963,0.7059420289855073,0.664556170016091,0.3883574379146337,4.4062429550877615
3.667127643842963,0.7201449275362319,0.704878717706541,0.3926039117570741,4.573041612975253
3.667127643842963,0.7343478260869566,0.7494182609929305,0.3967653628983157,4.760546018787147
3.667127643842963,0.7485507246376812,0.7988973744546868,0.4008440489577923,4.972102959867454
3.667127643842963,0.7627536231884058,0.8542114059485403,0.4048421742569627,5.2118735318061935
3.667127643842963,0.7769565217391304,0.9164834976130156,0.4087618912838358,5.485091157433754
3.667127643842963,0.7911594202898551,0.9871420565978128,0.4126053021240146,5.798425026779629
3.667127643842963,0.8053623188405797,1.0680321453121933,0.4163744598496418,6.160502803555177
3.667127643842963,0.8195652173913044,1.1615794787576483,0.4200713698734173,6.582680322994021
3.667127643842963,0.833768115942029,1.2710384938834178,0.4236979912703837,7.08020599496155
3.667127643842963,0.8479710144927537,1.400879469390372,0.4272562380606801,7.67403801085665
3.667127643842963,0.8621739130434782,1.5574150001349578,0.4307479804601654,8.393785240161927
3.667127643842963,0.8763768115942029,1.749858319334206,0.4341750461018435,9.282675492343875
3.667127643842963,0.8905797101449275,1.992205851004876,0.4375392212232834,10.406393221008152
3.667127643842963,0.9047826086956522,2.3068046015062635,0.4408422518229553,11.869826879461918
3.667127643842963,0.9189855072463768,2.7316720148769598,0.4440858447893915,13.85143259322809
3.667127643842963,0.9331884057971016,3.337152213206106,0.4472716690001863,16.681428407787262
3.667127643842963,0.947391304347826,4.269552595773236,0.450401356393882,21.046650461595533
3.667127643842963,0.9615942028985508,5.891604294921166,0.453476503014863,28.649958173140718
3.667127643842963,0.9757971014492756,9.417478096621496,0.4564986700318034,45.191378137468725
3.667127643842963,0.99,22.959244416751645,0.4594693847302887,108.75379824551024
3.787738829610036,0.01,0.0058853779050185,0.0093311282607846,67.59367144220221
3.787738829610036,0.0242028985507246,0.0141868444196193,0.0223140457467905,28.492408866452077
3.787738829610036,0.0384057971014492,0.0224290647299372,0.0349874426523694,18.32258584187545
3.787738829610036,0.0526086956521739,0.030621256718317,0.0473592753724361,13.65252287662627
3.787738829610036,0.0668115942028985,0.03877277206084,0.0594372914113023,10.975108734878075
3.787738829610036,0.0810144927536231,0.0468931249861463,0.0712290356596093,9.242618897081712
3.787738829610036,0.0952173913043478,0.0549920185085677,0.0827418555246414,8.97495718396964
3.787738829610036,0.1094202898550724,0.0630793740141215,0.0939829059907402,8.776321350682739
3.787738829610036,0.1236231884057971,0.0711653642160597,0.1049591553114007,8.58256326434217
3.787738829610036,0.1378260869565217,0.0792604473389348,0.1156773899521543,8.397019400419083
3.787738829610036,0.1520289855072464,0.0873754045773784,0.1261442195231218,8.220871223853289
3.787738829610036,0.166231884057971,0.0955213819580762,0.136366081607601,8.054174628147022
3.787738829610036,0.1804347826086956,0.1037099342807161,0.146349246560121,7.896411637852839
3.787738829610036,0.1946376811594203,0.1119530755107767,0.1560998219823377,7.746790262346621
3.787738829610036,0.2088405797101449,0.1202633318923571,0.1656237572064905,7.604408560122422
3.787738829610036,0.2230434782608695,0.128653801884873,0.1749268476138222,7.4683442834128755
3.787738829610036,0.2372463768115942,0.1371382213087723,0.1840147388504247,7.337702828521563
3.787738829610036,0.2514492753623188,0.1457310370988938,0.1928929308952575,7.211641732500764
3.787738829610036,0.2656521739130435,0.1544474873726921,0.2015667820243492,7.08938189309683
3.787738829610036,0.2798550724637681,0.1633036915771703,0.2100415126949564,6.970211273391389
3.787738829610036,0.2940579710144927,0.1723167507019624,0.2183222092836982,6.8534845055616325
3.787738829610036,0.3082608695652174,0.1815048600377002,0.2264138277349868,6.738620248815746
3.787738829610036,0.322463768115942,0.1908874344858504,0.2343211971112457,6.625097522563936
3.787738829610036,0.3366666666666666,0.2004852511346648,0.24204902302363,6.5124515982828965
3.787738829610036,0.3508695652173913,0.2103206088824724,0.2496018910056253,6.400269821872576
3.787738829610036,0.365072463768116,0.2204175097046533,0.256984269748292,6.288187633733419
3.787738829610036,0.3792753623188406,0.2308018643357161,0.2642005142816161,6.175884770070774
3.787738829610036,0.3934782608695652,0.241501726386835,0.2712548690413002,6.063081811847795
3.787738829610036,0.4076811594202899,0.2525475598399839,0.278151470860822,5.949536996829149
3.787738829610036,0.4218840579710145,0.263972545515916,0.2848943519064062,5.835043341507329
3.787738829610036,0.4360869565217391,0.2758129337032209,0.2914874424706501,5.71942601982693
3.787738829610036,0.4502898550724638,0.2881084508908442,0.2979345737584162,5.6025400148878495
3.787738829610036,0.4644927536231884,0.3009027706551129,0.3042394805481612,5.484267987603051
3.787738829610036,0.4786956521739131,0.314244061814654,0.3104058038039145,5.364518363605517
3.787738829610036,0.4928985507246377,0.3281856277948085,0.316437093216428,5.243223614109795
3.787738829610036,0.5071014492753623,0.3427866562344933,0.3223368096615394,5.120338728647909
3.787738829610036,0.521304347826087,0.3581131019239085,0.3281083276061611,4.99583984885279
3.787738829610036,0.5355072463768116,0.3742387313674385,0.3337549374491771,4.869723088389177
3.787738829610036,0.5497101449275362,0.3912463642291426,0.3392798477943659,4.742003527293117
3.787738829610036,0.5639130434782609,0.4092293579319068,0.3446861876655572,4.612714383405556
3.787738829610036,0.5781159420289855,0.4282933905516105,0.3499770086611164,4.481906395421555
3.787738829610036,0.5923188405797102,0.4485586173852005,0.3551552870582881,4.34964743853387
3.787738829610036,0.6065217391304348,0.4701622930630388,0.360223925849009,4.216022408507326
3.787738829610036,0.6207246376811595,0.4932619834218197,0.3651857567335257,4.081133461878076
3.787738829610036,0.634927536231884,0.5180395260539454,0.3700435420579426,3.945100670828863
3.787738829610036,0.6491304347826087,0.5447059527999603,0.374799976697543,3.877600038640466
3.787738829610036,0.6633333333333333,0.5735076578954257,0.3794576898896337,3.983020158486848
3.787738829610036,0.677536231884058,0.6047341955400019,0.3840192470241373,4.100705149793684
3.787738829610036,0.6917391304347826,0.638728233099275,0.3884871513815577,4.232166973705314
3.787738829610036,0.7059420289855073,0.6758983881053513,0.3928638458245674,4.379225241132145
3.787738829610036,0.7201449275362319,0.7167359738195753,0.3971517144467701,4.544083669929707
3.787738829610036,0.7343478260869566,0.7618371164968862,0.4013530841772063,4.729431267425082
3.787738829610036,0.7485507246376812,0.8119323675738644,0.4054702263436673,4.938577982151155
3.787738829610036,0.7627536231884058,0.8679269519189026,0.4095053581901891,5.175639246847277
3.787738829610036,0.7769565217391304,0.930956393887536,0.4134606443586967,5.4457911873701645
3.787738829610036,0.7911594202898551,1.0024648400797167,0.4173381983282914,5.755630106935746
3.787738829610036,0.8053623188405797,1.08431767464772,0.4211400838207061,6.113689504522132
3.787738829610036,0.8195652173913044,1.1789673201306123,0.4248683161642114,6.531201397812949
3.787738829610036,0.833768115942029,1.2897040347216595,0.4285248636217891,7.023248057470502
3.787738829610036,0.8479710144927537,1.42104728965973,0.432111648689385,7.610559446938391
3.787738829610036,0.8621739130434782,1.5793791330184337,0.4356305493529641,8.322422126696601
3.787738829610036,0.8763768115942029,1.7740141506416085,0.4390834003176069,9.201593472172831
3.787738829610036,0.8905797101449275,2.019102721328336,0.4424719942049157,10.313043242200337
3.787738829610036,0.9047826086956522,2.337237640270885,0.4457980827133442,11.76051876372878
3.787738829610036,0.9189855072463768,2.7668544722679598,0.4490633777561559,13.72053480524037
3.787738829610036,0.9331884057971016,3.379070965726065,0.4522695525656922,16.51971725831969
3.787738829610036,0.947391304347826,4.32180353413575,0.455418242767133,20.83743095642331
3.787738829610036,0.9615942028985508,5.961772392277582,0.4585110474323183,28.358012094840145
3.787738829610036,0.9757971014492756,9.526500910525336,0.4615495300987826,44.719484334014936
3.787738829610036,0.99,23.217270071517337,0.4645352197666173,107.59048373119715
3.912316896147284,0.01,0.006020377071976,0.0094377117786713,67.59121804190998
3.912316896147284,0.0242028985507246,0.0145114799049013,0.0225689248080602,28.48983706751779
3.912316896147284,0.0384057971014492,0.0229410126724117,0.0353870801683491,18.31990110529913
3.912316896147284,0.0526086956521739,0.0313183470142936,0.0479002226899835,13.649720762445718
3.912316896147284,0.0668115942028985,0.0396529907566397,0.0601161858589661,10.9721847544938
3.912316896147284,0.0810144927536231,0.047954611837302,0.0720425976316686,9.284597346227969
3.912316896147284,0.0952173913043478,0.0562330690923295,0.0836868854124799,9.098842303181014
3.912316896147284,0.1094202898550724,0.0644984413029486,0.0950562821190337,8.909001754847347
3.912316896147284,0.1236231884057971,0.0727610589320586,0.1061578311113089,8.72281492435859
3.912316896147284,0.1378260869565217,0.081031539957661,0.1169983915498044,8.54383706880136
3.912316896147284,0.1520289855072464,0.0893208283689284,0.1275846433350571,8.373413184550438
3.912316896147284,0.166231884057971,0.0976402344084984,0.1379230921180909,8.211723251637258
3.912316896147284,0.1804347826086956,0.1060014819320162,0.1480200740077131,8.058344780811865
3.912316896147284,0.1946376811594203,0.1144167563952202,0.1578817602231566,7.912560315154312
3.912316896147284,0.2088405797101449,0.1228987607129401,0.1675141616183163,7.7735268150715
3.912316896147284,0.2230434782608695,0.131460774599448,0.1769231330671282,7.640369120244075
3.912316896147284,0.2372463768115942,0.1401167217743657,0.1861143777153188,7.512230664825515
3.912316896147284,0.2514492753623188,0.1488812432615836,0.1950934511183792,7.388300060224276
3.912316896147284,0.2656521739130435,0.1577697784937617,0.2038657653178765,7.267823783110749
3.912316896147284,0.2798550724637681,0.1667986571901606,0.2124365926978882,7.150111067457875
3.912316896147284,0.2940579710144927,0.1759852004092642,0.2208110698287101,7.034534349652989
3.912316896147284,0.3082608695652174,0.185347833602603,0.2289942011574138,6.9205273486156464
3.912316896147284,0.322463768115942,0.1949062149075718,0.2369908625931912,6.807581891267423
3.912316896147284,0.3366666666666666,0.2046813779664636,0.2448058050210501,6.695244245384967
3.912316896147284,0.3508695652173913,0.2146958936765714,0.2524436576758048,6.583111260446809
3.912316896147284,0.365072463768116,0.2249740536035837,0.2599089314615705,6.470826655542747
3.912316896147284,0.3792753623188406,0.2355420777740106,0.2672060221520914,6.358077437667318
3.912316896147284,0.3934782608695652,0.2464283508697994,0.2743392135189555,6.244590614045433
3.912316896147284,0.4076811594202899,0.2576636934043643,0.2813126803527263,6.130130141522945
3.912316896147284,0.4218840579710145,0.2692816707326728,0.2881304914263333,6.014494170829404
3.912316896147284,0.4360869565217391,0.2813189499002114,0.2947966123553227,5.897512500272118
3.912316896147284,0.4502898550724638,0.293815710194455,0.3013149083914863,5.779044317069685
3.912316896147284,0.4644927536231884,0.3068161198479657,0.3076891471313209,5.658976102542481
3.912316896147284,0.4786956521739131,0.3203688894066158,0.3139230011682888,5.537219784993737
3.912316896147284,0.4928985507246377,0.3345279177852341,0.3200200506439812,5.413711033134379
3.912316896147284,0.5071014492753623,0.3493530505028652,0.3259837857649944,5.288407759391648
3.912316896147284,0.521304347826087,0.3649109713985788,0.33181760922069,5.161288763763666
3.912316896147284,0.5355072463768116,0.3812762584474488,0.3375248385588524,5.032352555871792
3.912316896147284,0.5497101449275362,0.3985326386693225,0.3431087084853806,4.901616330488599
3.912316896147284,0.5639130434782609,0.4167744878732724,0.3485723731051627,4.769115120710543
3.912316896147284,0.5781159420289855,0.4361086332882526,0.3539189081029047,4.634901140694896
3.912316896147284,0.5923188405797102,0.4566565321693031,0.359151312873248,4.499043340496763
3.912316896147284,0.6065217391304348,0.4785569223222836,0.364272512579992,4.361627211670168
3.912316896147284,0.6207246376811595,0.5019690678179314,0.3692853601718845,4.22275490935811
3.912316896147284,0.634927536231884,0.527076761372119,0.3741926383407891,4.082545757975263
3.912316896147284,0.6491304347826087,0.554093299434869,0.378997061428055,3.9411372665092568
3.912316896147284,0.6633333333333333,0.5832677151338064,0.3837012772769041,3.9616987493172298
3.912316896147284,0.677536231884058,0.6148926591664616,0.3883078690433997,4.077997217403823
3.912316896147284,0.6917391304347826,0.6493144579383742,0.3928193569497661,4.2079378080525
3.912316896147284,0.7059420289855073,0.6869460869628329,0.3972381999973916,4.3533205145403215
3.912316896147284,0.7201449275362319,0.7282840937304691,0.4015667976304505,4.51632545245864
3.912316896147284,0.7343478260869566,0.7739309494863689,0.4058074913573583,4.699612977785902
3.912316896147284,0.7485507246376812,0.8246249749370925,0.4099625663292987,4.906457910649357
3.912316896147284,0.7627536231884058,0.8812810156268863,0.4140342528710918,5.14093214356944
3.912316896147284,0.7769565217391304,0.9450466568409698,0.4180247279791723,5.408157167390117
3.912316896147284,0.7911594202898551,1.017381376820505,0.421936116774473,5.714659786045531
3.912316896147284,0.8053623188405797,1.1001703551939643,0.4257704939181007,6.068883709594003
3.912316896147284,0.8195652173913044,1.1958920310621295,0.4295298849860278,6.481942893237219
3.912316896147284,0.833768115942029,1.307871557899734,0.43321626781446,6.968761191956911
3.912316896147284,0.8479710144927537,1.4406763283386714,0.436831573800868,7.54985095061826
3.912316896147284,0.8621739130434782,1.6007560499169715,0.4403776891785713,8.254191404674764
3.912316896147284,0.8763768115942029,1.797524044338589,0.4438564562492715,9.124091366010642
3.912316896147284,0.8905797101449275,2.045280671726248,0.4472696745908561,10.223839127323403
3.912316896147284,0.9047826086956522,2.366858173465329,0.4506191022271764,11.65609394311658
3.912316896147284,0.9189855072463768,2.801099447692291,0.4539064567709929,13.595519488011211
3.912316896147284,0.9331884057971016,3.419875911221569,0.4571334165370528,16.365316514773493
3.912316896147284,0.947391304347826,4.372671486180439,0.4603016216214558,20.637725931195845
3.912316896147284,0.9615942028985508,6.030092572481349,0.4634126749589177,28.07942195063939
3.912316896147284,0.9757971014492756,9.632670705787248,0.4664681433489884,44.26930814539188
3.912316896147284,0.99,23.468596338362435,0.4694695584570685,106.48102952413616
4.040992313468286,0.01,0.0061525285984935,0.0095409010265916,67.58881927721146
4.040992313468286,0.0242028985507246,0.0148292491079312,0.0228156882128993,28.48734754248896
4.040992313468286,0.0384057971014492,0.0234420938415859,0.0357739947900394,18.31730265730992
4.040992313468286,0.0526086956521739,0.0320005871987212,0.0484239514537608,13.647009582769837
4.040992313468286,0.0668115942028985,0.0405143873526143,0.0607734759286323,10.969355792192774
4.040992313468286,0.0810144927536231,0.0489933142247743,0.0728302769976979,9.397858548505466
4.040992313468286,0.0952173913043478,0.057447378572049,0.084601860578836,9.222764183006133
4.040992313468286,0.1094202898550724,0.0658868122939551,0.0960955353861404,9.04207828057545
4.040992313468286,0.1236231884057971,0.0743220997815484,0.1073184181729459,8.863823768141076
4.040992313468286,0.1378260869565217,0.0827640157256991,0.118277438994704,8.691767003509822
4.040992313468286,0.1520289855072464,0.0912236612424607,0.1289793464164901,8.52741158605765
4.040992313468286,0.166231884057971,0.0997125084825875,0.1394307124791655,8.371058518505247
4.040992313468286,0.1804347826086956,0.108242444417929,0.149637937455368,8.222379063180076
4.040992313468286,0.1946376811594203,0.1168258225885095,0.1596072547028455,8.080729177545813
4.040992313468286,0.2088405797101449,0.1254755175872867,0.1693447350741158,7.945324264418262
4.040992313468286,0.2230434782608695,0.1342049863349729,0.178856291507335,7.81533605767114
4.040992313468286,0.2372463768115942,0.1430283349487181,0.1881476832581814,7.689946152466334
4.040992313468286,0.2514492753623188,0.1519603931939816,0.1972245201751478,7.568374446106425
4.040992313468286,0.2656521739130435,0.1610167972074036,0.2060922667210402,7.449893338134727
4.040992313468286,0.2798550724637681,0.1702140811445463,0.2147562459887568,7.333833714960624
4.040992313468286,0.2940579710144927,0.1795697799007299,0.2232216435542155,7.21958627816239
4.040992313468286,0.3082608695652174,0.1891025435814458,0.2314935111971158,7.106600250968343
4.040992313468286,0.322463768115942,0.1988322664506232,0.2395767705909305,6.994380744517959
4.040992313468286,0.3366666666666666,0.2087802320146242,0.2474762168050619,6.882485488892444
4.040992313468286,0.3508695652173913,0.218969275871779,0.2551965217722913,6.770521309459708
4.040992313468286,0.365072463768116,0.2294239713590793,0.2627422376206248,6.658140666360589
4.040992313468286,0.3792753623188406,0.2401708390323099,0.2701177999426048,6.545038289152938
4.040992313468286,0.3934782608695652,0.2512385863560152,0.2773275309413425,6.430948059044392
4.040992313468286,0.4076811594202899,0.2626583801893022,0.2843756425069478,6.315640093156045
4.040992313468286,0.4218840579710145,0.2744641601824838,0.2912662392081607,6.198918097759009
4.040992313468286,0.4360869565217391,0.2866929987160282,0.2980033211998535,6.080616931217179
4.040992313468286,0.4502898550724638,0.2993855159895547,0.3045907870478614,5.960600382809136
4.040992313468286,0.4644927536231884,0.312586361123687,0.3110324364682358,5.8387591806648205
4.040992313468286,0.4786956521739131,0.3263447717283365,0.3173319730167329,5.715009146152138
4.040992313468286,0.4928985507246377,0.340715226466611,0.3234930066739545,5.589289555681607
4.040992313468286,0.5071014492753623,0.3557582107199155,0.3295190563839313,5.461561646557524
4.040992313468286,0.521304347826087,0.3715411179688384,0.3354135525169624,5.331807284655556
4.040992313468286,0.5355072463768116,0.3881393158136056,0.341179839257224,5.200027779329699
4.040992313468286,0.5497101449275362,0.4056374142614309,0.346821176936951,5.066242865058007
4.040992313468286,0.5639130434782609,0.424130780582723,0.3523407443082201,4.930489824234335
4.040992313468286,0.5781159420289855,0.4437273601939304,0.3577416407466407,4.792822801301678
4.040992313468286,0.5923188405797102,0.464549877820706,0.3630268884000054,4.65331230557212
4.040992313468286,0.6065217391304348,0.4867385151759413,0.3681994342777922,4.512044951284786
4.040992313468286,0.6207246376811595,0.5104541892417167,0.3732621522898291,4.369123471612071
4.040992313468286,0.634927536231884,0.5358825965599325,0.3782178452205452,4.224667097251674
4.040992313468286,0.6491304347826087,0.5632392380890445,0.3830692466639014,4.078812382113633
4.040992313468286,0.6633333333333333,0.5927757166793657,0.3878190228897438,3.941233709142729
4.040992313468286,0.677536231884058,0.6247876978640715,0.3924697746776019,4.056206322504503
4.040992313468286,0.6917391304347826,0.6596250712395905,0.3970240390898897,4.184692469591142
4.040992313468286,0.7059420289855073,0.6977050560187894,0.4014842911973904,4.328473424184639
4.040992313468286,0.7201449275362319,0.7395292970069142,0.4058529457664807,4.489706781246013
4.040992313468286,0.7343478260869566,0.7857064444939059,0.4101323588917468,4.671025557493018
4.040992313468286,0.7485507246376812,0.836982386077499,0.4143248295943216,4.875671056969957
4.040992313468286,0.7627536231884058,0.8942813368254582,0.418432601365046,5.107673625673458
4.040992313468286,0.7769565217391304,0.958762629062022,0.4224578636784953,5.372102625357217
4.040992313468286,0.7911594202898551,1.0319006737654124,0.4264027534573422,5.675418547297684
4.040992313468286,0.8053623188405797,1.115599931461421,0.4302693565036313,6.025979430252752
4.040992313468286,0.8195652173913044,1.212364181893193,0.4340597088856161,6.434786581026456
4.040992313468286,0.833768115942029,1.325552567778082,0.4377757982920298,6.916612704359676
4.040992313468286,0.8479710144927537,1.4597791595283822,0.4414195653481485,7.491762507782378
4.040992313468286,0.8621739130434782,1.6215595689520574,0.444992904897127,8.188921997964792
4.040992313468286,0.8763768115942029,1.8204032931436072,0.4484976672450166,9.049971998776096
4.040992313468286,0.8905797101449275,2.0707567849470045,0.4519356593774974,10.138550595435424
4.040992313468286,0.9047826086956522,2.3956855250813343,0.4553086461364908,11.55627888152472
4.040992313468286,0.9189855072463768,2.8344291875157346,0.4586183513757078,13.476054350474008
4.040992313468286,0.9331884057971016,3.4595933255086893,0.4618664590736764,16.21780973598322
4.040992313468286,0.947391304347826,4.42218874846894,0.4650546144289562,20.446988812146483
4.040992313468286,0.9615942028985508,6.096607336515738,0.468184424916585,27.81341401440421
4.040992313468286,0.9757971014492756,9.736051707763512,0.471257461325864,43.83958083039488
4.040992313468286,0.99,23.713369699591667,0.4742752587618574,105.42226258002128
4.173899842722513,0.01,0.0062818338432491,0.0096408013928009,67.58653357201968
4.173899842722513,0.0242028985507246,0.0151401531142389,0.0230545952287583,28.484937041292028
4.173899842722513,0.0384057971014492,0.0239323122772851,0.0361485918135455,18.31478789504046
4.173899842722513,0.0526086956521739,0.0326679854569995,0.0489310098027825,13.644385982824424
4.173899842722513,0.0668115942028985,0.0413569781646993,0.0614098489483181,10.96661861523038
4.173899842722513,0.0810144927536231,0.0500092591217954,0.0735928971942442,9.510767991756378
4.173899842722513,0.0952173913043478,0.0586349872296587,0.0854877368499398,9.346675765138013
4.173899842722513,0.1094202898550724,0.0672445430663564,0.0971017505719535,9.175503328003078
4.173899842722513,0.1236231884057971,0.0758485620406289,0.1084421267380452,9.005544533795867
4.173899842722513,0.1378260869565217,0.0844579702681892,0.119515864673758,8.840768258409005
4.173899842722513,0.1520289855072464,0.0930840240368742,0.1303297799417526,8.682831464066057
4.173899842722513,0.166231884057971,0.1017383518108629,0.1408905093246206,8.532152815496143
4.173899842722513,0.1804347826086956,0.1104330003345558,0.1512045157682648,8.388494995605008
4.173899842722513,0.1946376811594203,0.1191804868058976,0.1612780931667186,8.251286214422604
4.173899842722513,0.2088405797101449,0.1279938532307748,0.1711173710206437,8.119799473407644
4.173899842722513,0.2230434782608695,0.1368867287806835,0.1807283188721994,7.993253147476736
4.173899842722513,0.2372463768115942,0.1458733971969705,0.1901167507852887,7.870866882537668
4.173899842722513,0.2514492753623188,0.1549688727112364,0.1992883295234025,7.751891977891915
4.173899842722513,0.2656521739130435,0.1641889823671743,0.2082485707579295,7.6356269972810304
4.173899842722513,0.2798550724637681,0.1735504594075899,0.2170028470656408,7.52142480965813
4.173899842722513,0.2940579710144927,0.1830710469034263,0.2255563918311172,7.408694739974932
4.173899842722513,0.3082608695652174,0.1927696137899285,0.2339143030614544,7.296901930874624
4.173899842722513,0.322463768115942,0.2026662841743896,0.242081547078518,7.185565200342602
4.173899842722513,0.3366666666666666,0.2127825845029097,0.2500629621085194,7.074254180031724
4.173899842722513,0.3508695652173913,0.2231416080039909,0.257863261762787,6.962586112057874
4.173899842722513,0.365072463768116,0.2337682022146224,0.2654870384390831,6.850222645143552
4.173899842722513,0.3792753623188406,0.2446891803632543,0.2729387666105299,6.7368666625512486
4.173899842722513,0.3934782608695652,0.2559335634325343,0.2802228060227454,6.622259355680271
4.173899842722513,0.4076811594202899,0.2675328556272047,0.287343404818404,6.506177432479361
4.173899842722513,0.4218840579710145,0.2795213608136505,0.2943047025525417,6.388430576672739
4.173899842722513,0.4360869565217391,0.2919365455463407,0.3011107331471646,6.268859114772392
4.173899842722513,0.4502898550724638,0.3048194590417009,0.3077654277344591,6.147331865260899
4.173899842722513,0.4644927536231884,0.3182152184210717,0.3142726174576641,6.023744193782335
4.173899842722513,0.4786956521739131,0.3321735742334797,0.3206360361684726,5.8980162285584266
4.173899842722513,0.4928985507246377,0.3467495690227319,0.3268593230561712,5.770091250818222
4.173899842722513,0.5071014492753623,0.3620043110487941,0.3329460252148584,5.639934223767262
4.173899842722513,0.521304347826087,0.3780058841215665,0.3388996001266413,5.50753048005816
4.173899842722513,0.5355072463768116,0.394830424531336,0.3447234180970225,5.3728845429781975
4.173899842722513,0.5497101449275362,0.4125634015237582,0.3504207645956392,5.2360190955841786
4.173899842722513,0.5639130434782609,0.4313011472119636,0.3559948425704993,5.09697410000837
4.173899842722513,0.5781159420289855,0.4511526954997281,0.3614487746608131,4.955806076498216
4.173899842722513,0.5923188405797102,0.4722420049512847,0.3667856053879058,4.812587566300881
4.173899842722513,0.6065217391304348,0.494710662404456,0.3720083032552954,4.667406807897039
4.173899842722513,0.6207246376811595,0.5187211944849106,0.3771197628120025,4.520367667284661
4.173899842722513,0.634927536231884,0.5444611505234759,0.3821228066563731,4.371589897102742
4.173899842722513,0.6491304347826087,0.5721481780860895,0.3870201873795093,4.221209799134109
4.173899842722513,0.6633333333333333,0.6020363816871457,0.391814589467522,4.069381438204882
4.173899842722513,0.677536231884058,0.6344243624603652,0.3965086311388199,4.035288233947036
4.173899842722513,0.6917391304347826,0.6696654791523844,0.4011048661450342,4.162383106675055
4.173899842722513,0.7059420289855073,0.7081810832850952,0.4056057855138862,4.304632097160299
4.173899842722513,0.7201449275362319,0.7504777830848417,0.4100138192503505,4.464171298046851
4.173899842722513,0.7343478260869566,0.7971702460096898,0.4143313379920256,4.643607624503941
4.173899842722513,0.7485507246376812,0.849011728115577,0.4185606546130917,4.84615037978979
4.173899842722513,0.7627536231884058,0.9069355691000004,0.4227040257947387,5.0757902451891095
4.173899842722513,0.7769565217391304,0.9721125411706684,0.4267636535455233,5.337546812538235
4.173899842722513,0.7911594202898551,1.0460315977215298,0.4307416866818491,5.637817260913009
4.173899842722513,0.8053623188405797,1.1306159770576976,0.4346402222728517,5.98487783735601
4.173899842722513,0.8195652173913044,1.2283941382955263,0.438461307041439,6.389622299578445
4.173899842722513,0.833768115942029,1.3427583270480763,0.442206938726009,6.866679045620871
4.173899842722513,0.8479710144927537,1.478368074772402,0.4458790674149627,7.436154547078729
4.173899842722513,0.8621739130434782,1.6418031801591697,0.4494795968313188,8.126454858913187
4.173899842722513,0.8763768115942029,1.8426668100756816,0.4530103855946055,8.979052195926961
4.173899842722513,0.8905797101449275,2.0955477051137863,0.4564732484437666,10.056963879033344
4.173899842722513,0.9047826086956522,2.4237385112962477,0.4598699574249585,11.4608198508741
4.173899842722513,0.9189855072463768,2.866865346837805,0.4632022430527479,13.361831401537788
4.173899842722513,0.9331884057971016,3.498248786777376,0.4664717954353722,16.076811231414922
4.173899842722513,0.947391304347826,4.47038677476318,0.4696802653737703,20.264713779726836
4.173899842722513,0.9615942028985508,6.16135811685813,0.4728292654296872,27.559272811241787
4.173899842722513,0.9757971014492756,9.836706630367932,0.4759203709641441,43.429130094106725
4.173899842722513,0.99,23.951733548531458,0.4789551211516022,104.41125339002797
4.311178677330027,0.01,0.006408304365289,0.0097375283081935,67.58427574547044
4.311178677330027,0.0242028985507246,0.0154442054019753,0.023285895213813,28.48260396751033
4.311178677330027,0.0384057971014492,0.0244116919174109,0.0365112628209486,18.31235386360667
4.311178677330027,0.0526086956521739,0.0333205797918084,0.0494219281622926,13.64184716071361
4.311178677330027,0.0668115942028985,0.0421808178768926,0.062025970727807,10.963970457249427
4.311178677330027,0.0810144927536231,0.0510025183978808,0.0743312554940409,9.623282389663949
4.311178677330027,0.0952173913043478,0.0597959859724374,0.0863454395570945,9.470529474139996
4.311178677330027,0.1094202898550724,0.0685717469953435,0.0980759778110371,9.309228215692372
4.311178677330027,0.1236231884057971,0.0773405834687503,0.109530128497228,9.14793003251221
4.311178677330027,0.1378260869565217,0.0861135698053715,0.1207149585353324,8.990797606237154
4.311178677330027,0.1520289855072464,0.0949021129904366,0.1316373487793282,8.839635322151668
4.311178677330027,0.166231884057971,0.1037179939902946,0.142303999253658,8.694975568343317
4.311178677330027,0.1804347826086956,0.1125734159335149,0.1527214340665745,8.556670037688848
4.311178677330027,0.1946376811594203,0.1214810545884394,0.162896006195406,8.424217578113383
4.311178677330027,0.2088405797101449,0.1304541154853521,0.1728339022889086,8.296947824878957
4.311178677330027,0.2230434782608695,0.1395063956281174,0.1825411471811762,8.174125248063485
4.311178677330027,0.2372463768115942,0.1486523520875306,0.1920236083767017,8.055007338860804
4.311178677330027,0.2514492753623188,0.1579071780205012,0.2012870003147711,7.938876774122856
4.311178677330027,0.2656521739130435,0.167286886808378,0.2103368886034005,7.825058411183362
4.311178677330027,0.2798550724637681,0.1768084056398885,0.2191786940980748,7.712927341948967
4.311178677330027,0.2940579710144927,0.1864896802277147,0.227817696854148,7.601911816014652
4.311178677330027,0.3082608695652174,0.1963497921027113,0.2362590399908428,7.491493238135006
4.311178677330027,0.322463768115942,0.2064090893589695,0.2445077333991173,7.381204522571779
4.311178677330027,0.3366666666666666,0.2166893349913471,0.2525686574381539,7.270627600062562
4.311178677330027,0.3508695652173913,0.2272138728015664,0.2604465664011973,7.1593905436364205
4.311178677330027,0.365072463768116,0.2380078170292233,0.2681460919988334,7.047164598513848
4.311178677330027,0.3792753623188406,0.249098266006155,0.2756717466618796,6.93366123039638
4.311178677330027,0.3934782608695652,0.2605145454714298,0.2830279268159311,6.81862935371825
4.311178677330027,0.4076811594202899,0.2722884881695216,0.2902189159990989,6.701852682084273
4.311178677330027,0.4218840579710145,0.2844547518769764,0.2972488879521112,6.58314729976885
4.311178677330027,0.4360869565217391,0.2970511871787216,0.3041219095878007,6.462359401807656
4.311178677330027,0.4502898550724638,0.3101192604435962,0.3108419438792913,6.339363243490761
4.311178677330027,0.4644927536231884,0.3237045443490161,0.3174128526894554,6.214059233008047
4.311178677330027,0.4786956521739131,0.3378572883778173,0.3238383994978063,6.0863722068917925
4.311178677330027,0.4928985507246377,0.3526330838526607,0.330122252072875,5.956249847761723
4.311178677330027,0.5071014492753623,0.3680936451285787,0.3362679850566932,5.823661248765912
4.311178677330027,0.521304347826087,0.3843077278024194,0.3422790824837797,5.688595605642787
4.311178677330027,0.5355072463768116,0.4013522162237551,0.3481589402410406,5.55106106151221
4.311178677330027,0.5497101449275362,0.4193134158738192,0.3539108684395368,5.41108366133408
4.311178677330027,0.5639130434782609,0.4382885979536778,0.3595380937497808,5.268706469129047
4.311178677330027,0.5781159420289855,0.4583878556189394,0.3650437616451996,5.123988818041023
4.311178677330027,0.5923188405797102,0.4797363483334121,0.3704309386092806,4.977005741573582
4.311178677330027,0.6065217391304348,0.5024770310100133,0.3757026142686357,4.827847591454806
4.311178677330027,0.6207246376811595,0.5267739965813749,0.3808617034742526,4.676619895615141
4.311178677330027,0.634927536231884,0.5528165984446102,0.3859110483234008,4.523443513160407
4.311178677330027,0.6491304347826087,0.5808245736460762,0.3908534201306484,4.368455152902771
4.311178677330027,0.6633333333333333,0.6110544621864533,0.3956915213418056,4.211808392796412
4.311178677330027,0.677536231884058,0.6438077230572496,0.4004279874033475,4.05367535681054
4.311178677330027,0.6917391304347826,0.679441092760074,0.4050653885671881,4.14096479154736
4.311178677330027,0.7059420289855073,0.7183799459479163,0.4096062316629473,4.281747863005234
4.311178677330027,0.7201449275362319,0.7611357236897802,0.4140529618127195,4.439666160849887
4.311178677330027,0.7343478260869566,0.8083289521602431,0.4184079640993319,4.617301664737859
4.311178677330027,0.7485507246376812,0.8607200622013956,0.4226735651932459,4.817833107755182
4.311178677330027,0.7627536231884058,0.9192512783304574,0.4268520349300431,5.045213279121976
4.311178677330027,0.7769565217391304,0.9851045122371426,0.4309455878538845,5.304414225293816
4.311178677330027,0.7911594202898551,1.0597828785386176,0.4349563847059147,5.601772645574114
4.311178677330027,0.8053623188405797,1.1452279006982164,0.4388865338864336,5.945486650868778
4.311178677330027,0.8195652173913044,1.243992070614856,0.4427380928656482,6.34634725983931
4.311178677330027,0.833768115942029,1.3594998695728917,0.4465130695608543,6.818845016367956
4.311178677330027,0.8479710144927537,1.4964550997392558,0.4502134236794459,7.382897021768563
4.311178677330027,0.8621739130434782,1.6615000663544122,0.4538410680203885,8.066641898757108
4.311178677330027,0.8763768115942029,1.8643291546432057,0.4573978697386038,8.911161527732338
4.311178677330027,0.8905797101449275,2.1196696695191126,0.4608856515833023,9.978880227365917
4.311178677330027,0.9047826086956522,2.4510354790001525,0.4643061930965252,11.369481118604824
4.311178677330027,0.9189855072463768,2.8984290357054774,0.4676612317789392,13.25256470295982
4.311178677330027,0.9331884057971016,3.53586723206716,0.4709524642289481,15.941963191531691
4.311178677330027,0.947391304347826,4.517296245100113,0.4741815472453272,20.090431925136023
4.311178677330027,0.9615942028985508,6.224385366407337,0.4773500989046151,27.316335572099906
4.311178677330027,0.9757971014492756,9.93469680126738,0.4804596996096981,43.03687081227791
4.311178677330027,0.99,24.183828441040973,0.4835118931029676,103.44529233182205
4.452972588758096,0.01,0.0065319429456286,0.0098311715809171,67.58212310028091
4.452972588758096,0.0242028985507246,0.0157414327101037,0.0235098309923941,28.480344816694863
4.452972588758096,0.0384057971014492,0.0248802798296913,0.0368623880338795,18.309999300593947
4.452972588758096,0.0526086956521739,0.0339584349879944,0.0498972204702505,13.639390367721552
4.452972588758096,0.0668115942028985,0.042985991336348,0.0626224855824536,10.961408020402995
4.452972588758096,0.0810144927536231,0.0519732021455279,0.075046123576551,9.735358780362764
4.452972588758096,0.0952173913043478,0.0609305115792539,0.0871758645332747,9.59427716942976
4.452972588758096,0.1094202898550724,0.0698685890787299,0.0990192338352044,9.443203109281384
4.452972588758096,0.1236231884057971,0.0787983597855104,0.1105835577994162,9.29093161545985
4.452972588758096,0.1378260869565217,0.0877310433361758,0.1218759692814584,9.141809722988237
4.452972588758096,0.1520289855072464,0.0966781929318243,0.1329034129522172,8.997782997942382
4.452972588758096,0.166231884057971,0.105651738601218,0.1436726505146296,8.859493315854111
4.452972588758096,0.1804347826086956,0.1146640351110048,0.1541902656379922,8.726878529951765
4.452972588758096,0.1946376811594203,0.1237279139989336,0.164462669052844,8.59950613118707
4.452972588758096,0.2088405797101449,0.1328567394822009,0.174496103154418,8.476761327167356
4.452972588758096,0.2230434782608695,0.1420644721760238,0.1842966466900296,8.357953858971886
4.452972588758096,0.2372463768115942,0.1513657378034207,0.1938702192990244,8.242378696106654
4.452972588758096,0.2514492753623188,0.1607759041241641,0.203222585826074,8.129349752482586
4.452972588758096,0.2656521739130435,0.1703111657459527,0.212359360623817,8.018218192003763
4.452972588758096,0.2798550724637681,0.179988638627874,0.2212860116415954,7.908381455645187
4.452972588758096,0.2940579710144927,0.1898264660491105,0.2300078644736382,7.799286950411732
4.452972588758096,0.3082608695652174,0.1998439362619788,0.2385301062407155,7.690432642103703
4.452972588758096,0.322463768115942,0.2100616154598537,0.246857789375884,7.581365856356094
4.452972588758096,0.3366666666666666,0.220501496673824,0.2549958353180636,7.4716811927369635
4.452972588758096,0.3508695652173913,0.2311871678910349,0.2629490380918446,7.361017923055976
4.452972588758096,0.365072463768116,0.2421440028845118,0.2707220677596454,7.249057275653356
4.452972588758096,0.3792753623188406,0.2533993767575137,0.2783194738276149,7.135519709093085
4.452972588758096,0.3934782608695652,0.2649829126923844,0.2857456885002631,7.020162254932007
4.452972588758096,0.4076811594202899,0.2769267624862666,0.2930050299036216,6.902776031195845
4.452972588758096,0.4218840579710145,0.2892659288099345,0.3001017051496135,6.783183924046607
4.452972588758096,0.4360869565217391,0.3020386354892002,0.3070398133797631,6.661238405270417
4.452972588758096,0.4502898550724638,0.3152867548910916,0.3138233486756551,6.53681956408045
4.452972588758096,0.4644927536231884,0.3290563029498969,0.3204562029202026,6.409833247871846
4.452972588758096,0.4786956521739131,0.3433980146393169,0.3269421685588121,6.280209400099134
4.452972588758096,0.4928985507246377,0.3583680154646814,0.3332849412966429,6.147900501354432
4.452972588758096,0.5071014492753623,0.3740286092522359,0.339488122727075,6.012880168122322
4.452972588758096,0.521304347826087,0.3904492055532235,0.3455552228635806,5.8751418664534905
4.452972588758096,0.5355072463768116,0.4077074166995031,0.3514896626344165,5.734697755521495
4.452972588758096,0.5497101449275362,0.4258903616637478,0.3572947762806896,5.591577656068124
4.452972588758096,0.5639130434782609,0.4450962257428422,0.3629738137173046,5.445828147938565
4.452972588758096,0.5781159420289855,0.4654361332443928,0.3685299428016518,5.2975118120851965
4.452972588758096,0.5923188405797102,0.4870364122207951,0.3739662515627604,5.14670662119824
4.452972588758096,0.6065217391304348,0.5100413489993199,0.3792857503566259,4.993505518073159
4.452972588758096,0.6207246376811595,0.5346165613818868,0.3844913739740506,4.8380162046371336
4.452972588758096,0.634927536231884,0.5609531585709999,0.3895859836812817,4.680361203046562
4.452972588758096,0.6491304347826087,0.5892729115481724,0.3945723692114259,4.5206782523872615
4.452972588758096,0.6633333333333333,0.6198347312639302,0.3994532507006238,4.359121154990219
4.452972588758096,0.677536231884058,0.6529428586494849,0.4042312805705236,4.195861213209325
4.452972588758096,0.6917391304347826,0.6889573185767688,0.4089090453621883,4.120395296431512
4.452972588758096,0.7059420289855073,0.728307402395094,0.4134890675157501,4.259775007127543
4.452972588758096,0.7201449275362319,0.7715092559655025,0.4179738071081761,4.416141768328761
4.452972588758096,0.7343478260869566,0.8191891096621399,0.4223656635365905,4.592053727027452
4.452972588758096,0.7485507246376812,0.8721143794593074,0.4266669771607113,4.790660395110057
4.452972588758096,0.7627536231884058,0.9312359405014016,0.4308800309002602,5.015878344554831
4.452972588758096,0.7769565217391304,0.9977465503349494,0.4350070517823646,5.272634177275621
4.452972588758096,0.7911594202898551,1.0731631115236313,0.4390502124563892,5.567206784008127
4.452972588758096,0.8053623188405797,1.159444951269355,0.4430116326623961,5.907719592600413
4.452972588758096,0.8195652173913044,1.2591679615955602,0.4468933806547503,6.3048654222832194
4.452972588758096,0.833768115942029,1.3757880113476946,0.4506974745979302,6.773003055086498
4.452972588758096,0.8479710144927537,1.5140520086553204,0.4544258839130354,7.331868589662044
4.452972588758096,0.8621739130434782,1.6806631215368315,0.4580805305958823,8.009345035573556
4.452972588758096,0.8763768115942029,1.8854045551759493,0.4616632904938637,8.846141189369236
4.452972588758096,0.8905797101449275,2.143138535947034,0.4651759945502655,9.904114574629038
4.452972588758096,0.9047826086956522,2.477594338667515,0.4686204300128392,11.282043335485485
4.452972588758096,0.9189855072463768,2.9291408586887866,0.4719983416135812,13.147988374609676
4.452972588758096,0.9331884057971016,3.572473004658855,0.4753114327129804,15.812933139159467
4.452972588758096,0.947391304347826,4.56294712469645,0.4785613664112396,19.923707847102204
4.452972588758096,0.9615942028985508,6.28572863298518,0.4817497666350142,27.083987323467184
4.452972588758096,0.9757971014492756,10.030082266984689,0.4848782191931733,42.66179683572874
4.452972588758096,0.99,24.40979230300004,0.4879482727981798,102.52186879373173
4.599430077092359,0.01,0.0066527656589202,0.0099218317283772,67.58005040708508
4.599430077092359,0.0242028985507246,0.0160318741706284,0.0237266369239743,28.47816005082929
4.599430077092359,0.0384057971014492,0.0253381351832637,0.0372023345443885,18.307719977544604
4.599430077092359,0.0526086956521739,0.0345816391762112,0.0503573838499946,13.637013036364058
4.599430077092359,0.0668115942028985,0.0437726156265354,0.0632000173934293,10.958928740637605
4.599430077092359,0.0810144927536231,0.0529214553786062,0.0757382487080574,9.846954365568362
4.599430077092359,0.0952173913043478,0.0620387411587353,0.0879798791953989,9.71787030712979
4.599430077092359,0.1094202898550724,0.0711352806564079,0.0999325029493422,9.577377168543432
4.599430077092359,0.1236231884057971,0.0802221387119364,0.1116035127691618,9.43449885536101
4.599430077092359,0.1378260869565217,0.0893106764827306,0.1230001059043779,9.293757077112852
4.599430077092359,0.1520289855072464,0.0984125895753568,0.1341292891849069,9.157231785249852
4.599430077092359,0.166231884057971,0.1075399540263836,0.1449978844579623,9.025669676614516
4.599430077092359,0.1804347826086956,0.1167052725254109,0.155612533627636,8.899091553165025
4.599430077092359,0.1946376811594203,0.1259215274596389,0.1659797036350403,8.777131401698837
4.599430077092359,0.2088405797101449,0.1352022382385073,0.1761056912951655,8.659228488907459
4.599430077092359,0.2230434782608695,0.1445615250560153,0.1859966279672986,8.544736968956148
4.599430077092359,0.2372463768115942,0.1540141776111386,0.1956584841316744,8.432988660535285
4.599430077092359,0.2514492753623188,0.1635757338599734,0.2050970738045007,8.323328429378835
4.599430077092359,0.2656521739130435,0.1732625648848813,0.2143180588638929,8.215133661810397
4.599430077092359,0.2798550724637681,0.183091970431645,0.2233269532323631,8.10782417480784
4.599430077092359,0.2940579710144927,0.1930822859478892,0.2321291269040489,8.000866692361237
4.599430077092359,0.3082608695652174,0.2032530013733235,0.240729809923741,7.893775938499045
4.599430077092359,0.322463768115942,0.2136248947175509,0.2491340962379821,7.786113936790702
4.599430077092359,0.3366666666666666,0.2242201831383815,0.2573469473717061,7.677488255952842
4.599430077092359,0.3508695652173913,0.2350626922816895,0.2653731960869541,7.5675497135412275
4.599430077092359,0.365072463768116,0.2461780481560427,0.2732175499005271,7.455989883934257
4.599430077092359,0.3792753623188406,0.2575938959185168,0.2808845944751355,7.34253857113231
4.599430077092359,0.3934782608695652,0.2693401475259312,0.2883787969572312,7.226961317865014
4.599430077092359,0.4076811594202899,0.2814492656162645,0.2957045092125586,7.10905703477023
4.599430077092359,0.4218840579710145,0.2939565879686044,0.3028659709474324,6.988655791048108
4.599430077092359,0.4360869565217391,0.306900702007177,0.3098673127701896,6.865616732034394
4.599430077092359,0.4502898550724638,0.3203238751996113,0.3167125591393757,6.739826163381864
4.599430077092359,0.4644927536231884,0.334272554510122,0.3234056312594878,6.611195773964353
4.599430077092359,0.4786956521739131,0.348797947434367,0.3299503498809157,6.479661002091705
4.599430077092359,0.4928985507246377,0.3639566990628009,0.3363504380155583,6.345179521682162
4.599430077092359,0.5071014492753623,0.3798116872200875,0.3426095235948168,6.20772986948225
4.599430077092359,0.521304347826087,0.3964329574261355,0.3487311420385759,6.067310174410422
4.599430077092359,0.5355072463768116,0.4138988304039688,0.3547187387706229,5.923937014436693
4.599430077092359,0.5497101449275362,0.4322972171478425,0.3605756716524687,5.777644391006805
4.599430077092359,0.5639130434782609,0.4517271922409084,0.3663052133476996,5.628482819183699
4.599430077092359,0.5781159420289855,0.4723008833728719,0.3719105536410146,5.476518549288604
4.599430077092359,0.5923188405797102,0.4941457560014763,0.3773948016727389,5.321832939515995
4.599430077092359,0.6065217391304348,0.5174073922987362,0.3827609881298986,5.1645219864771486
4.599430077092359,0.6207246376811595,0.5422528940636854,0.3880120673621922,5.004696061707893
4.599430077092359,0.634927536231884,0.5688750796570865,0.3931509194559781,4.842479887674672
4.599430077092359,0.6491304347826087,0.5974976995193284,0.3981803522397654,4.67801282825194
4.599430077092359,0.6633333333333333,0.6283819724697602,0.4031031032430991,4.511449576764425
4.599430077092359,0.677536231884058,0.6618348474645651,0.4079218415971628,4.342961388819404
4.599430077092359,0.6917391304347826,0.6982195500236209,0.4126391698822853,4.172738050135904
4.599430077092359,0.7059420289855073,0.737969184256584,0.4172576259373346,4.238670542954846
4.599430077092359,0.7201449275362319,0.7816044760648132,0.4217796846007902,4.393551509405499
4.599430077092359,0.7343478260869566,0.8297572084134119,0.4262077594200366,4.567813143104233
4.599430077092359,0.7485507246376812,0.8832015977997522,0.4305442043060386,4.764577013894106
4.599430077092359,0.7627536231884058,0.9428969402936695,0.4347913151447677,4.987725055431237
4.599430077092359,0.7769565217391304,1.010046552369296,0.4389513313636909,5.242140411180187
4.599430077092359,0.7911594202898551,1.0861807596335395,0.4430264374553981,5.534046688390295
4.599430077092359,0.8053623188405797,1.173276222132532,0.4470187644637972,5.871495894544528
4.599430077092359,0.8195652173913044,1.2739316132785976,0.4509303914194131,6.26508693938497
4.599430077092359,0.833768115942029,1.3916333597048287,0.4547633467466711,6.729052599145994
4.599430077092359,0.8479710144927537,1.5311703364949114,0.4585196096240131,7.282955878352845
4.599430077092359,0.8621739130434782,1.6993049663787394,0.4622011113124846,7.954435341217404
4.599430077092359,0.8763768115942029,1.9059069280916043,0.465809736442059,8.78384300070537
4.599430077092359,0.8905797101449275,2.1659698058778605,0.4693473242712521,9.832494350236807
4.599430077092359,0.9047826086956522,2.5034325923891845,0.4728156699029447,11.19830209793283
4.599430077092359,0.9189855072463768,2.9590209485970447,0.4762165254702215,13.047854817942676
4.599430077092359,0.9331884057971016,3.608089894842173,0.4795516012950442,15.689411665384132
4.599430077092359,0.947391304347826,4.607368713066376,0.4828225670079983,19.764136625395626
4.599430077092359,0.9615942028985508,6.345426622250687,0.486031052639444,26.861656533231223
4.599430077092359,0.9757971014492756,10.122921880101016,0.4891786496850995,42.30297372510727
4.599430077092359,0.99,24.6297606004294,0.4922669121370538,101.63865269895688
4.750704526560256,0.01,0.0067707915188124,0.0100096085671949,67.57798727072547
4.750704526560256,0.0242028985507246,0.0163155753726222,0.0239365391032325,28.476045538192853
4.750704526560256,0.0384057971014492,0.0257853362760351,0.0375314585467602,18.305513455174346
4.750704526560256,0.0526086956521739,0.03519030167745,0.0508029001188717,13.63471234517636
4.750704526560256,0.0668115942028985,0.0445408331223541,0.0637591700482571,10.9565298350699
4.750704526560256,0.0810144927536231,0.0538474566869866,0.0764083543254939,9.958026558340556
4.750704526560256,0.0952173913043478,0.0631208896401703,0.0887583232078312,9.8412601473474
4.750704526560256,0.1094202898550724,0.0723720750616005,0.1008167381138271,9.711698553783071
4.750704526560256,0.1236231884057971,0.081612213875292,0.1125910566939527,9.578579770310515
4.750704526560256,0.1378260869565217,0.0908528051175927,0.1240885388535483,9.44659002434132
4.750704526560256,0.1520289855072464,0.100105683961521,0.1353162521965887,9.317936359732602
4.750704526560256,0.166231884057971,0.1093830682297789,0.1462810772338913,9.193465243450802
4.750704526560256,0.1804347826086956,0.1186976045950963,0.1569897126130653,9.07327690134567
4.750704526560256,0.1946376811594203,0.1280624230389761,0.1674486801489116,8.957069382608942
4.750704526560256,0.2088405797101449,0.1374911943168532,0.1776643297048591,8.844334239313827
4.750704526560256,0.2230434782608695,0.1469981930483262,0.1876428439360947,8.734468879130974
4.750704526560256,0.2372463768115942,0.1565983698710669,0.1973902429503483,8.62684124266483
4.750704526560256,0.2514492753623188,0.1663074279351039,0.2069123886939058,8.520826722870845
4.750704526560256,0.2656521739130435,0.176141910097762,0.2162149894123701,8.415828649292742
4.750704526560256,0.2798550724637681,0.1861192952222371,0.2253036038403333,8.311289201818347
4.750704526560256,0.2940579710144927,0.1962581058366996,0.2341836452912175,8.206694427931014
4.750704526560256,0.3082608695652174,0.2065780280184358,0.2428603856962124,8.101575984933177
4.750704526560256,0.322463768115942,0.2171000463697951,0.2513389594536249,7.995510800163016
4.750704526560256,0.3366666666666666,0.2278465959061686,0.2596243672121701,7.888119663184027
4.750704526560256,0.3508695652173913,0.2388417333974452,0.2677214795308136,7.77906523310108
4.750704526560256,0.365072463768116,0.2501113309518644,0.2756350404309192,7.668049759514973
4.750704526560256,0.3792753623188406,0.2616832958791425,0.2833696708801299,7.554812736683289
4.750704526560256,0.3934782608695652,0.2735878214421519,0.2909298721091647,7.439128566005475
4.750704526560256,0.4076811594202899,0.2858576723627657,0.2983200289121229,7.320804317259225
4.750704526560256,0.4218840579710145,0.2985285132598834,0.3055444127954773,7.199677618580304
4.750704526560256,0.4360869565217391,0.3116392847415958,0.3126071850844825,7.075614667991957
4.750704526560256,0.4502898550724638,0.3252326386090745,0.3195123998964621,6.94850837435643
4.750704526560256,0.4644927536231884,0.3393554416836009,0.3262640070661912,6.818276646745855
4.750704526560256,0.4786956521739131,0.3540593608475587,0.3328658549833544,6.6848608081434095
4.750704526560256,0.4928985507246377,0.3694015470521819,0.3393216933309412,6.548224112905488
4.750704526560256,0.5071014492753623,0.3854454361603278,0.3456351757796395,6.408350411912205
4.750704526560256,0.521304347826087,0.4022616931782989,0.3518098625798202,6.265242886308672
4.750704526560256,0.5355072463768116,0.4199293275395137,0.3578492231033939,6.118922940928791
4.750704526560256,0.5497101449275362,0.4385370212126221,0.3637566383044898,5.969429155152126
4.750704526560256,0.5639130434782609,0.4581847140897381,0.3695354031089189,5.816816390701559
4.750704526560256,0.5781159420289855,0.4789855102245122,0.3751887287567932,5.661154993052691
4.750704526560256,0.5923188405797102,0.5010679821260462,0.3807197450640125,5.502530140107351
4.750704526560256,0.6065217391304348,0.5245789728432477,0.3861315026266265,5.341041339523857
4.750704526560256,0.6207246376811595,0.5496870284285864,0.3914269749706112,5.176802116294608
4.750704526560256,0.634927536231884,0.5765866304470918,0.3966090606353228,5.009939911914284
4.750704526560256,0.6491304347826087,0.6055034562705464,0.4016805852096268,4.840596281016566
4.750704526560256,0.6633333333333333,0.6367009705271199,0.406644303298571,4.668927444596234
4.750704526560256,0.677536231884058,0.6704887579473663,0.4115029004535715,4.495105334798788
4.750704526560256,0.6917391304347826,0.7072331593439777,0.4162589950367116,4.319319306652613
4.750704526560256,0.7059420289855073,0.7473709898667729,0.4209151400360371,4.218394009039433
4.750704526560256,0.7201449275362319,0.7914274334348327,0.4254738248428306,4.371851536738225
4.750704526560256,0.7343478260869566,0.8400396778278987,0.4299374769582118,4.544532280838247
4.750704526560256,0.7485507246376812,0.8939885586187762,0.4343084636767857,4.739531073774249
4.750704526560256,0.7627536231884058,0.954241569246421,0.4385890937067864,4.960696709838698
4.750704526560256,0.7769565217391304,1.0220123040822235,0.4427816187532568,5.212870750249428
4.750704526560256,0.7911594202898551,1.098844155198632,0.4468882350578289,5.502223908317196
4.750704526560256,0.8053623188405797,1.1867306547897507,0.4509110848902579,5.836739856353682
4.750704526560256,0.8195652173913044,1.288292652569465,0.4548522580084623,6.226927652506673
4.750704526560256,0.833768115942029,1.4070463216143982,0.4587137930694692,6.686899512592717
4.750704526560256,0.8479710144927537,1.5478213896705315,0.4624976790044497,7.236052826247391
4.750704526560256,0.8621739130434782,1.7174379614436552,0.4662058563595375,7.901792276169713
4.750704526560256,0.8763768115942029,1.9258498942554196,0.4698402185933545,8.724128509919106
4.750704526560256,0.8905797101449275,2.1881786444682025,0.4734026133432925,9.763858414930407
4.750704526560256,0.9047826086956522,2.5285673578770846,0.4768948436565653,11.118066663812751
4.750704526560256,0.9189855072463768,2.988088995004083,0.4803186691848808,12.951933129516236
4.750704526560256,0.9331884057971016,3.642741174197199,0.4836758073488248,15.571110408950036
4.750704526560256,0.947391304347826,4.650589686182543,0.4869679344697406,19.61134112814578
4.750704526560256,0.9615942028985508,6.403517250313146,0.4901966868685098,26.648811235226336
4.750704526560256,0.9757971014492756,10.2132733720113,0.4933636619392909,41.95953229663392
4.750704526560256,0.99,24.843866479111337,0.4964704191880332,100.79347810491127
4.906954366169595,0.01,0.0068860412872098,0.0100945840975771,67.5760435965677
4.906954366169595,0.0242028985507246,0.0165925928137645,0.0241397575759827,28.473997782808063
4.906954366169595,0.0384057971014492,0.0262219753167081,0.0378501044171984,18.30337764457928
4.906954366169595,0.0526086956521739,0.0357845505919872,0.0512342350432195,13.632485824232388
4.906954366169595,0.0668115942028985,0.0452908099794871,0.064300528400451,10.954208526997617
4.906954366169595,0.0810144927536231,0.0547514121115606,0.0770571406473376,10.068533086995716
4.906954366169595,0.0952173913043478,0.064177204278141,0.0895120095882519,9.964397696775723
4.906954366169595,0.1094202898550724,0.0735792618986909,0.1016728619512793,9.846114519738748
4.906954366169595,0.1236231884057971,0.0829689197602142,0.1135472188337397,9.723121016462503
4.906954366169595,0.1378260869565217,0.0923578105048449,0.1251424013156552,9.600256869272288
4.906954366169595,0.1520289855072464,0.1017579055874755,0.1364655362183698,9.479848816012868
4.906954366169595,0.166231884057971,0.1111815607241611,0.1475235612174711,9.36283766993666
4.906954366169595,0.1804347826086956,0.1206415637300904,0.1583232303145139,9.249399140026611
4.906954366169595,0.1946376811594203,0.130151188027365,0.1688711188757793,9.139292525930646
4.906954366169595,0.2088405797101449,0.1397242512573789,0.1791736284615006,9.032059732957132
4.906954366169595,0.2230434782608695,0.149375179734187,0.1892369918128446,8.927140050956899
4.906954366169595,0.2372463768115942,0.1591190797084733,0.1990672773380846,8.823936613182719
4.906954366169595,0.2514492753623188,0.1689718155916563,0.2086703937919055,8.721854694149785
4.906954366169595,0.2656521739130435,0.1789500979203776,0.218052094605874,8.620323259225396
4.906954366169595,0.2798550724637681,0.1890715796180084,0.2272179822194665,8.518806598140133
4.906954366169595,0.2940579710144927,0.1993549653072427,0.2361735122024739,8.41681011401444
4.906954366169595,0.3082608695652174,0.2098201322150353,0.2449239972985413,8.31388241810564
4.906954366169595,0.322463768115942,0.2204882657666611,0.2534746113763295,8.209615485594346
4.906954366169595,0.3366666666666666,0.2313820132795428,0.2618303932360572,8.103643546550607
4.906954366169595,0.3508695652173913,0.2425256564325672,0.2699962502885647,7.995641340850238
4.906954366169595,0.365072463768116,0.2539453064980433,0.2779769621823528,7.885322081173412
4.906954366169595,0.3792753623188406,0.2656691263299878,0.2857771842930946,7.772435248990586
4.906954366169595,0.3934782608695652,0.2777275824785464,0.2934014511099191,7.656764447495796
4.906954366169595,0.4076811594202899,0.290153734207689,0.3008541795424918,7.538125247157836
4.906954366169595,0.4218840579710145,0.3029835634070163,0.3081396721377166,7.416363191564865
4.906954366169595,0.4360869565217391,0.3162563547585465,0.3152621201827844,7.291351886208024
4.906954366169595,0.4502898550724638,0.3300151342840549,0.3222256067367832,7.162991221338474
4.906954366169595,0.4644927536231884,0.3443071766075209,0.3290341095843262,7.031205700989501
4.906954366169595,0.4786956521739131,0.3591845962786548,0.3356915040910974,6.895942909753359
4.906954366169595,0.4928985507246377,0.3747050357375186,0.3422015659858287,6.757172074974759
4.906954366169595,0.5071014492753623,0.3909324745945731,0.3485679740738511,6.614882737565624
4.906954366169595,0.521304347826087,0.4079381796434898,0.3547943128572046,6.469083533767095
4.906954366169595,0.5355072463768116,0.42580183138902,0.3608840751137231,6.319801081277597
4.906954366169595,0.5497101449275362,0.4446128613038062,0.3668406643587154,6.167078945120329
4.906954366169595,0.5639130434782609,0.4644720514481057,0.3726673972893505,6.010976739688137
4.906954366169595,0.5781159420289855,0.4854934561855334,0.3783675061290132,5.851569325129607
4.906954366169595,0.5923188405797102,0.5078067247751802,0.3839441409171775,5.688946131612823
4.906954366169595,0.6065217391304348,0.5315599274817897,0.3894003717415837,5.523210626997135
4.906954366169595,0.6207246376811595,0.5569230157676699,0.3947391909032592,5.354479960570922
4.906954366169595,0.634927536231884,0.584092089828101,0.3999635150201463,5.182884798649645
4.906954366169595,0.6491304347826087,0.6132947019083422,0.4050761870873073,5.00856943438321
4.906954366169595,0.6633333333333333,0.6447965024911353,0.4100799784630856,4.831692219493675
4.906954366169595,0.677536231884058,0.6789096412400083,0.4149775908133938,4.652426446804879
4.906954366169595,0.6917391304347826,0.7160034908529204,0.4197716579958492,4.470961832536151
4.906954366169595,0.7059420289855073,0.7565184782531604,0.4244647478960478,4.287506826850631
4.906954366169595,0.7201449275362319,0.8009841259444858,0.4290593642127654,4.351000562899639
4.906954366169595,0.7343478260869566,0.8500428819169712,0.4335579481913338,4.52216631188478
4.906954366169595,0.7485507246376812,0.9044820240734354,0.4379628803164487,4.715473769809736
4.906954366169595,0.7627536231884058,0.96527702423357,0.4422764819475599,4.934740008394107
4.906954366169595,0.7769565217391304,1.033651480006651,0.4465010169191523,5.184766783425307
4.906954366169595,0.7911594202898551,1.1111615011189864,0.4506386930913543,5.471674175902659
4.906954366169595,0.8053623188405797,1.199817041688542,0.4546916638584836,5.803380444943413
4.906954366169595,0.8195652173913044,1.3022605360106525,0.4586620296186285,6.190308638846347
4.906954366169595,0.833768115942029,1.4220371100299924,0.4625518391980145,6.64645556762442
4.906954366169595,0.8479710144927537,1.5640162548040937,0.4663630912411977,7.191060088504479
4.906954366169595,0.8621739130434782,1.7350742186732078,0.4700977355564026,7.851303002699314
4.906954366169595,0.8763768115942029,1.9452467932279285,0.4737576744309034,8.666868190040047
4.906954366169595,0.8905797101449275,2.2097798977382284,0.4773447639067144,9.69805610766942
4.906954366169595,0.9047826086956522,2.553015388815647,0.4808608150162218,11.041158801252417
4.906954366169595,0.9189855072463768,3.0163642687392067,0.4843075949939929,12.860007682089304
4.906954366169595,0.9331884057971016,3.676449624885764,0.4876868284456728,15.45776025139824
4.906954366169595,0.947391304347826,4.692638131667262,0.4910001984909417,19.4649696060308
4.906954366169595,0.9615942028985508,6.460037687928334,0.4942493478703217,26.44495557334737
4.906954366169595,0.9757971014492756,10.30119341270393,0.497435880026883,41.630662869094905
4.906954366169595,0.99,25.052240877070982,0.500561360151245,99.98432860663502
5.068343235630494,0.01,0.0069985472490569,0.0101768573964917,67.57413902762744
5.068343235630494,0.0242028985507246,0.0168629933320353,0.0243365061910371,28.4720152967936
5.068343235630494,0.0384057971014492,0.0266481580395223,0.0381586059983063,18.30131068747846
5.068343235630494,0.0526086956521739,0.0363645323392977,0.0516518403959456,13.630331112527283
5.068343235630494,0.0668115942028985,0.0460227350145229,0.0648246588396893,10.951962408330052
5.068343235630494,0.0810144927536231,0.0556335522107024,0.0776852859329998,10.178432181151791
5.068343235630494,0.0952173913043478,0.0652079610084061,0.0902417253248476,10.087233550109742
5.068343235630494,0.1094202898550724,0.0747571645541752,0.1025017677274518,9.980571595499852
5.068343235630494,0.1236231884057971,0.0842926272294467,0.1144729958880999,9.868067559792538
5.068343235630494,0.1378260869565217,0.09382611325756,0.1261627905294307,9.754703831814483
5.068343235630494,0.1520289855072464,0.1033697267659668,0.1375783361693256,9.642918732141869
5.068343235630494,0.166231884057971,0.1129359576957556,0.1487266263317697,9.53374156483375
5.068343235630494,0.1804347826086956,0.1225377310171265,0.1596144690391512,9.427419334059218
5.068343235630494,0.1946376811594203,0.1321884606034393,0.1702484917530507,9.323769590053224
5.068343235630494,0.2088405797101449,0.1419021070532505,0.1806351465342317,9.22238228104235
5.068343235630494,0.2230434782608695,0.1516932441421914,0.1907807148714726,9.12273696475786
5.068343235630494,0.2372463768115942,0.1615771302569251,0.2006913123321645,9.024270888270634
5.068343235630494,0.2514492753623188,0.1715697867685422,0.2103728932849834,8.926418407663098
5.068343235630494,0.2656521739130435,0.1816880869115933,0.2198312552251194,8.82863358913651
5.068343235630494,0.2798550724637681,0.1919498534006106,0.2290720431870974,8.730402603266016
5.068343235630494,0.2940579710144927,0.2023739687440588,0.2381007539307362,8.631249998025238
5.068343235630494,0.3082608695652174,0.2129804953311284,0.2469227400210498,8.530741349253422
5.068343235630494,0.322463768115942,0.2237908145393295,0.2555432137975719,8.428483749587476
5.068343235630494,0.3366666666666666,0.2348277803233448,0.2639672512477071,8.324124991328988
5.068343235630494,0.3508695652173913,0.24611589302845,0.2721997957219167,8.217352115466003
5.068343235630494,0.365072463768116,0.257681496820463,0.2802456616075192,8.10788951493061
5.068343235630494,0.3792753623188406,0.2695530031090136,0.2881095378325432,7.995496961553681
5.068343235630494,0.3934782608695652,0.2817611447872956,0.2957959913184757,7.87996752635317
5.068343235630494,0.4076811594202899,0.2943392671406185,0.303309470302102,7.761125614309534
5.068343235630494,0.4218840579710145,0.3073236610355185,0.3106543075922398,7.638825018671633
5.068343235630494,0.4360869565217391,0.3207539459943507,0.3178347237105663,7.512947105216704
5.068343235630494,0.4502898550724638,0.3346735116045555,0.3248548299509997,7.383399089523883
5.068343235630494,0.4644927536231884,0.3491300300512249,0.3317186313645029,7.25011244605448
5.068343235630494,0.4786956521739131,0.3641760506069011,0.3384300296399803,7.113041395889729
5.068343235630494,0.4928985507246377,0.379869694730668,0.3449928259329519,6.972161498722231
5.068343235630494,0.5071014492753623,0.3962754701768841,0.3514107235744587,6.827468386489072
5.068343235630494,0.521304347826087,0.4134652300947123,0.3576873307548503,6.678976528524799
5.068343235630494,0.5355072463768116,0.4315193070775934,0.3638261630946288,6.5267181482415655
5.068343235630494,0.5497101449275362,0.4505278624108526,0.3698306461639821,6.370742195954445
5.068343235630494,0.5639130434782609,0.4705924975097099,0.3757041179203548,6.211113447294515
5.068343235630494,0.5781159420289855,0.4918281907141589,0.3814498310994678,6.047911687474251
5.068343235630494,0.5923188405797102,0.5143656396727496,0.3870709555133551,5.881231031058251
5.068343235630494,0.6065217391304348,0.5383541085635386,0.3925705803099458,5.711179347609483
5.068343235630494,0.6207246376811595,0.5639649161600238,0.3979517161613179,5.53787787610917
5.068343235630494,0.634927536231884,0.5913957377391945,0.4032172973845248,5.361460999651494
5.068343235630494,0.6491304347826087,0.620875949967289,0.4083701840187451,5.182076277515722
5.068343235630494,0.6633333333333333,0.6526733301280856,0.4134131638361675,4.999884774158559
5.068343235630494,0.677536231884058,0.6871025239667247,0.4183489542991474,4.815061792223084
5.068343235630494,0.6917391304347826,0.7245358545585624,0.423180204466404,4.627798152379325
5.068343235630494,0.7059420289855073,0.7654172632259766,0.4279094968448831,4.438302222906753
5.068343235630494,0.7201449275362319,0.8102804948203635,0.4325393491912607,4.330959671337872
5.068343235630494,0.7343478260869566,0.8597731161112917,0.4370722162597896,4.500673007720868
5.068343235630494,0.7485507246376812,0.9146886744321064,0.4415104915120004,4.692359152823776
5.068343235630494,0.7627536231884058,0.9760104057093426,0.4458565087675331,4.909804797269275
5.068343235630494,0.7769565217391304,1.04497164287141,0.4501125438183567,5.15777357808913
5.068343235630494,0.7911594202898551,1.1231408719160978,0.4542808159908042,5.442337085094512
5.068343235630494,0.8053623188405797,1.2125440288224305,0.4583634896708107,5.771350933692385
5.068343235630494,0.8195652173913044,1.3158445538706356,0.4623626757840228,6.155155802347953
5.068343235630494,0.833768115942029,1.4366157502098942,0.4662804332346052,6.607637980818156
5.068343235630494,0.8479710144927537,1.5797658065076765,0.4701187703030207,7.147884502729833
5.068343235630494,0.8621739130434782,1.7522256111327144,0.4738796460097174,7.802861766135392
5.068343235630494,0.8763768115942029,1.9641106949320275,0.4775649714348295,8.611940713424524
5.068343235630494,0.8905797101449275,2.230788106939432,0.4811766110067897,9.634946387065362
5.068343235630494,0.9047826086956522,2.5767930924128333,0.4847163837496968,10.967411756089186
5.068343235630494,0.9189855072463768,3.043865642700196,0.4881860645025265,12.77187685205141
5.068343235630494,0.9331884057971016,3.70923756413388,0.4915873850991461,15.349109698121175
5.068343235630494,0.947391304347826,4.733541578427331,0.4949220355177994,19.324693538582228
5.068343235630494,0.9615942028985508,6.515024397200911,0.4981916649999527,26.249626710637862
5.068343235630494,0.9757971014492756,10.386737660710043,0.5013978831367423,41.315610128531006
5.068343235630494,0.99,25.2550126154054,0.5045422609234155,99.20932431295024
5.235040156734475,0.01,0.0071083345170349,0.0102565109649719,67.57227800019726
5.235040156734475,0.0242028985507246,0.0171268473793076,0.0245269896519889,28.470096025499927
5.235040156734475,0.0384057971014492,0.0270640009498357,0.0384572855780166,18.29931131000209
5.235040156734475,0.0526086956521739,0.0369304073639972,0.0520561526388825,13.628245986341934
5.235040156734475,0.0668115942028985,0.0467368145933619,0.0653321094155671,10.949788929682832
5.235040156734475,0.0810144927536231,0.0564941326390964,0.078293446650226,10.28768301435577
5.235040156734475,0.0952173913043478,0.066213463049661,0.0909482327095769,10.209718625712007
5.235040156734475,0.1094202898550724,0.075906135124366,0.1033043203589964,10.115015584260073
5.235040156734475,0.1236231884057971,0.085583740523752,0.1153693527592476,10.013363205063028
5.235040156734475,0.1378260869565217,0.0952581702423755,0.1271507687118291,9.90987520436664
5.235040156734475,0.1520289855072464,0.1049416580358297,0.1386558089954765,9.807093053353602
5.235040156734475,0.166231884057971,0.1146468254300716,0.1498915216408063,9.70612850085951
5.235040156734475,0.1804347826086956,0.1243867310615527,0.160864767198108,9.607295261144492
5.235040156734475,0.1946376811594203,0.1341749247177043,0.1715822240513621,9.510465626197892
5.235040156734475,0.2088405797101449,0.1440255072188252,0.1820503934259965,9.41527521828101
5.235040156734475,0.2230434782608695,0.1539531957508106,0.1922756043083656,9.321242023759496
5.235040156734475,0.2372463768115942,0.1639733961498616,0.2022640183386952,9.227836001874904
5.235040156734475,0.2514492753623188,0.1741022835101096,0.2120216342505669,9.134519681107166
5.235040156734475,0.2656521739130435,0.1843568893551623,0.2215542925247052,9.040771608683588
5.235040156734475,0.2798550724637681,0.1947552019613976,0.2308676797409687,8.946099339209479
5.235040156734475,0.2940579710144927,0.2053162760053581,0.2399673327837476,8.850046363354355
5.235040156734475,0.3082608695652174,0.2160603552326744,0.2488586430459661,8.75219509842281
5.235040156734475,0.322463768115942,0.2270090112762578,0.2575468603574764,8.652167737712098
5.235040156734475,0.3366666666666666,0.2381852992118929,0.2660370969644807,8.54962572511059
5.235040156734475,0.3508695652173913,0.2496139321781162,0.2743343312533534,8.444268522598465
5.235040156734475,0.365072463768116,0.2613214811020249,0.2824434114702736,8.335831917272202
5.235040156734475,0.3792753623188406,0.2733365990938722,0.2903690592594271,8.22408616878713
5.235040156734475,0.3934782608695652,0.2856902781554407,0.2981158731544246,8.108834120006732
5.235040156734475,0.4076811594202899,0.2984161418478162,0.3056883319380835,7.989909281092621
5.235040156734475,0.4218840579710145,0.3115507820975789,0.3130907979352782,7.867174010146828
5.235040156734475,0.4360869565217391,0.3251341435989719,0.3203275201656714,7.740517750818492
5.235040156734475,0.4502898550724638,0.3392099700876063,0.3274026374624201,7.609855404788306
5.235040156734475,0.4644927536231884,0.3538263201516655,0.3343201814694742,7.475125752627747
5.235040156734475,0.4786956521739131,0.3690361663388558,0.341084079556584,7.336290012141919
5.235040156734475,0.4928985507246377,0.3848980957727695,0.3476981576741099,7.193330459256075
5.235040156734475,0.5071014492753623,0.4014771303511909,0.354166143099483,7.046249176755795
5.235040156734475,0.521304347826087,0.4188456933287314,0.360491667127457,6.895066855936215
5.235040156734475,0.5355072463768116,0.4370847521056186,0.3666782676860478,6.739821717883564
5.235040156734475,0.5497101449275362,0.4562851775243425,0.3727293918670417,6.580568487837816
5.235040156734475,0.5639130434782609,0.4765493680331316,0.3786483983956908,6.417377507677491
5.235040156734475,0.5781159420289855,0.4979932017667105,0.3844385600410323,6.250333904941165
5.235040156734475,0.5923188405797102,0.5207483953892862,0.3901030659358655,6.079536894095543
5.235040156734475,0.6065217391304348,0.5449653751117757,0.3956450238590916,5.9050991895988965
5.235040156734475,0.6207246376811595,0.5708167899896951,0.4010674624386006,5.727146576360393
5.235040156734475,0.634927536231884,0.5985018474928949,0.4063733333038864,5.545817634601017
5.235040156734475,0.6491304347826087,0.628251699637138,0.411565513169889,5.361263708614575
5.235040156734475,0.6633333333333333,0.6603361930946982,0.4166468058771387,5.173649131997159
5.235040156734475,0.677536231884058,0.6950724019418055,0.4216199443575658,4.983151838359553
5.235040156734475,0.6917391304347826,0.7328355201927497,0.4264875925658084,4.789964456850985
5.235040156734475,0.7059420289855073,0.7740729087032979,0.4312523473415054,4.594296089601699
5.235040156734475,0.7201449275362319,0.8193224205272817,0.4359167402325216,4.396375057519672
5.235040156734475,0.7343478260869566,0.8692366035348988,0.4404832392563297,4.480012549487275
5.235040156734475,0.7485507246376812,0.9246151052605052,0.4449542506202649,4.670143918660719
5.235040156734475,0.7627536231884058,0.98644871652829,0.4493321203966438,4.885843837199856
5.235040156734475,0.7769565217391304,1.0559802433018453,0.4536191361422745,5.131839420965119
5.235040156734475,0.7911594202898551,1.1347902145328372,0.4578175284787056,5.414155801056439
5.235040156734475,0.8053623188405797,1.2249201176532605,0.4619294726283555,5.740588574555309
5.235040156734475,0.8195652173913044,1.329053833566324,0.4659570899103272,6.12139950335354
5.235040156734475,0.833768115942029,1.4507920839288924,0.4699024491857347,6.570368988494164
5.235040156734475,0.8479710144927537,1.5950807138777194,0.473767568274306,7.106438605509644
5.235040156734475,0.8621739130434782,1.7689037810677568,0.4775544153233304,7.756369335034605
5.235040156734475,0.8763768115942029,1.9824544102655697,0.4812649101428708,8.559232301003545
5.235040156734475,0.8905797101449275,2.2512175208363687,0.4849009255009052,9.574397058524166
5.235040156734475,0.9047826086956522,2.599916544104093,0.4884642883832574,10.8966693215998
5.235040156734475,0.9189855072463768,3.0706116090870497,0.4919567812216942,12.687351873583689
5.235040156734475,0.9331884057971016,3.741126865155347,0.4953801430834307,15.244923425995148
5.235040156734475,0.947391304347826,4.773327021609689,0.498736070828892,19.190205702872944
5.235040156734475,0.9615942028985508,6.568513162331108,0.5020262202403211,26.06239206036923
5.235040156734475,0.9757971014492756,10.469960803159603,0.5052522071131769,41.01366852667512
5.235040156734475,0.99,25.45230847033932,0.5084156083243723,98.46671019737148
5.407219710370167,0.01,0.0072154389127727,0.0103336283228987,67.57049188375534
5.407219710370167,0.0242028985507246,0.0173842375971718,0.0247114093799439,28.468239974459685
5.407219710370167,0.0384057971014492,0.0274696279963574,0.0387464567247948,18.297375098198906
5.407219710370167,0.0526086956521739,0.0374823501821773,0.052447595573771,13.626227882143086
5.407219710370167,0.0668115942028985,0.0474332728107497,0.0658234107452239,10.94768585568007
5.407219710370167,0.0810144927536231,0.0573334257729483,0.0788822582872794,10.396244619580404
5.407219710370167,0.0952173913043478,0.0671940355957998,0.0916322692568214,10.331803797873343
5.407219710370167,0.1094202898550724,0.0770265521579724,0.1040813571958647,10.249391733431992
5.407219710370167,0.1236231884057971,0.0868426913336729,0.1162372236211225,10.158950540920642
5.407219710370167,0.1378260869565217,0.0966544686689451,0.1281073643211481,10.06571335117444
5.407219710370167,0.1520289855072464,0.106474244370215,0.1396990749382327,9.97231636940026
5.407219710370167,0.166231884057971,0.1163147669848547,0.1510194564764721,9.879947132504496
5.407219710370167,0.1804347826086956,0.1261892260787749,0.1620754207777415,9.788981183186973
5.407219710370167,0.1946376811594203,0.136111304372245,0.172873695812028,9.699341934858085
5.407219710370167,0.2088405797101449,0.1460952384314665,0.1834208307404951,9.610707863717954
5.407219710370167,0.2230434782608695,0.1561558859126582,0.193723200970993,9.522633339618237
5.407219710370167,0.2372463768115942,0.1663087966953842,0.203787012860808,9.434619501977886
5.407219710370167,0.2514492753623188,0.1765702939149401,0.2136183085070175,9.34615592822883
5.407219710370167,0.2656521739130435,0.1869575646893918,0.2232229702480872,9.256744801071266
5.407219710370167,0.2798550724637681,0.1974887577295339,0.2326067251425133,9.165914566115582
5.407219710370167,0.2940579710144927,0.2081830957029157,0.2417751492102763,9.073227250754684
5.407219710370167,0.3082608695652174,0.219060998609445,0.2507336716488443,8.978281897499771
5.407219710370167,0.322463768115942,0.2301442236031307,0.2594875788618918,8.880715703565548
5.407219710370167,0.3366666666666666,0.2414560209817823,0.2680420184086389,8.780203790523519
5.407219710370167,0.3508695652173913,0.2530213116243222,0.2764020028376385,8.67645809996876
5.407219710370167,0.365072463768116,0.2648668866471972,0.284572413378426,8.569225948487855
5.407219710370167,0.3792753623188406,0.2770216344400003,0.2925580035809063,8.458288300090814
5.407219710370167,0.3934782608695652,0.2895167990257293,0.3003634027787416,8.343457965332988
5.407219710370167,0.4076811594202899,0.3023862750592063,0.3079931195373223,8.224577831613697
5.407219710370167,0.4218840579710145,0.3156669468307297,0.3154515449388655,8.101519099866337
5.407219710370167,0.4360869565217391,0.3293990756706899,0.3227429558012393,7.974179615657905
5.407219710370167,0.4502898550724638,0.343626749874786,0.3298715177982553,7.842482263881863
5.407219710370167,0.4644927536231884,0.3583984037408069,0.3368412885014268,7.70637348235094
5.407219710370167,0.4786956521739131,0.3737674218777269,0.3436562203282267,7.565821826389789
5.407219710370167,0.4928985507246377,0.3897928440779155,0.3503201634081816,7.42081665727451
5.407219710370167,0.5071014492753623,0.4065401924809915,0.3568368683700854,7.271366871070601
5.407219710370167,0.521304347826087,0.4240824450213245,0.3632099890535145,7.117499756981868
5.407219710370167,0.5355072463768116,0.4425011864541507,0.3694430851488484,6.959259913172698
5.407219710370167,0.5497101449275362,0.4618879780727446,0.3755396247488844,6.796708239606191
5.407219710370167,0.5639130434782609,0.4823459937236894,0.3815029868520462,6.629921040152037
5.407219710370167,0.5781159420289855,0.5039919863942438,0.3873364637794661,6.458989189735432
5.407219710370167,0.5923188405797102,0.5269586646773171,0.3930432635322697,6.284017428811811
5.407219710370167,0.6065217391304348,0.5513975846050593,0.3986265120853343,6.105123748673643
5.407219710370167,0.6207246376811595,0.5774826897725168,0.4040892556154864,5.922438929180208
5.407219710370167,0.634927536231884,0.6054146783252756,0.4094344626652533,5.736106225293141
5.407219710370167,0.6491304347826087,0.635426429297911,0.4146650262605751,5.546281264405391
5.407219710370167,0.6633333333333333,0.6677898022058869,0.4197837659495388,5.353132197117661
5.407219710370167,0.677536231884058,0.7028242343406141,0.4247934298058933,5.156840180364311
5.407219710370167,0.6917391304347826,0.7409077121934949,0.429696696362167,4.957600320186397
5.407219710370167,0.7059420289855073,0.7824909238080163,0.4344961764985626,4.755623222333447
5.407219710370167,0.7201449275362319,0.8281157191069566,0.4391944152744679,4.551137422592033
5.407219710370167,0.7343478260869566,0.8784394920499399,0.4437938937081763,4.460147357154738
5.407219710370167,0.7485507246376812,0.9342678252917284,0.4482970305192403,4.648787218770012
5.407219710370167,0.7627536231884058,0.9965988602300192,0.4527061838032944,4.862812590395576
5.407219710370167,0.7769565217391304,1.0666846192210866,0.4570236526757044,5.106915581480809
5.407219710370167,0.7911594202898551,1.1461173487220615,0.4612516788653653,5.387076795047823
5.407219710370167,0.8053623188405797,1.2369536668511198,0.4653924482604797,5.71103430116265
5.407219710370167,0.8195652173913044,1.3418973424718383,0.469448092415281,6.088974222505145
5.407219710370167,0.833768115942029,1.4645757742899503,0.4734206900131563,6.534575467709886
5.407219710370167,0.8479710144927537,1.6099714459777974,0.4773122682891134,7.066640194820889
5.407219710370167,0.8621739130434782,1.7851201472338325,0.4811248044122326,7.7117324972072625
5.407219710370167,0.8763768115942029,2.000290499578465,0.4848602268339316,8.508636131320397
5.407219710370167,0.8905797101449275,2.2710821067791422,0.4885204165857377,9.5162840791774
5.407219710370167,0.9047826086956522,2.6224015000712524,0.4921072085618792,10.828784999659028
5.407219710370167,0.9189855072463768,3.096620294689545,0.4956223927445191,12.60625580916304
5.407219710370167,0.9331884057971016,3.7721389748199616,0.4990677154080894,15.144980975596033
5.407219710370167,0.947391304347826,4.812020943617938,0.502444880286655,19.061218436562196
5.407219710370167,0.9615942028985508,6.620539115120806,0.5057555497080037,25.88284679794159
5.407219710370167,0.9757971014492756,10.550916589185412,0.5090013456959988,40.72417815395776
5.407219710370167,0.99,25.644253229990014,0.5121838510449059,97.7548456547073
5.585062219361044,0.01,0.0073198941107057,0.0104082891915608,67.56878313423888
5.585062219361044,0.0242028985507246,0.0176352439436399,0.0248899572271702,28.466440857619084
5.585062219361044,0.0384057971014492,0.0278651750982917,0.0390264218727042,18.295500997268626
5.585062219361044,0.0526086956521739,0.038020546100465,0.05282657807644,13.624274698561903
5.585062219361044,0.0668115942028985,0.04811234600643,0.0662990766676455,10.945650424720974
5.585062219361044,0.0810144927536231,0.0581517245669574,0.0794523363383611,10.504077429635387
5.585062219361044,0.0952173913043478,0.0681500240186229,0.0922945496314963,10.45343991737585
5.585062219361044,0.1094202898550724,0.078118816500689,0.1048336888883346,10.383644768340334
5.585062219361044,0.1236231884057971,0.0880699370566569,0.1170775130958842,10.304770789610428
5.585062219361044,0.1378260869565217,0.0980155232770773,0.1290335733183624,10.222158934676305
5.585062219361044,0.1520289855072464,0.1079680580427796,0.1407092186882063,10.138530792797953
5.585062219361044,0.166231884057971,0.1179404155313353,0.1521116017888122,10.055143103517471
5.585062219361044,0.1804347826086956,0.1279459109942472,0.1632476845896311,9.97242793162805
5.585062219361044,0.1946376811594203,0.1379983571762211,0.1741242433364642,9.890355945995786
5.585062219361044,0.2088405797101449,0.1481121238021232,0.1847478739378768,9.80864537576579
5.585062219361044,0.2230434782608695,0.1583022040592749,0.1951249969128411,9.72688465901767
5.585062219361044,0.2372463768115942,0.1685842883554519,0.2052618623262637,9.644604407629055
5.585062219361044,0.2514492753623188,0.1789748449545587,0.2151645544728377,9.561319917589474
5.585062219361044,0.2656521739130435,0.1894912116163032,0.2248389965100113,9.476556083041014
5.585062219361044,0.2798550724637681,0.2001516934180671,0.2342909549187765,9.38986146624526
5.585062219361044,0.2940579710144927,0.2109756766807109,0.2435260438679903,9.300816177927125
5.585062219361044,0.3082608695652174,0.2219837530524458,0.2525497293762164,9.209035570287696
5.585062219361044,0.322463768115942,0.2331978599881566,0.2613673334986372,9.11417168450522
5.585062219361044,0.3366666666666666,0.2446414378932287,0.269984038208227,9.015913202116623
5.585062219361044,0.3508695652173913,0.2563396097688484,0.2784048893257067,8.913984588194808
5.585062219361044,0.365072463768116,0.26831938072885,0.2866348002321096,8.808144769682846
5.585062219361044,0.3792753623188406,0.280609868505871,0.2946785555574948,8.69818552353863
5.585062219361044,0.3934782608695652,0.2932425621689878,0.3025408146557985,8.583929839825505
5.585062219361044,0.4076811594202899,0.3062516201785815,0.3102261151196585,8.465230200618805
5.585062219361044,0.4218840579710145,0.319674210904451,0.3177388760492891,8.341966903822364
5.585062219361044,0.4360869565217391,0.3335509040702789,0.325083401355136,8.214046465933952
5.585062219361044,0.4502898550724638,0.3479261230529075,0.3322638828742619,8.08140007080589
5.585062219361044,0.4644927536231884,0.3628486675120792,0.3392844034517184,7.943982129693619
5.585062219361044,0.4786956521739131,0.378372322822361,0.3461489399161803,7.80176887425273
5.585062219361044,0.4928985507246377,0.394556569367061,0.352861365972463,7.65475708037048
5.585062219361044,0.5071014492753623,0.411467415704614,0.3594254550177141,7.502962831401088
5.585062219361044,0.521304347826087,0.4291783791742819,0.365844882875759,7.346420378951287
5.585062219361044,0.5355072463768116,0.4477716451405745,0.372123230457938,7.185181076364599
5.585062219361044,0.5497101449275362,0.4673394464523305,0.3782639863455949,7.019312384053727
5.585062219361044,0.5639130434782609,0.4879857114204028,0.3842705493124088,6.848896958896586
5.585062219361044,0.5781159420289855,0.5098280437452553,0.3901462307590319,6.6740318373781
5.585062219361044,0.5923188405797102,0.5330001169483456,0.3958942571031359,6.494827697739072
5.585062219361044,0.6065217391304348,0.5576545862265572,0.4015177720796369,6.311408236280963
5.585062219361044,0.6207246376811595,0.5839666542257875,0.4070198389987827,6.123909675811686
5.585062219361044,0.634927536231884,0.6121384691797896,0.4124034429279969,5.932480410367497
5.585062219361044,0.6491304347826087,0.6424045898578731,0.4176714928186528,5.737280848061635
5.585062219361044,0.6633333333333333,0.6750388345039031,0.4228268235805144,5.538483478705298
5.585062219361044,0.677536231884058,0.7103629384067676,0.4278721980845757,5.336273260645652
5.585062219361044,0.6917391304347826,0.7487576050612678,0.4328103091243054,5.130848415532351
5.585062219361044,0.7059420289855073,0.7906767590782983,0.4376437813145422,4.922421781152771
5.585062219361044,0.7201449275362319,0.8366661384072783,0.4423751729407941,4.711222957404275
5.585062219361044,0.7343478260869566,0.887387851360311,0.4470069777582243,4.497501579005448
5.585062219361044,0.7485507246376812,0.9436532544437908,0.4515416267411768,4.628250487107473
5.585062219361044,0.7627536231884058,1.0064676397140548,0.4559814897772219,4.840669027747663
5.585062219361044,0.7769565217391304,1.0770919956383596,0.4603288773246126,5.082956098212869
5.585062219361044,0.7911594202898551,1.157129967629071,0.4645860420117644,5.361049604859302
5.585062219361044,0.8053623188405797,1.2486528937250672,0.4687551802099233,5.682632459015223
5.585062219361044,0.8195652173913044,1.354383890255535,0.4728384335366225,6.057818255213046
5.585062219361044,0.833768115942029,1.4779763088719895,0.4768378903416992,6.500188587858003
5.585062219361044,0.8479710144927537,1.6244482767712292,0.4807555871359805,7.028411934153693
5.585062219361044,0.8621739130434782,1.8008859110625368,0.4845935099862226,7.668863602430813
5.585062219361044,0.8763768115942029,2.017631280114809,0.488353595872895,8.460051806875141
5.585062219361044,0.8905797101449275,2.290395559067905,0.4920377340027335,9.460490924392651
5.585062219361044,0.9047826086956522,2.644263408356996,0.4956477670923366,10.763621244678973
5.585062219361044,0.9189855072463768,3.121909473449972,0.4991854926098075,12.528422618501551
5.585062219361044,0.9331884057971016,3.802294928547985,0.5026526639871058,15.049075572075282
5.585062219361044,0.947391304347826,4.84964933142814,0.5060509917958826,18.937462072227028
5.585062219361044,0.9615942028985508,6.671136755622712,0.5093821448868159,25.710611619515777
5.585062219361044,0.9757971014492756,10.629657856669612,0.5126477515038667,40.4465210271445
5.585062219361044,0.99,25.830969738071506,0.5158494003656895,97.07219511568852
5.768753937316652,0.01,0.0074217310692725,0.010480568864133,67.5671345816826
5.768753937316652,0.0242028985507246,0.0178799564905442,0.0250628188816897,28.46470100569925
5.768753937316652,0.0384057971014492,0.0282507853298194,0.0392974736257112,18.293687784234567
5.768753937316652,0.0526086956521739,0.0385451924128915,0.0531934968892353,13.622384528076868
5.768753937316652,0.0668115942028985,0.0487742881883443,0.0667596046409567,10.943681067607407
5.768753937316652,0.0810144927536231,0.0589493347407151,0.0800042766668363,10.611142364064117
5.768753937316652,0.0952173913043478,0.0690817920140436,0.0929357652359933,10.574578297335572
5.768753937316652,0.1094202898550724,0.0791833481404574,0.1055621004634245,10.517719053552971
5.768753937316652,0.1236231884057971,0.0892659564251018,0.1178910970572488,10.450764405488224
5.768753937316652,0.1378260869565217,0.0993418719276028,0.1299303599521646,10.379150686343277
5.768753937316652,0.1520289855072464,0.1094236984283583,0.1416872903910702,10.305676080421865
5.768753937316652,0.166231884057971,0.1195244309717306,0.1531690914628754,10.231659098490583
5.768753937316652,0.1804347826086956,0.1296575089567209,0.164382773775988,10.15758300059624
5.768753937316652,0.1946376811594203,0.1398368711215496,0.1753351606389106,10.083461244127108
5.768753937316652,0.2088405797101449,0.1500770163996933,0.1860328935442954,10.009048704522447
5.768753937316652,0.2230434782608695,0.1603930707759277,0.196482437034007,9.933965292962723
5.768753937316652,0.2372463768115942,0.1708008609008902,0.2066900836681502,9.85776910568634
5.768753937316652,0.2514492753623188,0.1813169970260803,0.2166619588888137,9.779999708687985
5.768753937316652,0.2656521739130435,0.1919589627491127,0.2264040256076193,9.700203490427247
5.768753937316652,0.2798550724637681,0.2027452162754926,0.2359220887409549,9.61794836250463
5.768753937316652,0.2940579710144927,0.2136953027790928,0.2452217995850435,9.53283189777022
5.768753937316652,0.3082608695652174,0.2248299807500154,0.2543086600819687,9.44448531323608
5.768753937316652,0.322463768115942,0.236171363128738,0.2631880269700502,9.35257520118353
5.768753937316652,0.3366666666666666,0.2477430760116286,0.2718651157712167,9.256803672941956
5.768753937316652,0.3508695652173913,0.2595704380312069,0.2803450047214552,9.156907638640162
5.768753937316652,0.365072463768116,0.2716806636356297,0.2886326385242039,9.052657645416192
5.768753937316652,0.3792753623188406,0.2841030928332513,0.2967328320772605,8.943856402829777
5.768753937316652,0.3934782608695652,0.2968694532829477,0.3046502740080881,8.830337196882148
5.768753937316652,0.4076811594202899,0.3100141601399642,0.3123895301492834,8.711962296078037
5.768753937316652,0.4218840579710145,0.3235746582628357,0.3199550469380742,8.588621311156581
5.768753937316652,0.4360869565217391,0.337591817125632,0.327351154661925,8.460229679781436
5.768753937316652,0.4502898550724638,0.3521103859355665,0.334582070655738,8.3267271699389
5.768753937316652,0.4644927536231884,0.3671795203096675,0.341651902392967,8.188076455211307
5.768753937316652,0.4786956521739131,0.3828533946541704,0.3485646504888183,8.044261766686523
5.768753937316652,0.4928985507246377,0.399191918202338,0.355324211629878,7.8952876288255345
5.768753937316652,0.5071014492753623,0.4162615728364964,0.3619343813997589,7.741177658540362
5.768753937316652,0.521304347826087,0.4341364002359056,0.3683988570527829,7.58197342687555
5.768753937316652,0.5355072463768116,0.4528991702856644,0.3747212401874225,7.417733414276543
5.768753937316652,0.5497101449275362,0.4726427687271344,0.3809050393648939,7.248532019835345
5.768753937316652,0.5639130434782609,0.493471857374514,0.3869536726394426,7.074458653230883
5.768753937316652,0.5781159420289855,0.5155048678545467,0.3928704700240316,6.895616900837428
5.768753937316652,0.5923188405797102,0.5388764119597678,0.3986586758974317,6.712123795687634
5.768753937316652,0.6065217391304348,0.5637402139885491,0.4043214513239756,6.524109169465037
5.768753937316652,0.6207246376811595,0.5902727013240738,0.4098618763340882,6.331715123460935
5.768753937316652,0.634927536231884,0.618677432443681,0.4152829521248014,6.135095654840167
5.768753937316652,0.6491304347826087,0.6491906000044174,0.4205876032000999,5.934416430336828
5.768753937316652,0.6633333333333333,0.6820879271106057,0.4257786794683282,5.729854801358335
5.768753937316652,0.677536231884058,0.7176933847637254,0.4308589582583566,5.521600083651893
5.768753937316652,0.6917391304347826,0.7563903189975606,0.4358311462960033,5.309854227769333
5.768753937316652,0.7059420289855073,0.7986358022885729,0.4406978816268754,5.094832995607421
5.768753937316652,0.7201449275362319,0.8449793547994336,0.4454617354741985,4.876767850908072
5.768753937316652,0.7343478260869566,0.8960876703699427,0.4501252140511196,4.6559088775137125
5.768753937316652,0.7485507246376812,0.9527777216085,0.4546907603271561,4.608497279921012
5.768753937316652,0.7627536231884058,1.0160617560861265,0.4591607557406523,4.819373452911359
5.768753937316652,0.7769565217391304,1.0872094836796464,0.4635375218614531,5.059917580478947
5.768753937316652,0.7911594202898551,1.1678356380709254,0.4678233220113715,5.3360266154173015
5.768753937316652,0.8053623188405797,1.2600258750696611,0.4720203628384958,5.655330557950975
5.768753937316652,0.8195652173913044,1.3665221311479163,0.4761307958454908,6.027873435058517
5.768753937316652,0.833768115942029,1.4910030028668186,0.4801567188784342,6.46714349605988
5.768753937316652,0.8479710144927537,1.638521288845958,0.4841001775708143,6.991680990757217
5.768753937316652,0.8621739130434782,1.816212061343664,0.4879631667459227,7.627680144875933
5.768753937316652,0.8763768115942029,2.034488832898669,0.491747631787004,8.413384871866366
5.768753937316652,0.8905797101449275,2.3091713073167592,0.4954554699620105,9.406908019298983
5.768753937316652,0.9047826086956522,2.66551741758665,0.4990885317119947,10.701048776146802
5.768753937316652,0.9189855072463768,3.146496577135542,0.5026486219069296,12.453696316416274
5.768753937316652,0.9331884057971016,3.8316153626773177,0.5061375010650604,14.957013058333816
5.768753937316652,0.947391304347826,4.886237691751396,0.5095568865317006,18.8186835258744
5.768753937316652,0.9615942028985508,6.720339970166387,0.5129084536385661,25.545330723949903
5.768753937316652,0.9757971014492756,10.706236553747347,0.5161938368176799,40.18011774216239
5.768753937316652,0.99,26.012578927498208,0.5194146306889881,96.41731959669433
5.958487243695126,0.01,0.0075210041711148,0.010550557288252,67.5655053756624
5.958487243695126,0.0242028985507246,0.0181184702771595,0.0252301774894795,28.4630159694519
5.958487243695126,0.0384057971014492,0.0286266045283189,0.0395598955431868,18.291931483961413
5.958487243695126,0.0526086956521739,0.0390564953204796,0.0535487364906175,13.620555309720846
5.958487243695126,0.0668115942028985,0.0494193600978206,0.0672054765407632,10.941775197522672
5.958487243695126,0.0810144927536231,0.0597265754471517,0.0805386560468046,10.71740108000841
5.958487243695126,0.0952173913043478,0.0699897165442824,0.0935565858001985,10.695170461269162
5.958487243695126,0.1094202898550724,0.0802205838009348,0.1062673518383274,10.651558670241617
5.958487243695126,0.1236231884057971,0.0904312455036273,0.1186788233509856,10.596870568218238
5.958487243695126,0.1378260869565217,0.1006340733179081,0.1307986577236027,10.53662594653198
5.958487243695126,0.1520289855072464,0.110841785182001,0.1426343069441769,10.473689723187752
5.958487243695126,0.166231884057971,0.121067496799992,0.154193023331479,10.409434952383716
5.958487243695126,0.1804347826086956,0.1313247676298794,0.1654818648486977,10.344390316698789
5.958487243695126,0.1946376811594203,0.1416276590385482,0.1765077007857498,10.278607566185894
5.958487243695126,0.2088405797101449,0.151990795719013,0.1872772169013818,10.211874565211456
5.958487243695126,0.2230434782608695,0.1624294332986913,0.1977969206138393,10.143839940904002
5.958487243695126,0.2372463768115942,0.1729595317891854,0.2080731459888443,10.074087172509204
5.958487243695126,0.2514492753623188,0.1835978385330771,0.2181120585122061,10.002178323127444
5.958487243695126,0.2656521739130435,0.1943619798134927,0.2279196598105705,9.927680014187494
5.958487243695126,0.2798550724637681,0.2052705620777226,0.2375017922418597,9.850178529655023
5.958487243695126,0.2940579710144927,0.2163432858859205,0.2468641432873165,9.76928811221719
5.958487243695126,0.3082608695652174,0.2276010721356746,0.2560122498611205,9.684655324840914
5.958487243695126,0.322463768115942,0.2390662041035049,0.2649515024913203,9.59596093667072
5.958487243695126,0.3366666666666666,0.2507624885952637,0.2736871493838118,9.502920214095742
5.958487243695126,0.3508695652173913,0.2627154352310646,0.2822243003219495,9.405282401850542
5.958487243695126,0.365072463768116,0.2749524614245856,0.2905679305481813,9.302829624998948
5.958487243695126,0.3792753623188406,0.2875031236544694,0.2987228844351706,9.195375526134733
5.958487243695126,0.3934782608695652,0.3003993819476548,0.3066938790949512,9.082763797458634
5.958487243695126,0.4076811594202899,0.3136759004165732,0.3144855079183869,8.964866620457022
5.958487243695126,0.4218840579710145,0.3273703934566043,0.3221022439299654,8.841583109208308
5.958487243695126,0.4360869565217391,0.3415240220279599,0.3295484431260454,8.712837849343455
5.958487243695126,0.4502898550724638,0.3561818522294438,0.3368283476763812,8.578579434934943
5.958487243695126,0.4644927536231884,0.3713933854086851,0.3439460890497851,8.438779077030949
5.958487243695126,0.4786956521739131,0.3872131751136963,0.3509056910373669,8.293429311440086
5.958487243695126,0.4928985507246377,0.4037015472273592,0.3577110727058583,8.142542726739284
5.958487243695126,0.5071014492753623,0.4209254438799454,0.3643660512669675,7.986150802859846
5.958487243695126,0.521304347826087,0.438959417050892,0.370874344856324,7.824302782104405
5.958487243695126,0.5355072463768116,0.4578868044364766,0.3772395752319835,7.657064632604345
5.958487243695126,0.5497101449275362,0.4778011272685281,0.3834652704296164,7.484518063719861
5.958487243695126,0.5639130434782609,0.4988077607106819,0.3895548672944409,7.306759620959214
5.958487243695126,0.5781159420289855,0.5210259413610533,0.395511713987088,7.123899843177331
5.958487243695126,0.5923188405797102,0.5445911935808172,0.4013390723967376,6.936062524055285
5.958487243695126,0.6065217391304348,0.5696582815072021,0.4070401204920582,6.743384046480391
5.958487243695126,0.6207246376811595,0.5964048231953215,0.4126179546096421,6.546012835826411
5.958487243695126,0.634927536231884,0.6250357489337711,0.418075591680081,6.344108936098451
5.958487243695126,0.6491304347826087,0.6557888406156426,0.4234159713861685,6.137843758803143
5.958487243695126,0.6633333333333333,0.6889416738136642,0.4286419582710697,5.927400012351321
5.958487243695126,0.677536231884058,0.7248203936235943,0.4337563437811771,5.712971919687349
5.958487243695126,0.6917391304347826,0.7638109161909145,0.4387618482539761,5.494765755617136
5.958487243695126,0.7059420289855073,0.8063733757980363,0.4436611228476024,5.273000862893262
5.958487243695126,0.7201449275362319,0.8530609709212561,0.4484567514273437,5.047911328590151
5.958487243695126,0.7343478260869566,0.9045448548977034,0.4531512523875745,4.819748577515998
5.958487243695126,0.7485507246376812,0.9616474629689182,0.4577470804314889,4.589493130894149
5.958487243695126,0.7627536231884058,1.0253878075119531,0.4622466282937264,4.7988883413849885
5.958487243695126,0.7769565217391304,1.0970440806593729,0.466652228421029,5.037759031766601
5.958487243695126,0.7911594202898551,1.178241800218771,0.4709661546083147,5.311962856462392
5.958487243695126,0.8053623188405797,1.2710805482103786,0.4751906235744473,5.62907904821723
5.958487243695126,0.8195652173913044,1.3783205652097528,0.4793277965139145,5.999084878541789
5.958487243695126,0.833768115942029,1.5036650014532535,0.4833797805889217,6.435379029054161
5.958487243695126,0.8479710144927537,1.6522003773714249,0.4873486303865281,6.956378709708376
5.958487243695126,0.8621739130434782,1.8311093793451323,0.4912363493380148,7.588104388148031
5.958487243695126,0.8763768115942029,2.050875007463863,0.4950448910899019,8.368546369406147
5.958487243695126,0.8905797101449275,2.327422522645115,0.4987761608402233,9.3554322181988
5.958487243695126,0.9047826086956522,2.686178385142057,0.5024320166441478,10.640945957631253
5.958487243695126,0.9189855072463768,3.170398704559381,0.5060142706682677,12.381930209963496
5.958487243695126,0.9331884057971016,3.860120525403326,0.5095246904264193,14.86861093149864
5.958487243695126,0.947391304347826,4.921811062709891,0.5129649999656304,18.70464501616365
5.958487243695126,0.9615942028985508,6.768182045236901,0.5163368810301896,25.386669984506646
5.958487243695126,0.9757971014492756,10.780703756328911,0.5196419741871867,39.924424453453256
5.958487243695126,0.99,26.18919984507392,0.5228818799171283,95.7888690736555
6.154460845281279,0.01,0.0076177314910599,0.0106183084685148,67.56394274185061
6.154460845281279,0.0242028985507246,0.0183508796979143,0.02539220726769,28.461381672017897
6.154460845281279,0.0384057971014492,0.0289927921431803,0.039813963377242,18.29023210369275
6.154460845281279,0.0526086956521739,0.0395546669951691,0.0538926681093795,13.618784958224776
6.154460845281279,0.0668115942028985,0.0500478328357861,0.0676371581814103,10.939930731254206
6.154460845281279,0.0810144927536231,0.060483778371402,0.0810560330998035,10.82281607981104
6.154460845281279,0.0952173913043478,0.070874188635117,0.0941576596175782,10.815168370623317
6.154460845281279,0.1094202898550724,0.0812309766881359,0.1069501790053824,10.785107589413863
6.154460845281279,0.1236231884057971,0.0915663185448952,0.1194415130756869,10.743027843875028
6.154460845281279,0.1378260869565217,0.10189270142913,0.131639370629647,10.694520384161738
6.154460845281279,0.1520289855072464,0.1122229568989078,0.1435512530719838,10.642506933744354
6.154460845281279,0.166231884057971,0.1225703154540433,0.155184460541692,10.58840773499827
6.154460845281279,0.1804347826086956,0.1329484538779179,0.1665460972696087,10.53279049995597
6.154460845281279,0.1946376811594203,0.1433715536106274,0.177643077150987,10.47574068722491
6.154460845281279,0.2088405797101449,0.1538543628403579,0.1884821292756464,10.417075302537308
6.154460845281279,0.2230434782608695,0.1644122615236765,0.1990698027874446,10.356468715449315
6.154460845281279,0.2372463768115942,0.1750613403932381,0.209412472096329,10.29352728404177
6.154460845281279,0.2514492753623188,0.1858184799478918,0.2195163417207341,10.227833721196523
6.154460845281279,0.2656521739130435,0.1967014458552574,0.2293874510265227,10.15897346827866
6.154460845281279,0.2798550724637681,0.2077289891791847,0.2390316788185719,10.086549963550986
6.154460845281279,0.2940579710144927,0.218920960956552,0.2484547478114925,10.01019324282492
6.154460845281279,0.3082608695652174,0.230298439771562,0.2576622289801841,9.929564586574482
6.154460845281279,0.322463768115942,0.2418838760711816,0.2666595457697887,9.84435843126908
6.154460845281279,0.3366666666666666,0.2537012513511221,0.2754519781940426,9.754302868241531
6.154460845281279,0.3508695652173913,0.2657762612516562,0.28404466679896,9.659159239303593
6.154460845281279,0.365072463768116,0.278136520385983,0.2924426165280089,9.558721138799704
6.154460845281279,0.3792753623188406,0.2908117966785361,0.3006507004699758,9.452813122250252
6.154460845281279,0.3934782608695652,0.3038342750376114,0.308673663491967,9.34128929217214
6.154460845281279,0.4076811594202899,0.3172388629364674,0.3165161257937564,9.224031855167624
6.154460845281279,0.4218840579710145,0.3310635359990689,0.3241825863066383,9.10094957386778
6.154460845281279,0.4360869565217391,0.345349739215922,0.3316774260630612,8.971976371339446
6.154460845281279,0.4502898550724638,0.360142846390744,0.3390049114208002,8.837069866599428
6.154460845281279,0.4644927536231884,0.3754926955268353,0.3461691972128396,8.696210080115602
6.154460845281279,0.4786956521739131,0.3914542087754423,0.3531743298094343,8.549398111616378
6.154460845281279,0.4928985507246377,0.4080881169516553,0.3600242500726796,8.396654923898971
6.154460845281279,0.5071014492753623,0.4254618100923542,0.3667227962877664,8.238020174125284
6.154460845281279,0.521304347826087,0.443650335942024,0.3732737069190673,8.073551113197155
6.154460845281279,0.5355072463768116,0.4627375848466828,0.3796806233790568,7.903321546205925
6.154460845281279,0.5497101449275362,0.4828176959684068,0.3859470926631376,7.727420862156089
6.154460845281279,0.5639130434782609,0.5039967379339544,0.3920765699397863,7.545953114081202
6.154460845281279,0.5781159420289855,0.5263947300618674,0.3980724210468648,7.3590361842030205
6.154460845281279,0.5923188405797102,0.5501480843140587,0.4039379249441064,7.16680103279776
6.154460845281279,0.6065217391304348,0.5754125757756696,0.4096762760735303,6.969391010318492
6.154460845281279,0.6207246376811595,0.6023669808423332,0.4152905866722837,6.766961290330849
6.154460845281279,0.634927536231884,0.6312175633136162,0.4207838890119529,6.559678423450984
6.154460845281279,0.6491304347826087,0.6622036506345645,0.4261591375816769,6.347720024403374
6.154460845281279,0.6633333333333333,0.6956046198356298,0.4314192111973411,6.131274668745087
6.154460845281279,0.677536231884058,0.7317487302887307,0.4365669150804284,5.910542004740188
6.154460845281279,0.6917391304347826,0.771024397276901,0.4416049828502982,5.685733208699087
6.154460845281279,0.7059420289855073,0.8138947327918967,0.446536078468814,5.457071845515029
6.154460845281279,0.7201449275362319,0.8609165120031168,0.4513627981454798,5.224795343961128
6.154460845281279,0.7343478260869566,0.9127652256806208,0.4560876721729317,4.989157307380441
6.154460845281279,0.7485507246376812,0.9702686205319118,0.4607131667176639,4.750431044676708
6.154460845281279,0.7627536231884058,1.0344522878044644,0.4652416855574542,4.779178191154645
6.154460845281279,0.7769565217391304,1.1066026687433512,0.4696755717787771,5.016441681670454
6.154460845281279,0.7911594202898551,1.1883557685783896,0.4740171094152428,5.288815823178786
6.154460845281279,0.8053623188405797,1.2818247119943174,0.478268525049204,5.603831116126748
6.154460845281279,0.8195652173913044,1.3897875406003253,0.4824319893627321,5.971400757470407
6.154460845281279,0.833768115942029,1.5159712825919405,0.4865096186462814,6.404837453978052
6.154460845281279,0.8479710144927537,1.6654952526014344,0.4905034762708889,6.922440312777918
6.154460845281279,0.8621739130434782,1.845588442131324,0.4944155741049483,7.550063018851266
6.154460845281279,0.8763768115942029,2.0668014275223863,0.4982478739087077,8.32545244514093
6.154460845281279,0.8905797101449275,2.3451621236684264,0.5020022886759652,9.305966334204353
6.154460845281279,0.9047826086956522,2.7062608837092488,0.5056806839433277,10.583198231362193
6.154460845281279,0.9189855072463768,3.1936326295576336,0.5092848790647981,12.312986206910216
6.154460845281279,0.9331884057971016,3.887830285477984,0.5128166484426014,14.783697465886895
6.154460845281279,0.947391304347826,4.956394024526177,0.5162777227330927,18.595122906911424
6.154460845281279,0.9615942028985508,6.814695679454776,0.5196697900115836,25.23431529518941
6.154460845281279,0.9757971014492756,10.853109681625616,0.522994496908889,39.6789301375833
6.154460845281279,0.99,26.36094966953274,0.5262534497093251,95.18557558776114
6.35687998429126,0.01,0.0077119769704364,0.0106839106628811,67.56242485678922
6.35687998429126,0.0242028985507246,0.0185772894375752,0.0255490760859915,28.459806844869945
6.35687998429126,0.0384057971014492,0.0293495051882861,0.0400599420269349,18.288586924337203
6.35687998429126,0.0526086956521739,0.040039927087412,0.0542256517577469,13.617071462158448
6.35687998429126,0.0668115942028985,0.0506599880937485,0.0680551015393061,10.938145870204735
6.35687998429126,0.0810144927536231,0.0612212850532195,0.0815569484494975,10.927351215855492
6.35687998429126,0.0952173913043478,0.0717356119348518,0.0947396144528819,10.934524588082397
6.35687998429126,0.1094202898550724,0.0822149882568836,0.1076112942730958,10.91830947455279
6.35687998429126,0.1236231884057971,0.0926717026060204,0.1201799612729605,10.88917409405406
6.35687998429126,0.1378260869565217,0.1031183466265949,0.1324533740146246,10.852768132695058
6.35687998429126,0.1520289855072464,0.1135678673753936,0.1444390822336994,10.81206098898114
6.35687998429126,0.166231884057971,0.1240336050628762,0.1561444325215162,10.768511580886525
6.35687998429126,0.1804347826086956,0.1345293524113181,0.1675765742073445,10.722720833813186
6.35687998429126,0.1946376811594203,0.145069407355168,0.1787424648454347,10.674802599461191
6.35687998429126,0.2088405797101449,0.1556686366677847,0.1896488754633263,10.624599007731932
6.35687998429126,0.2230434782608695,0.1663425438273761,0.2003023959225456,10.571806934952258
6.35687998429126,0.2372463768115942,0.1771073448592419,0.2107094399695768,10.516052999122008
6.35687998429126,0.2514492753623188,0.1879800517275947,0.2208762501083262,10.456938605883778
6.35687998429126,0.2656521739130435,0.198978564208744,0.230808902449229,10.394066188940974
6.35687998429126,0.2798550724637681,0.2101217746295146,0.2405133112829281,10.327055097551892
6.35687998429126,0.2940579710144927,0.2214296806438921,0.2499952336424417,10.255550173260636
6.35687998429126,0.3082608695652174,0.2329235148371203,0.2592602736627306,10.179226568527923
6.35687998429126,0.322463768115942,0.244625888983688,0.2683138868594351,10.097791785953284
6.35687998429126,0.3366666666666666,0.2565609555416093,0.2771613841966321,10.010986340973949
6.35687998429126,0.3508695652173913,0.268754590541822,0.2858079361677445,9.918583355303497
6.35687998429126,0.365072463768116,0.2812346013615058,0.2942585766483993,9.82038766651054
6.35687998429126,0.3792753623188406,0.2940309601647828,0.3025182066843508,9.716234666586365
6.35687998429126,0.3934782608695652,0.3071760719563568,0.3105915981655252,9.605988857270416
6.35687998429126,0.4076811594202899,0.3207050798389527,0.3184833973813318,9.48954248739621
6.35687998429126,0.4218840579710145,0.3346562143293257,0.3261981285118429,9.36681408439307
6.35687998429126,0.4360869565217391,0.3490711957908439,0.3337401969456525,9.237747022040503
6.35687998429126,0.4502898550724638,0.363995698087018,0.341113892606334,9.102308173257809
6.35687998429126,0.4644927536231884,0.3794798860067417,0.348323393061295,8.960486573285012
6.35687998429126,0.4786956521739131,0.3955790401653019,0.3553727666675009,8.81229213511328
6.35687998429126,0.4928985507246377,0.4123542856867397,0.3622659755314158,8.657754472877832
6.35687998429126,0.5071014492753623,0.4298734472620131,0.3690068784295764,8.496921724936847
6.35687998429126,0.521304347826087,0.4482120555532493,0.3755992336480802,8.329859468781047
6.35687998429126,0.5355072463768116,0.4674545379252985,0.3820467017268651,8.15664968767456
6.35687998429126,0.5497101449275362,0.4876956339827301,0.3883528481396204,7.97738979794088
6.35687998429126,0.5639130434782609,0.5090420870768636,0.394521145892433,7.792191738722773
6.35687998429126,0.5781159420289855,0.5316146775854619,0.4005549780476331,7.601181116954448
6.35687998429126,0.5923188405797102,0.5555506804079055,0.4064576401979934,7.404496453310343
6.35687998429126,0.6065217391304348,0.5810068536337576,0.4122323428357916,7.202288474211951
6.35687998429126,0.6207246376811595,0.6081630997346589,0.4178822136942051,6.9947195366389465
6.35687998429126,0.634927536231884,0.6372269795624471,0.4234102999969597,6.781963129605212
6.35687998429126,0.6491304347826087,0.6684393230583379,0.4288195706590866,6.564203546394647
6.35687998429126,0.6633333333333333,0.7020812587926007,0.4341129184273255,6.341635706574223
6.35687998429126,0.677536231884058,0.738483102145321,0.4392931619465737,6.114465211908593
6.35687998429126,0.6917391304347826,0.7780356986102387,0.4443630477875745,5.882908693309733
6.35687998429126,0.7059420289855073,0.8212050549785023,0.4493252524107157,5.647194556643931
6.35687998429126,0.7201449275362319,0.868551424984142,0.4541823840695913,5.407564261687115
6.35687998429126,0.7343478260869566,0.9207545161299014,0.4589369846684664,5.164274380105482
6.35687998429126,0.7485507246376812,0.9786472405097876,0.4635915315649637,4.917599766951495
6.35687998429126,0.7627536231884058,1.0432615861206915,0.4681484393292565,4.760209390252251
6.35687998429126,0.7769565217391304,1.1158920154050955,0.4726100614379104,4.995928839735329
6.35687998429126,0.7911594202898551,1.198184731292096,0.4769786919337782,5.266545304914112
6.35687998429126,0.8053623188405797,1.2922660272584945,0.4812565670444996,5.579542495337917
6.35687998429126,0.8195652173913044,1.4009312538677512,0.4854458667299404,5.94477208314496
6.35687998429126,0.833768115942029,1.5279306579904992,0.4895487162205685,6.375464224495246
6.35687998429126,0.8479710144927537,1.6784154429739486,0.4935671874788833,6.88980462766191
6.35687998429126,0.8621739130434782,1.8596596261724083,0.497503300649077,7.513486833985352
6.35687998429126,0.8763768115942029,2.082279494231213,0.5013590254423728,8.284023978797782
6.35687998429126,0.8905797101449275,2.3624027811668764,0.5051362824991846,9.258418708622688
6.35687998429126,0.9047826086956522,2.725779207267148,0.5088369447038148,10.52769760407455
6.35687998429126,0.9189855072463768,3.21621480720127,0.5124628384665145,12.246734183545186
6.35687998429126,0.9331884057971016,3.914764140176376,0.5160157449659694,14.702110918815034
6.35687998429126,0.947391304347826,4.990010708326241,0.5194974013622926,18.489906655504427
6.35687998429126,0.9615942028985508,6.8599129932844445,0.5229095019669895,25.087971069993483
6.35687998429126,0.9757971014492756,10.923503699419443,0.5262536993903458,39.44315411512548
6.35687998429126,0.99,26.527943724022613,0.5295316056486754,94.60624699766544
6.565956653321758,0.01,0.0078037612676348,0.0107474139797701,67.5609922666507
6.565956653321758,0.0242028985507246,0.0187978024894359,0.0257009533288823,28.458277909613667
6.565956653321758,0.0384057971014492,0.0296969099366455,0.0402980899329402,18.286994672987
6.565956653321758,0.0526086956521739,0.0405125015216154,0.0545480356034779,13.615413323534792
6.565956653321758,0.0668115942028985,0.0512561109178993,0.0684597433452951,10.965164820672994
6.565956653321758,0.0810144927536231,0.0619394435644216,0.0820419257320287,11.030971033936613
6.565956653321758,0.0952173913043478,0.072574396263755,0.0953030582437958,11.053192319663216
6.565956653321758,0.1094202898550724,0.0831730946294936,0.1082513876634845,11.051108417266237
6.565956653321758,0.1236231884057971,0.0937479322975136,0.1208949376394981,11.035246433324176
6.565956653321758,0.1378260869565217,0.1043116105041312,0.1332415154292085,11.011302325266632
6.565956653321758,0.1520289855072464,0.1148771818726067,0.1452987175317875,10.98228294567255
6.565956653321758,0.166231884057971,0.1254580971906332,0.1570739360655027,10.949678155841196
6.565956653321758,0.1804347826086956,0.1360682606690396,0.1685743641663555,10.914115234976167
6.565956653321758,0.1946376811594203,0.1467220842318551,0.1798070017473454,10.875731344975486
6.565956653321758,0.2088405797101449,0.1574345499894522,0.1907786609026073,10.834389362677303
6.565956653321758,0.2230434782608695,0.1682212817725498,0.2014959710548491,10.789805149305671
6.565956653321758,0.2372463768115942,0.1790986176880525,0.2119653842238718,10.741622914988596
6.565956653321758,0.2514492753623188,0.1900836969275822,0.2221931799685791,10.689460261882047
6.565956653321758,0.2656521739130435,0.2011945512105198,0.2321854700944639,10.632934962095224
6.565956653321758,0.2798550724637681,0.212450209305722,0.2419482034999713,10.571680728298402
6.565956653321758,0.2940579710144927,0.2238708114108838,0.2514871706069819,10.50535600701914
6.565956653321758,0.3082608695652174,0.2354777405627263,0.2608080078520001,10.433648930140944
6.565956653321758,0.322463768115942,0.2472937652289931,0.2699162019384975,10.356279381129934
6.565956653321758,0.3366666666666666,0.2593432041338837,0.2788170940056222,10.272999700375706
6.565956653321758,0.3508695652173913,0.2716521091660414,0.2875158836856948,10.183594408869435
6.565956653321758,0.365072463768116,0.2842484742127438,0.2960176329944391,10.087879352403313
6.565956653321758,0.3792753623188406,0.2971624711854753,0.3043272702167205,9.985700519203062
6.565956653321758,0.3934782608695652,0.3104267186023601,0.3124495935222154,9.876932766594544
6.565956653321758,0.4076811594202899,0.3240765889167392,0.3203892746329251,9.761478370599734
6.565956653321758,0.4218840579710145,0.3381505602506289,0.3281508622741648,9.639265647379442
6.565956653321758,0.4360869565217391,0.352690621032416,0.335738785567321,9.510247555339602
6.565956653321758,0.4502898550724638,0.3677427365769883,0.3431573573512866,9.374400350164866
6.565956653321758,0.4644927536231884,0.3833573898038623,0.3504107773558647,9.231722267458249
6.565956653321758,0.4786956521739131,0.3995902096240413,0.357503135327945,9.082232282287473
6.565956653321758,0.4928985507246377,0.4165027043148409,0.364438414039902,8.925968893601778
6.565956653321758,0.5071014492753623,0.4341631217941223,0.371220492242884,8.762989013510305
6.565956653321758,0.521304347826087,0.4526474616997901,0.3778531475072808,8.59336684176199
6.565956653321758,0.5355072463768116,0.4720406735985714,0.3843400589966116,8.417192871243996
6.565956653321758,0.5497101449275362,0.4924380812084088,0.3906848101828693,8.234572886442946
6.565956653321758,0.5639130434782609,0.51394708360449,0.3968908914369715,8.045627062497159
6.565956653321758,0.5781159420289855,0.5366892010942477,0.4029617026009315,7.85048911385717
6.565956653321758,0.5923188405797102,0.5608025474924933,0.4089005554583897,7.649305510778918
6.565956653321758,0.6065217391304348,0.5864448366667026,0.4147106761422069,7.442234762729988
6.565956653321758,0.6207246376811595,0.6137970661106803,0.4203952074782813,7.22944682204781
6.565956653321758,0.634927536231884,0.6430680573160651,0.4259572112564632,7.0111225663661845
6.565956653321758,0.6491304347826087,0.6745001011007298,0.4313996704537754,6.787453411945054
6.565956653321758,0.6633333333333333,0.7083760292989812,0.43672549137861,6.558641110412244
6.565956653321758,0.677536231884058,0.7450281557754491,0.4419375057721493,6.32489772184804
6.565956653321758,0.6917391304347826,0.7848496889793904,0.4470384728324845,6.0864458850914165
6.565956653321758,0.7059420289855073,0.8283094502968141,0.4520310811978633,5.8435194382419775
6.565956653321758,0.7201449275362319,0.8759710749929216,0.4569179508719769,5.596364532186891
6.565956653321758,0.7343478260869566,0.9285183710937496,0.461701635085271,5.3452414683682274
6.565956653321758,0.7485507246376812,0.9867892720118348,0.4663846221209974,5.090427526609174
6.565956653321758,0.7627536231884058,1.051821985590064,0.4709693370724751,4.83222131924714
6.565956653321758,0.7769565217391304,1.1249187724836422,0.4754581435639899,4.976185754688652
6.565956653321758,0.7911594202898551,1.2077357508155278,0.4798533454181035,5.245113233935314
6.565956653321758,0.8053623188405797,1.3024120173949434,0.484157188277627,5.556171294635234
6.565956653321758,0.8195652173913044,1.4117597518814644,0.4883718611778637,5.919152516220031
6.565956653321758,0.833768115942029,1.5395517759382404,0.492499498081779,6.347207766978522
6.565956653321758,0.8479710144927537,1.6909702971800535,0.4965421793633408,6.858413837177594
6.565956653321758,0.8621739130434782,1.8733331102792663,0.5005019332607935,7.478310453859384
6.565956653321758,0.8763768115942029,2.0973203903381843,0.5043807372713622,8.244186253319686
6.565956653321758,0.8905797101449275,2.3791569227552345,0.5081805195281963,9.212702820259056
6.565956653321758,0.9047826086956522,2.74474737585514,0.5119031601147447,10.474342177352876
6.565956653321758,0.9189855072463768,3.2381613803707947,0.5155504923655676,12.18305141408189
6.565956653321758,0.9331884057971016,3.9409412214323423,0.5191243041121181,14.623698804631138
6.565956653321758,0.947391304347826,5.022684803046361,0.5226263389006637,18.38879785391398
6.565956653321758,0.9615942028985508,6.903865537322854,0.5260582971757171,24.947358879064872
6.565956653321758,0.9757971014492756,10.991934340522384,0.5294218374324386,39.21664379742048
6.565956653321758,0.99,26.690295484090324,0.5327185773278597,94.04976131117824
6.781909817368821,0.01,0.0078931450115082,0.0108089109521909,67.55946530326132
6.781909817368821,0.0242028985507246,0.0190125187220232,0.0258479929997422,28.45679596091713
6.781909817368821,0.0384057971014492,0.0300351751220423,0.0405286550609975,18.285455552046766
6.781909817368821,0.0526086956521739,0.0409726198865,0.0548601572310613,13.61380854544374
6.781909817368821,0.0668115942028985,0.0518364957032872,0.0688515069025673,11.051662878729624
6.781909817368821,0.0810144927536231,0.0626386097629575,0.0825114716151165,11.133641511023976
6.781909817368821,0.0952173913043478,0.0733909605652418,0.0958485792720917,11.171125348599563
6.781909817368821,0.1094202898550724,0.084105776822535,0.1088711270000272,11.18344854340168
6.781909817368821,0.1236231884057971,0.0947955565075809,0.1215871875099345,11.181181538186394
6.781909817368821,0.1378260869565217,0.1054731037349917,0.1340046154454522,11.17005470129718
6.781909817368821,0.1520289855072464,0.1161515763747401,0.1461310529651706,11.153102168968864
6.781909817368821,0.166231884057971,0.1268445343113781,0.1579739364592729,11.131836395801832
6.781909817368821,0.1804347826086956,0.1375659878408163,0.169540501690633,11.106904478328095
6.781909817368821,0.1946376811594203,0.1483304599385495,0.1808377899038648,11.078461141324553
6.781909817368821,0.2088405797101449,0.1591530471630066,0.1918726530467758,11.0463856678114
6.781909817368821,0.2230434782608695,0.1700494887304477,0.202651759151262,11.010409196809904
6.781909817368821,0.2372463768115942,0.1810362423118385,0.2131815975164259,10.970190332080342
6.781909817368821,0.2514492753623188,0.1921305708816574,0.2234684836883744,10.925360524417338
6.781909817368821,0.2656521739130435,0.2033506339838412,0.2335185643249019,10.875550834151715
6.781909817368821,0.2798550724637681,0.2147155937782143,0.243337821950406,10.82040767531535
6.781909817368821,0.2940579710144927,0.2262457294326547,0.2529320795207564,10.759601835671443
6.781909817368821,0.3082608695652174,0.2379625690732819,0.2623070048881233,10.692833314186691
6.781909817368821,0.322463768115942,0.2498890351266144,0.2714681151176107,10.619833538888775
6.781909817368821,0.3366666666666666,0.2620496071308139,0.2804207807097082,10.540366040574844
6.781909817368821,0.3508695652173913,0.2744705083591306,0.2891702296619247,10.454226250639786
6.781909817368821,0.365072463768116,0.2871799141591725,0.297721551416055,10.36124061715403
6.781909817368821,0.3792753623188406,0.3002081904681352,0.3060797007200592,10.261265553229965
6.781909817368821,0.3934782608695652,0.3135881632624496,0.3142495013572281,10.154186031441425
6.781909817368821,0.4076811594202899,0.327355428507745,0.3222356497761862,10.039914317827256
6.781909817368821,0.4218840579710145,0.3415487047230531,0.3300427186023363,9.918388519503107
6.781909817368821,0.4360869565217391,0.3562102411598878,0.3376751600486587,9.789571241252888
6.781909817368821,0.4502898550724638,0.3713862866799427,0.3451373092696463,9.653448211755997
6.781909817368821,0.4644927536231884,0.3871276328025693,0.3524333875461231,9.510027044176264
6.781909817368821,0.4786956521739131,0.4034902478927306,0.3595675054535575,9.35933593704962
6.781909817368821,0.4928985507246377,0.4205360124791007,0.3665436658807111,9.201422540960282
6.781909817368821,0.5071014492753623,0.4383335854394045,0.3733657670122264,9.036352770358612
6.781909817368821,0.521304347826087,0.4569594230515763,0.3800376051927638,8.864209744936991
6.781909817368821,0.5355072463768116,0.476498982189962,0.3865628777245294,8.685092771048902
6.781909817368821,0.5497101449275362,0.4970481541824911,0.3929451855735673,8.499116324390318
6.781909817368821,0.5639130434782609,0.5187149759037496,0.3991880360384559,8.306409178197795
6.781909817368821,0.5781159420289855,0.5416216870257949,0.4052948452876623,8.107113508616766
6.781909817368821,0.5923188405797102,0.5659072166062216,0.4112689408728217,7.901384115333935
6.781909817368821,0.6065217391304348,0.5917302079572508,0.4171135641515197,7.689387695159202
6.781909817368821,0.6207246376811595,0.6192727226541501,0.4228318726453655,7.471302208243634
6.781909817368821,0.634927536231884,0.6487448083310206,0.4284269423360126,7.247316346761519
6.781909817368821,0.6491304347826087,0.6803901755647906,0.4339017698924634,7.017629110889691
6.781909817368821,0.6633333333333333,0.7144933117647526,0.4392592748386916,6.782449547228082
6.781909817368821,0.677536231884058,0.7513884741325275,0.4445023016671472,6.5419966798797
6.781909817368821,0.6917391304347826,0.7914711676257413,0.4496336218840224,6.29649969085752
6.781909817368821,0.7059420289855073,0.8352129504657285,0.4546559359976941,6.046198423269093
6.781909817368821,0.7201449275362319,0.8831807449241761,0.4595718754599378,5.791344368052122
6.781909817368821,0.7343478260869566,0.9360623449307452,0.4643840045503565,5.532202269673748
6.781909817368821,0.7485507246376812,0.9947005662188284,0.469094822195417,5.269052675618279
6.781909817368821,0.7627536231884058,1.0601396624364514,0.473706763764698,5.002195843743895
6.781909817368821,0.7769565217391304,1.1336894759931266,0.4782222027749271,4.95717948808929
6.781909817368821,0.7911594202898551,1.2170157635895265,0.4826434525953524,5.224483542231091
6.781909817368821,0.8053623188405797,1.3122700689114026,0.4869727680591192,5.533677839781123
6.781909817368821,0.8195652173913044,1.4222809325074115,0.4912123470619332,5.894498187637972
6.781909817368821,0.833768115942029,1.5508431219439,0.4953643320996648,6.320019275601556
6.781909817368821,0.8479710144927537,1.7031689859724486,0.4994308117657559,6.828213249772246
6.781909817368821,0.8621739130434782,1.886618878145633,0.5034138222095266,7.4444720594323455
6.781909817368821,0.8763768115942029,2.1119350832068475,0.5073153485457469,8.205868649592047
6.781909817368821,0.8905797101449275,2.395436736056141,0.5111373262357882,9.168736925179738
6.781909817368821,0.9047826086956522,2.7631791400778263,0.5148816424158617,10.423035719685286
6.781909817368821,0.9189855072463768,3.259488184002115,0.5185501372016073,12.121822043925889
6.781909817368821,0.9331884057971016,3.966380302074975,0.5221446049419954,14.548317236659264
6.781909817368821,0.947391304347826,5.054439561880315,0.5256667954498071,18.291609357465106
6.781909817368821,0.9615942028985508,6.946584298700243,0.5291184151898018,24.81221620554945
6.781909817368821,0.9757971014492756,11.058449303542702,0.5325011284357629,38.99897263822716
6.781909817368821,0.99,26.84811658306717,0.5358165583921636,93.5150615298712
7.004965643148861,0.01,0.0079801559117337,0.0108684301462195,67.5581486286735
7.004965643148861,0.0242028985507246,0.0192215509609327,0.0259903514072433,28.45536261917909
7.004965643148861,0.0384057971014492,0.0303644660531166,0.0407518801913711,18.283963557176552
7.004965643148861,0.0526086956521739,0.0414205133412952,0.0551623427712133,13.612254862308191
7.004965643148861,0.0668115942028985,0.0524014374323628,0.06923080227493,11.137056063763556
7.004965643148861,0.0810144927536231,0.0633191423833465,0.0829660773128035,11.235329382140607
7.004965643148861,0.0952173913043478,0.0741857285402743,0.0963767473186387,11.288278563745177
7.004965643148861,0.1094202898550724,0.0850135236317338,0.1094711588939936,11.31527410368697
7.004965643148861,0.1236231884057971,0.0958151264460467,0.1222574326193141,11.326915811944936
7.004965643148861,0.1378260869565217,0.1066034439244547,0.1347434687740091,11.328956157813195
7.004965643148861,0.1520289855072464,0.117391735240384,0.1469369542648483,11.324446178026584
7.004965643148861,0.166231884057971,0.1281936644631924,0.1588453684026663,11.314912907114644
7.004965643148861,0.1804347826086956,0.1390233490105427,0.1704759886826494,11.30101604080381
7.004965643148861,0.1946376811594203,0.1498954183626694,0.1818358964516734,11.282922471103108
7.004965643148861,0.2088405797101449,0.1608250799816608,0.1929319825224225,11.260522955628574
7.004965643148861,0.2230434782608695,0.1718281854413732,0.2037709524513776,11.233559929262388
7.004965643148861,0.2372463768115942,0.1829213095215716,0.2143593318382,11.201703307314856
7.004965643148861,0.2514492753623188,0.1941218351320623,0.2247034712926767,11.164595607894707
7.004965643148861,0.2656521739130435,0.2054480465035263,0.2348095513375431,11.121878970194766
7.004965643148861,0.2798550724637681,0.2169192350118008,0.2446835872914247,11.073210724242934
7.004965643148861,0.2940579710144927,0.2285558152711418,0.2543314337230962,11.018272525980692
7.004965643148861,0.3082608695652174,0.2403794578479601,0.2637587890814494,10.95677504368217
7.004965643148861,0.322463768115942,0.2524132327988319,0.2729711999865732,10.888460270611445
7.004965643148861,0.3366666666666666,0.2646817777415897,0.2819740655140249,10.813102185993792
7.004965643148861,0.3508695652173913,0.2772114815025592,0.2907726412522048,10.73050651030773
7.004965643148861,0.365072463768116,0.2900306969323658,0.2993720433229129,10.640509868111614
7.004965643148861,0.3792753623188406,0.3031699777911715,0.3077772522449441,10.542978699988618
7.004965643148861,0.3934782608695652,0.3166623525336366,0.3159931167184328,10.437807948799056
7.004965643148861,0.4076811594202899,0.3305436334224808,0.3240243572572674,10.324919689270496
7.004965643148861,0.4218840579710145,0.3448527735357753,0.331875569732191,10.204261768279483
7.004965643148861,0.4360869565217391,0.3596322755779674,0.3395512288411336,10.075806434370271
7.004965643148861,0.4502898550724638,0.3749286635391177,0.3470556914385601,9.939548972063225
7.004965643148861,0.4644927536231884,0.3907930303547795,0.3543931997834599,9.795506465591467
7.004965643148861,0.4786956521739131,0.4072816725780696,0.3615678847112196,9.643716527989008
7.004965643148861,0.4928985507246377,0.424456833431364,0.3685837686947701,9.48423612545461
7.004965643148861,0.5071014492753623,0.4423875717428704,0.3754447688273346,9.317140428720167
7.004965643148861,0.521304347826087,0.4611507866527664,0.3821546997200835,9.142521741908936
7.004965643148861,0.5355072463768116,0.4808324292128404,0.3887172763177485,8.960488454923423
7.004965643148861,0.5497101449275362,0.5015289419905848,0.3951361166367542,8.771164067783644
7.004965643148861,0.5639130434782609,0.5233489818045285,0.4014147444239967,8.574686270971863
7.004965643148861,0.5781159420289855,0.546415487432556,0.4075565917493765,8.371206061895704
7.004965643148861,0.5923188405797102,0.5708681808570747,0.4135650015103997,8.160886942268666
7.004965643148861,0.6065217391304348,0.5968666085425117,0.4194432298855633,7.943904184947268
7.004965643148861,0.6207246376811595,0.6245938664923301,0.4251944487036627,7.72044416398316
7.004965643148861,0.634927536231884,0.6542611935852893,0.4308217477538646,7.490703811692372
7.004965643148861,0.6491304347826087,0.6861136813137675,0.4363281370445594,7.25489015067224
7.004965643148861,0.6633333333333333,0.7204374260933251,0.4417165489659261,7.013219996654225
7.004965643148861,0.677536231884058,0.7575685737712555,0.4469898404308534,6.765919826347651
7.004965643148861,0.6917391304347826,0.7979048623151965,0.452150794927579,6.5132258863264045
7.004965643148861,0.7059420289855073,0.8419205092904758,0.4572021245308884,6.255384594546838
7.004965643148861,0.7201449275362319,0.8901856327342146,0.4621464718474268,5.992653393140841
7.004965643148861,0.7343478260869566,0.9433919010284916,0.4669864119191704,5.725302170255935
7.004965643148861,0.7485507246376812,1.00238687516968,0.4717244540524261,5.453615530816933
7.004965643148861,0.7627536231884058,1.0682206861521368,0.4763630436217088,5.177896325613071
7.004965643148861,0.7769565217391304,1.142210545922956,0.4809045638051037,4.938878797733599
7.004965643148861,0.7911594202898551,1.226031580373708,0.4853513372673201,5.204622032413173
7.004965643148861,0.8053623188405797,1.321847432279485,0.4897056278157186,5.512024529786452
7.004965643148861,0.8195652173913044,1.432502545588472,0.4939696419884929,5.870767535561882
7.004965643148861,0.833768115942029,1.5618130205514804,0.4981455306108178,6.29385252997011
7.004965643148861,0.8479710144927537,1.7150205046934848,0.502235390302124,6.799151092503726
7.004965643148861,0.8621739130434782,1.8995267207555475,0.5062412649364495,7.411913151840319
7.004965643148861,0.8763768115942029,2.1261343275832107,0.5101651470733165,8.169004367085805
7.004965643148861,0.8905797101449275,2.4112541727885386,0.5140089793378568,9.126443731347882
7.004965643148861,0.9047826086956522,2.7810879850686767,0.5177746557628428,10.373687274941084
7.004965643148861,0.9189855072463768,3.2802107497105077,0.5214640230971643,12.062936612124052
7.004965643148861,0.9331884057971016,3.9910997998272895,0.525078882072687,14.475830320466686
7.004965643148861,0.947391304347826,5.085297807745386,0.5286209886378558,18.19816448891349
7.004965643148861,0.9615942028985508,6.988099706856724,0.5320920551588854,24.6822953127334
7.004965643148861,0.9757971014492756,11.123095460668049,0.5354937515750514,38.78973826578289
7.004965643148861,0.99,27.001516814481096,0.538827706533676,93.00115095528665
7.235357735961971,0.01,0.0080648647753082,0.0109260602785083,67.55692999131298
7.235357735961971,0.0242028985507246,0.0194250102618638,0.0261281751247008,28.45398513962923
7.235357735961971,0.0384057971014492,0.0306849585089055,0.0409679990214567,18.282519085985648
7.235357735961971,0.0526086956521739,0.0418564210682631,0.0554549097052336,13.61075091740559
7.235357735961971,0.0668115942028985,0.0529512369741399,0.0695980256963324,11.221326860228766
7.235357735961971,0.0810144927536231,0.0639814075810354,0.0834062176216702,11.336002904871227
7.235357735961971,0.0952173913043478,0.0749591276905444,0.096888114115187,11.404607395311825
7.235357735961971,0.1094202898550724,0.0858968278670404,0.1100521097993036,11.446530130863357
7.235357735961971,0.1236231884057971,0.0968072006774815,0.1229063715496039,11.472385491954803
7.235357735961971,0.1378260869565217,0.1077032540517579,0.1354588447698466,11.4879364179094
7.235357735961971,0.1520289855072464,0.1185983473727584,0.1477172595475065,11.496240843922182
7.235357735961971,0.166231884057971,0.1295062450473001,0.1596891371311909,11.498831691987052
7.235357735961971,0.1804347826086956,0.1404411669881559,0.1713817954072053,11.496374576490396
7.235357735961971,0.1946376811594203,0.1514178494750218,0.182802354895179,11.489042129144764
7.235357735961971,0.2088405797101449,0.1624516056977713,0.1939577442810816,11.476731926168
7.235357735961971,0.2230434782608695,0.1735583978671591,0.2048547056227716,11.459193519139662
7.235357735961971,0.2372463768115942,0.1847549146831976,0.2154997998331897,11.43610458968777
7.235357735961971,0.2514492753623188,0.1960586553404471,0.2258994116253448,11.407115999651888
7.235357735961971,0.2656521739130435,0.2074880254885455,0.236059754539872,11.371878501779172
7.235357735961971,0.2798550724637681,0.219062442623809,0.2459868757316553,11.330058407722971
7.235357735961971,0.2940579710144927,0.2308024535517388,0.2556866605928158,11.281346516243264
7.235357735961971,0.3082608695652174,0.242729865275298,0.2651648373205085,11.22546290570653
7.235357735961971,0.322463768115942,0.2548678938303171,0.2744269813134405,11.162159025012588
7.235357735961971,0.3366666666666666,0.2672413285877815,0.2834785194255459,11.0912183836307
7.235357735961971,0.3508695652173913,0.2798767208313088,0.2923247340935192,11.012456289628089
7.235357735961971,0.365072463768116,0.2928025953307492,0.3009707674128953,10.92571903032734
7.235357735961971,0.3792753623188406,0.3060496890100441,0.3094216249739109,10.830882650229006
7.235357735961971,0.3934782608695652,0.3196512264545282,0.3176821797211085,10.727851722111607
7.235357735961971,0.4076811594202899,0.3336432309158872,0.325757175553129,10.61655795900182
7.235357735961971,0.4218840579710145,0.348064883400983,0.3336512309911482,10.496958817140206
7.235357735961971,0.4360869565217391,0.362958932498749,0.3413688425879272,10.369036123174046
7.235357735961971,0.4502898550724638,0.378372170175793,0.3489143883145653,10.23279475502209
7.235357735961971,0.4644927536231884,0.3943559817014485,0.3562921308381918,10.088261338472556
7.235357735961971,0.4786956521739131,0.4109669835019684,0.3635062207102374,9.93548302163524
7.235357735961971,0.4928985507246377,0.4282677710004035,0.3705606994524872,9.774526247941544
7.235357735961971,0.5071014492753623,0.4463277916270565,0.3774595025488489,9.605475661589477
7.235357735961971,0.521304347826087,0.4652243753076914,0.3842064623860382,9.428432961256714
7.235357735961971,0.5355072463768116,0.4850439526056408,0.3908053110780665,9.243515923828149
7.235357735961971,0.5497101449275362,0.5058835027173724,0.3972596832179157,9.050857342424967
7.235357735961971,0.5639130434782609,0.5278522848342324,0.403573118572048,8.850604155041031
7.235357735961971,0.5781159420289855,0.5510739170995212,0.4097490646715245,8.64291651572043
7.235357735961971,0.5923188405797102,0.5756888921016278,0.4157908793501057,8.427966992085503
7.235357735961971,0.6065217391304348,0.6018576342459252,0.4217018332094567,8.205939800640682
7.235357735961971,0.6207246376811595,0.6297642447579405,0.4274851119938811,7.977030141959611
7.235357735961971,0.634927536231884,0.6596211209655478,0.4331438189440268,7.741443599832477
7.235357735961971,0.6491304347826087,0.691674695463695,0.4386809770388864,7.499395660259408
7.235357735961971,0.6633333333333333,0.7262126292664823,0.4440995312016946,7.251111362749325
7.235357735961971,0.677536231884058,0.763572903844304,0.4494023504275102,6.996825118503986
7.235357735961971,0.6917391304347826,0.8041554267941039,0.4545922298780408,6.7367807508792925
7.235357735961971,0.7059420289855073,0.8484370011327496,0.4596718928871967,6.471231811478855
7.235357735961971,0.7201449275362319,0.8969908506255444,0.4646439929254679,6.200442292589748
7.235357735961971,0.7343478260869566,0.9505124094447488,0.4695111155116487,5.924687888874702
7.235357735961971,0.7485507246376812,1.0098538509171275,0.4742757800717285,5.644258026808278
7.235357735961971,0.7627536231884058,1.076071018147932,0.4789404417282977,5.359459038295585
7.235357735961971,0.7769565217391304,1.150488285866156,0.4835074930609345,5.070619052244988
7.235357735961971,0.7911594202898551,1.234789886344061,0.4879792658095639,5.185496257609206
7.235357735961971,0.8053623188405797,1.3311512221181787,0.4923580325214224,5.491175701669547
7.235357735961971,0.8195652173913044,1.4424321939707965,0.4966460081661492,5.8479211559202815
7.235357735961971,0.833768115942029,1.572469636632568,0.5008453516934466,6.268663725708582
7.235357735961971,0.8479710144927537,1.726533674278193,0.5049581675480633,6.771178315734943
7.235357735961971,0.8621739130434782,1.9120662385072316,0.5089865071506332,7.380578331586582
7.235357735961971,0.8763768115942029,2.1399286682038725,0.5129323703220314,8.133530168057936
7.235357735961971,0.8905797101449275,2.426620951124317,0.5167977066860016,9.085750095776003
7.235357735961971,0.9047826086956522,2.7984871336380297,0.5205844170133727,10.32621080245114
7.235357735961971,0.9189855072463768,3.3003443098932683,0.5242943545347405,12.006291613705445
7.235357735961971,0.9331884057971016,4.015117782564869,0.5279293262249488,14.406109605542248
7.235357735961971,0.947391304347826,5.115281937684565,0.5314910940350065,18.10829630982108
7.235357735961971,0.9615942028985508,7.028441638434814,0.5349813761031226,24.55736220967132
7.235357735961971,0.9757971014492756,11.185918861702469,0.5384018479215131,38.58856077758657
7.235357735961971,0.99,27.15060413322328,0.5417541434708345,92.50708890478371
7.47332738434564,0.01,0.0081472842842609,0.010981860887835,67.5555438309819
7.47332738434564,0.0242028985507246,0.0196229993534326,0.0262616112965364,28.452645416007464
7.47332738434564,0.0384057971014492,0.0309968305063999,0.0411772370433012,18.28112354233443
7.47332738434564,0.0526086956521739,0.0422805831374282,0.0557381629772205,13.60929619699876
7.47332738434564,0.0668115942028985,0.0534861994520568,0.0699535618391631,11.30445749027596
7.47332738434564,0.0810144927536231,0.0646257715555713,0.0838323527571978,11.435631699521275
7.47332738434564,0.0952173913043478,0.0757115929485398,0.0973832136564657,11.520068345356083
7.47332738434564,0.1094202898550724,0.0867561857112977,0.110614585910399,11.577161508642977
7.47332738434564,0.1236231884057971,0.0977723414111141,0.1235346811471507,11.617526796279956
7.47332738434564,0.1378260869565217,0.1087731625357038,0.136151488533475,11.646924621985848
7.47332738434564,0.1520289855072464,0.1197721048625144,0.1484727805030945,11.668410542525764
7.47332738434564,0.166231884057971,0.130783032776427,0.1605061190419215,11.683514852247816
7.47332738434564,0.1804347826086956,0.1418202667495919,0.1722588613419096,11.69290153426697
7.47332738434564,0.1946376811594203,0.1528986447112272,0.1837381661616335,11.69674325464102
7.47332738434564,0.2088405797101449,0.1640335838829062,0.1949509988299232,11.694938993316589
7.47332738434564,0.2230434782608695,0.1752411548937701,0.2059041370322651,11.687241166492386
7.47332738434564,0.2372463768115942,0.1865381551936286,0.2166041760519567,11.673331674275431
7.47332738434564,0.2514492753623188,0.1979421991781831,0.2270575337760753,11.652866499779844
7.47332738434564,0.2656521739130435,0.2094718097958255,0.237270455890143,11.625502504859393
7.47332738434564,0.2798550724637681,0.2211465269259786,0.2472490205226467,11.590912828585532
7.47332738434564,0.2940579710144927,0.2329870263471332,0.2569991430378672,11.54879568363646
7.47332738434564,0.3082608695652174,0.2450152480982696,0.2665265805708346,11.498878954070774
7.47332738434564,0.322463768115942,0.2572545493333737,0.2758369365358092,11.440922368099589
7.47332738434564,0.3366666666666666,0.2697298681520107,0.2849356648193085,11.37471797673232
7.47332738434564,0.3508695652173913,0.2824679132274293,0.2938280739738742,11.300089885053596
7.47332738434564,0.365072463768116,0.2954973759573745,0.302519331346149,11.216893304589933
7.47332738434564,0.3792753623188406,0.3088491720718012,0.3110144669313215,11.125013428505833
7.47332738434564,0.3934782608695652,0.322556716383322,0.3193183772252432,11.0243640836046
7.47332738434564,0.4076811594202899,0.3366562380833121,0.327435828929582,10.91488631059373
7.47332738434564,0.4218840579710145,0.3511871382720664,0.3353714625584286,10.796547001877272
7.47332738434564,0.4360869565217391,0.3661924059236994,0.3431297959272775,10.669337480127975
7.47332738434564,0.4502898550724638,0.3817190929472496,0.3507152275557217,10.53327215624419
7.47332738434564,0.4644927536231884,0.3978188684319465,0.3581320399565095,10.388387236677422
7.47332738434564,0.4786956521739131,0.414548660387625,0.3653844028653908,10.234739460744352
7.47332738434564,0.4928985507246377,0.4319714060386171,0.372476376311352,10.072404925621656
7.47332738434564,0.5071014492753623,0.4501569306659304,0.3794119136934444,9.901477870219235
7.47332738434564,0.521304347826087,0.4691829828029096,0.386194864679219,9.722069645946576
7.47332738434564,0.5355072463768116,0.4891364594741622,0.3928289780747132,9.534307623213744
7.47332738434564,0.5497101449275362,0.5101148607555572,0.3993179046105809,9.338334185604888
7.47332738434564,0.5639130434782609,0.5322280314980183,0.4056651996204893,9.13430580382106
7.47332738434564,0.5781159420289855,0.5556002502539553,0.4118743256898601,8.922392117353526
7.47332738434564,0.5923188405797102,0.5803727583764855,0.4179486551722962,8.702775107991108
7.47332738434564,0.6065217391304348,0.6067068334010695,0.423891472702086,8.475648314940573
7.47332738434564,0.6207246376811595,0.6347875538053452,0.4297059775728304,8.241216140277274
7.47332738434564,0.634927536231884,0.6648284420717008,0.4353952861023576,7.9996932306724755
7.47332738434564,0.6491304347826087,0.697077234926483,0.4409624338951393,7.751303962925984
7.47332738434564,0.6633333333333333,0.7318231134476839,0.4464103780574221,7.496282055290871
7.47332738434564,0.677536231884058,0.7694058427996809,0.4517419993635054,7.234870326943408
7.47332738434564,0.6917391304347826,0.8102274396588486,0.4569601043198478,6.967320685291081
7.47332738434564,0.7059420289855073,0.8547672194681757,0.4620674272226014,6.693894346015605
7.47332738434564,0.7201449275362319,0.9036014241672232,0.4670666321191557,6.414862442549664
7.47332738434564,0.7343478260869566,0.9574291475418588,0.4719603147334923,6.1305071225277565
7.47332738434564,0.7485507246376812,1.0171070451923918,0.4767510043352667,5.841123358183306
7.47332738434564,0.7627536231884058,1.0836965119938682,0.4814411655407488,5.547021811594194
7.47332738434564,0.7769565217391304,1.158528883368282,0.4860332000988781,5.24853324539765
7.47332738434564,0.7911594202898551,1.243297241561513,0.4905294485751618,5.1670754121127205
7.47332738434564,0.8053623188405797,1.3401884177004542,0.4949321920417348,5.471097507016411
7.47332738434564,0.8195652173913044,1.4520773342969155,0.4992436536830205,5.825921663659754
7.47332738434564,0.833768115942029,1.5828209764313383,0.5034660003618818,6.24441131776509
7.47332738434564,0.8479710144927537,1.7377171432856595,0.5076013441608537,6.744248417456446
7.47332738434564,0.8621739130434782,1.9242468429134791,0.5116517438541365,7.350415094462432
7.47332738434564,0.8763768115942029,2.15332844220252,0.5156192063519043,8.099386142625177
7.47332738434564,0.8905797101449275,2.441548559020318,0.5195056881034678,9.046586750780074
7.47332738434564,0.9047826086956522,2.8153895499828234,0.5233130964566198,10.280524849924522
7.47332738434564,0.9189855072463768,3.3199038012430546,0.5270432909733586,11.95178909805303
7.47332738434564,0.9331884057971016,4.038451971557093,0.5306980847233731,14.339033577503912
7.47332738434564,0.947391304347826,5.14441392715782,0.5342792455279447,18.02184695503577
7.47332738434564,0.9615942028985508,7.067639421255355,0.5377884971662767,24.43719570273105
7.47332738434564,0.9757971014492756,11.246964738054146,0.541227520558456,38.39508118132576
7.47332738434564,0.99,27.295484655578324,0.5445979549094359,92.03198679819424
7.719123812775078,0.01,0.0082274922219234,0.0110358837297169,67.55433884394495
7.719123812775078,0.0242028985507246,0.0198156299810942,0.0263908024719147,28.451337785128743
7.719123812775078,0.0384057971014492,0.0313002450350828,0.0413798127278068,18.279768682553435
7.719123812775078,0.0526086956521739,0.042693234359919,0.0560123998444426,13.607887076254393
7.719123812775078,0.0668115942028985,0.0540066253522933,0.0702977817679922,11.386432850077457
7.719123812775078,0.0810144927536231,0.0652526033966192,0.0842449283998505,11.534186324660638
7.719123812775078,0.0952173913043478,0.0764435560239536,0.0978625633088393,11.63461940293123
7.719123812775078,0.1094202898550724,0.0875920966775582,0.1111591740588028,11.707114712716658
7.719123812775078,0.1236231884057971,0.0987111118908547,0.1241430163115439,11.762275604640568
7.719123812775078,0.1378260869565217,0.1098137964203288,0.136822121448493,11.805849215222382
7.719123812775078,0.1520289855072464,0.1209137017247819,0.1492043031494458,11.840878465204275
7.719123812775078,0.166231884057971,0.132024789282962,0.1612971628667127,11.868882203146027
7.719123812775078,0.1804347826086956,0.1431614755554475,0.1731080964661744,11.890515756082976
7.719123812775078,0.1946376811594203,0.154338697718561,0.1846442994820978,11.905945435095294
7.719123812775078,0.2088405797101449,0.1655719757188683,0.1959127731929079,11.91506636222497
7.719123812775078,0.2230434782608695,0.176877484235425,0.2069203298453322,11.917629408989526
7.719123812775078,0.2372463768115942,0.1882721282671126,0.2176735981309537,11.913316618970152
7.719123812775078,0.2514492753623188,0.1997736326190098,0.2281790283327228,11.90178604627661
7.719123812775078,0.2656521739130435,0.2114006353376751,0.2384428972599959,11.882697823934976
7.719123812775078,0.2798550724637681,0.2231727954817929,0.2484713132467645,11.85572960546576
7.719123812775078,0.2940579710144927,0.235110912842015,0.2582702208122344,11.82058502467873
7.719123812775078,0.3082608695652174,0.2472370587782846,0.26784540531415,11.7769982277916
7.719123812775078,0.322463768115942,0.259574726476165,0.2772024972948959,11.72473579623984
7.719123812775078,0.3366666666666666,0.2721489989323608,0.2863469769881501,11.663597185323557
7.719123812775078,0.3508695652173913,0.2849867376777816,0.295284178369392,11.593414346005956
7.719123812775078,0.365072463768116,0.2981167963531184,0.3040192933298138,11.514050721195083
7.719123812775078,0.3792753623188406,0.3115702643035921,0.3125573755829802,11.42540002096595
7.719123812775078,0.3934782608695652,0.3253807419258925,0.3209033445611889,11.327384832525391
7.719123812775078,0.4076811594202899,0.3395846572831799,0.3290619891257455,11.219955194528536
7.719123812775078,0.4218840579710145,0.3542216271921158,0.337037971188013,11.103087175963571
7.719123812775078,0.4360869565217391,0.3693348724369913,0.3448358292372591,10.976781413034637
7.719123812775078,0.4502898550724638,0.3849716984693976,0.3524599817803057,10.841061758318183
7.719123812775078,0.4644927536231884,0.4011840506009461,0.3599147306324927,10.695974001013766
7.719123812775078,0.4786956521739131,0.4180291591931671,0.3672042641671462,10.541584498293291
7.719123812775078,0.4928985507246377,0.4355702934111715,0.3743326604476223,10.377979066241773
7.719123812775078,0.5071014492753623,0.4538776460896984,0.3813038902593143,10.20526173080899
7.719123812775078,0.521304347826087,0.4730293725450809,0.3881218200859415,10.023553623171455
7.719123812775078,0.5355072463768116,0.493112822778965,0.3947902149823237,9.832991953566037
7.719123812775078,0.5497101449275362,0.5142260036687991,0.4013127413470956,9.633728928751294
7.719123812775078,0.5639130434782609,0.5364793285330792,0.4076929696817784,9.425930848202574
7.719123812775078,0.5781159420289855,0.5599977183139874,0.4139343771888247,9.209777141922393
7.719123812775078,0.5923188405797102,0.5849231413849807,0.4200403503585549,8.985459532837652
7.719123812775078,0.6065217391304348,0.611417704373056,0.4260141874663219,8.753181236209933
7.719123812775078,0.6207246376811595,0.639667435737015,0.4318591009854125,8.513156234650053
7.719123812775078,0.634927536231884,0.6698869511795617,0.4375782199494509,8.265608642051772
7.719123812775078,0.6491304347826087,0.7023252545521184,0.4431745922492441,8.01077214357774
7.719123812775078,0.6633333333333333,0.7372730038729685,0.4486511868530436,7.7488895705550815
7.719123812775078,0.677536231884058,0.7750716980713319,0.4540108959700851,7.480212626836081
7.719123812775078,0.6917391304347826,0.8161254031865688,0.4592565371638573,7.205001793595503
7.719123812775078,0.7059420289855073,0.860915875628957,0.4643908553886528,6.923526480473448
7.719123812775078,0.7201449275362319,0.9100222904184626,0.4694165249877506,6.636065529869468
7.719123812775078,0.7343478260869566,0.9641472976899677,0.4743361516129903,6.3429081651523385
7.719123812775078,0.7485507246376812,1.0241519087504347,0.4791522741143157,6.044355613417087
7.719123812775078,0.7627536231884058,1.0911029128106318,0.4838673663583573,5.740723662872282
7.719123812775078,0.7769565217391304,1.1663384094449467,0.4884838390051258,5.432346670994082
7.719123812775078,0.7911594202898551,1.2515600810498515,0.493004041229382,5.149330228373221
7.719123812775078,0.8053623188405797,1.348965863939866,0.4974302623967479,5.451757799999076
7.719123812775078,0.8195652173913044,1.4614452778920093,0.5017647336887712,5.80473356567875
7.719123812775078,0.833768115942029,1.5928748890460058,0.5060096296905571,6.22105587786078
7.719123812775078,0.8479710144927537,1.7485793893757604,0.5101670699149697,6.718317280203828
7.719123812775078,0.8621739130434782,1.9360777590313205,0.5142391203088765,7.321373646772095
7.719123812775078,0.8763768115942029,2.1663437812103723,0.5182277946898746,8.066515492100525
7.719123812775078,0.8905797101449275,2.456048256082647,0.5221350561650757,9.008888047846265
7.719123812775078,0.9047826086956522,2.8318079418508253,0.5259628184949109,10.236552248335554
7.719123812775078,0.9189855072463768,3.338903867428063,0.5297129474219833,11.899336298338456
7.719123812775078,0.9331884057971016,4.061119745304096,0.5333872619662026,14.274487195212906
7.719123812775078,0.947391304347826,5.172715333735289,0.5369875356703896,17.93866702149956
7.719123812775078,0.9615942028985508,7.105721838325873,0.5405154978316243,24.32158652959081
7.719123812775078,0.9757971014492756,11.30627750593321,0.543972834674101,38.2089599675784
7.719123812775078,0.99,27.436262658897764,0.5473611905018142,91.57500457620525
7.973004442674831,0.01,0.0083054994899388,0.0110881879471995,67.55299344288885
7.973004442674831,0.0242028985507246,0.0200030180526027,0.0265158764646643,28.45008399216
7.973004442674831,0.0384057971014492,0.0315953926065845,0.0415759389893335,18.27846086718741
7.973004442674831,0.0526086956521739,0.043094621796669,0.0562779065193494,13.606524442005096
7.973004442674831,0.0668115942028985,0.0545128215064616,0.0706310463332887,11.467238302342755
7.973004442674831,0.0810144927536231,0.0658622746583009,0.0846443753285574,11.631638950051142
7.973004442674831,0.0952173913043478,0.0771554526169066,0.0983266637180304,11.748219120643688
7.973004442674831,0.1094202898550724,0.0884050605210273,0.1116864429098563,11.836336089380076
7.973004442674831,0.1236231884057971,0.099624076269403,0.124732011370983,11.906568246154167
7.973004442674831,0.1378260869565217,0.1108257858414383,0.1374714420788276,11.96463834879541
7.973004442674831,0.1520289855072464,0.1220238344374805,0.1499125884517329,12.013566323451505
7.973004442674831,0.166231884057971,0.1332322732285115,0.1620630906936302,12.054851667887345
7.973004442674831,0.1804347826086956,0.1444656175684422,0.1739303818504983,12.089133219426673
7.973004442674831,0.1946376811594203,0.1557389003538953,0.1855216936028718,12.116564879898917
7.973004442674831,0.2088405797101449,0.1670677400533362,0.1968440620877507,12.137032205322967
7.973004442674831,0.2230434782608695,0.1784684125644026,0.2079043331239707,12.150279904224186
7.973004442674831,0.2372463768115942,0.1899579281137323,0.2187091680505762,12.155986229507242
7.973004442674831,0.2514492753623188,0.2015541187957164,0.2292650484641334,12.153807753321756
7.973004442674831,0.2656521739130435,0.2132757343313161,0.2395782816169578,12.143405025366786
7.973004442674831,0.2798550724637681,0.2251425506035306,0.2496550051713153,12.124457663353164
7.973004442674831,0.2940579710144927,0.2371754866388229,0.2595011920322874,12.096672685463368
7.973004442674831,0.3082608695652174,0.2493967424926518,0.2691226548864855,12.059788629308144
7.973004442674831,0.322463768115942,0.2618299431701541,0.2785250508150973,12.01357745415072
7.973004442674831,0.3366666666666666,0.2745003133077591,0.2877138856202724,11.957844761003251
7.973004442674831,0.3508695652173913,0.2874348621361684,0.2966945179604314,11.892429315863543
7.973004442674831,0.365072463768116,0.3006626019393428,0.305472163640396,11.817201892043911
7.973004442674831,0.3792753623188406,0.3142147898356635,0.314051899450203,11.732064010715185
7.973004442674831,0.3934782608695652,0.3281252069830004,0.322438667096994,11.636946490503671
7.973004442674831,0.4076811594202899,0.3424304748739337,0.3306372769945266,11.53180794028378
7.973004442674831,0.4218840579710145,0.3571704196114821,0.3386524118681355,11.41663321446257
7.973004442674831,0.4360869565217391,0.3723884881078619,0.3464886303132869,11.291432071571588
7.973004442674831,0.4502898550724638,0.3881322320875354,0.3541503702586792,11.156237679807225
7.973004442674831,0.4644927536231884,0.4044538641926856,0.3616419522974162,11.011105262067858
7.973004442674831,0.4786956521739131,0.4214109092352037,0.3689675829296224,10.85611086104444
7.973004442674831,0.4928985507246377,0.4390669593772993,0.3761313577407602,10.691350016969714
7.973004442674831,0.5071014492753623,0.4574925639656538,0.3831372644352975,10.516936635623075
7.973004442674831,0.521304347826087,0.4767662740403406,0.3899891858419484,10.333001810527
7.973004442674831,0.5355072463768116,0.4969758797423153,0.39669090280109,10.139692741444572
7.973004442674831,0.5497101449275362,0.5182198799797005,0.4032460969729707,9.937171710449588
7.973004442674831,0.5639130434782609,0.5406092410356738,0.4096583535749287,9.725615087682373
7.973004442674831,0.5781159420289855,0.5642695069527218,0.415931164049309,9.505212385717156
7.973004442674831,0.5923188405797102,0.589343353975982,0.4220679286202636,9.276165383425182
7.973004442674831,0.6065217391304348,0.615993693619361,0.4280719588246797,9.03868731526371
7.973004442674831,0.6207246376811595,0.6444074769333653,0.4339464799576744,8.793002111041956
7.973004442674831,0.634927536231884,0.67480038249638,0.4396946334206367,8.539343735524076
7.973004442674831,0.6491304347826087,0.7074226451480188,0.4453194790429216,8.277955585127355
7.973004442674831,0.6633333333333333,0.7425663579997326,0.4508239973312429,8.009090050690247
7.973004442674831,0.677536231884058,0.7805747045677645,0.4562110916233979,7.733008166886447
7.973004442674831,0.6917391304347826,0.8218537415598084,0.4614835902306035,7.449979475061847
7.973004442674831,0.7059420289855073,0.8668875980568131,0.4666442484776901,7.160282099140344
7.973004442674831,0.7201449275362319,0.9162582982797526,0.4716957507193227,6.864203146586071
7.973004442674831,0.7343478260869566,0.9706719482966588,0.4766407122693326,6.56203952927206
7.973004442674831,0.7485507246376812,1.0309937910362947,0.4814816812985971,6.254099390385637
7.973004442674831,0.7627536231884058,1.098295857234725,0.4862211406714292,5.940704423125081
7.973004442674831,0.7769565217391304,1.173922819265363,0.4908615097236686,5.622193484884375
7.973004442674831,0.7911594202898551,1.2595847150979662,0.495405146005141,5.29892824413756
7.973004442674831,0.8053623188405797,1.3574902714178942,0.4998543469565672,5.433126029987139
7.973004442674831,0.8195652173913044,1.4705431915914011,0.5042113515483757,5.784323142443905
7.973004442674831,0.833768115942029,1.602639067225612,0.5084783418742008,6.198559960497225
7.973004442674831,0.8479710144927537,1.7591287203552846,0.5126574446955713,6.693343018859519
7.973004442674831,0.8621739130434782,1.947568026546356,0.5167507329386523,7.293406730716368
7.973004442674831,0.8763768115942029,2.178984613725308,0.5207602271523873,8.034864330997284
7.973004442674831,0.8905797101449275,2.4701310764825046,0.5246878969318349,8.972591726276258
7.973004442674831,0.9047826086956522,2.8477547636319533,0.5285356622886326,10.194219835155216
7.973004442674831,0.9189855072463768,3.35735886279387,0.5323053949905031,11.848845294781515
7.973004442674831,0.9331884057971016,4.083138142269291,0.535998919853601,14.212361463392458
7.973004442674831,0.947391304347826,5.2002073002298665,0.5396180160141362,17.858615006122186
7.973004442674831,0.9615942028985508,7.142717130974202,0.5431644181452155,24.21033656092946
7.973004442674831,0.9757971014492756,11.36390076905654,0.5466398176493977,38.02987580024233
7.973004442674831,0.99,27.57304058121915,0.5500458638143417,91.13534741619056
8.235235162014998,0.01,0.0083813845396332,0.0111388102964272,67.55199063750767
8.235235162014998,0.0242028985507246,0.0201852707246011,0.0266369690235236,28.44886649435849
8.235235162014998,0.0384057971014492,0.0318824397164527,0.0417658219439966,18.27719232757337
8.235235162014998,0.0526086956521739,0.0434849815813574,0.0565349609824753,13.60520521593602
8.235235162014998,0.0668115942028985,0.0550050958930022,0.0709537034719366,11.546860869243565
8.235235162014998,0.0810144927536231,0.0664551531612799,0.0850311115465145,11.727963193561264
8.235235162014998,0.0952173913043478,0.0778477151570984,0.0987759996505869,11.86082766027194
8.235235162014998,0.1094202898550724,0.0891955764018554,0.1121969427773336,11.964773335830822
8.235235162014998,0.1236231884057971,0.1005118001044464,0.1253022808236937,12.050341565997734
8.235235162014998,0.1378260869565217,0.1118097604086762,0.1381001268869341,12.12321957587929
8.235235162014998,0.1520289855072464,0.1231031944902923,0.1505983735156728,12.186395211791105
8.235235162014998,0.166231884057971,0.1344062455461369,0.162804698372568,12.241339340879144
8.235235162014998,0.1804347826086956,0.1457335185023557,0.1747265708034957,12.288667584697944
8.235235162014998,0.1946376811594203,0.1571001426238597,0.1863712576660993,12.3285144408763
8.235235162014998,0.2088405797101449,0.1685218326414091,0.1977458288103001,12.360750652000172
8.235235162014998,0.2230434782608695,0.180014962488821,0.2088571630093721,12.385109719754931
8.235235162014998,0.2372463768115942,0.1915966441314482,0.2197119530639106,12.401262013219243
8.235235162014998,0.2514492753623188,0.2032848142790988,0.2303167112585437,12.40885896045871
8.235235162014998,0.2656521739130435,0.2150983322986647,0.2406777743446249,12.407558352447806
8.235235162014998,0.2798550724637681,0.2270570858740523,0.2508013085453994,12.397039286971056
8.235235162014998,0.2940579710144927,0.2391821128364153,0.2606933142804321,12.377009698319108
8.235235162014998,0.3082608695652174,0.2514957344861952,0.270359630947606,12.347210697144773
8.235235162014998,0.322463768115942,0.2640217078982221,0.2798059413545685,12.30741794579881
8.235235162014998,0.3366666666666666,0.2767853922502498,0.2890377761676518,12.257441797599364
8.235235162014998,0.3508695652173913,0.2898139422017328,0.2980605181059175,12.19712663182457
8.235235162014998,0.365072463768116,0.3031365231453942,0.3068794061762354,12.12634959171982
8.235235162014998,0.3792753623188406,0.316784556153431,0.3154995395930361,12.045019242538194
8.235235162014998,0.3934782608695652,0.3307919980291919,0.3239258817665997,11.953073931828277
8.235235162014998,0.4076811594202899,0.3451956581506966,0.3321632640517251,11.85048026763726
8.235235162014998,0.4218840579710145,0.3600355652339069,0.3402163893931419,11.737231612418146
8.235235162014998,0.4360869565217391,0.3753553870588016,0.3480898359484931,11.613346458518656
8.235235162014998,0.4502898550724638,0.3912029134059994,0.3557880605322235,11.478867057085068
8.235235162014998,0.4644927536231884,0.4076306183738578,0.3633154019833334,11.333857990318874
8.235235162014998,0.4786956521739131,0.4246963113552881,0.3706760844298256,11.178404871852065
8.235235162014998,0.4928985507246377,0.4424638991753811,0.3778742204803272,11.012613005832495
8.235235162014998,0.5071014492753623,0.4610042772184324,0.3849138142954627,10.83660622408814
8.235235162014998,0.521304347826087,0.4803963813297804,0.3917987645956565,10.65052567487684
8.235235162014998,0.5355072463768116,0.5007284289361292,0.3985328675667473,10.454528737714895
8.235235162014998,0.5497101449275362,0.5220993971410919,0.4051198196957893,10.248787935609084
8.235235162014998,0.5639130434782609,0.5446207893589877,0.4115632205260136,10.033489952226518
8.235235162014998,0.5781159420289855,0.5684187559446335,0.4178665753139132,9.808834649930038
8.235235162014998,0.5923188405797102,0.5936366590898082,0.4240332976576375,9.575034156137702
8.235235162014998,0.6065217391304348,0.6204381937751676,0.4300667119856214,9.33231205531834
8.235235162014998,0.6207246376811595,0.6490112067904136,0.4359700560438749,9.080902565943704
8.235235162014998,0.634927536231884,0.6795724096174753,0.4417464832668818,8.821049872942645
8.235235162014998,0.6491304347826087,0.7123732328921962,0.4473990650946429,8.553007500521254
8.235235162014998,0.6633333333333333,0.747707163886823,0.4529307932440815,8.277037805505127
8.235235162014998,0.677536231884058,0.7859190226970658,0.4583445818800656,7.993411606053463
8.235235162014998,0.6917391304347826,0.8274168006509801,0.4636432697598697,7.702407982519629
8.235235162014998,0.7059420289855073,0.8726869310220132,0.4688296222965021,7.404314270616544
8.235235162014998,0.7201449275362319,0.9223142072245596,0.4739063335783304,7.099426391661581
8.235235162014998,0.7343478260869566,0.9770080918212496,0.4788760283149733,6.788049526889587
8.235235162014998,0.7485507246376812,1.0376379396523494,0.4837412637440743,6.4704994045543485
8.235235162014998,0.7627536231884058,1.105280873789655,0.4885045314806307,6.147104355219284
8.235235162014998,0.7769565217391304,1.1812879516332224,0.4931682593058272,5.81820859407468
8.235235162014998,0.7911594202898551,1.2673773296729571,0.4977348129088482,5.484177344486302
8.235235162014998,0.8053623188405797,1.365768217936298,0.5022064975920767,5.415173147767342
8.235235162014998,0.8195652173913044,1.479378098991097,0.5065855599057549,5.764658340914432
8.235235162014998,0.833768115942029,1.6121210489236732,0.5108741892536309,6.176887981650246
8.235235162014998,0.8479710144927537,1.769373276348647,0.515074519446011,6.669285844404224
8.235235162014998,0.8621739130434782,1.9587265020347115,0.5191886302061582,7.2664694672805235
8.235235162014998,0.8763768115942029,2.191260666352188,0.5232185486412757,8.004381500263065
8.235235162014998,0.8905797101449275,2.4838078311524368,0.5271662506626826,8.937638697417308
8.235235162014998,0.9047826086956522,2.863242218916198,0.5310336623700882,10.153458198106216
8.235235162014998,0.9189855072463768,3.375282854438104,0.5348226613988285,11.800232700381354
8.235235162014998,0.9331884057971016,4.104523864472203,0.5385350782238586,14.15255304164082
8.235235162014998,0.947391304347826,5.226910558250077,0.542172697423446,17.7815567913138
8.235235162014998,0.9615942028985508,7.178653002236018,0.5457372589168472,24.103258069797526
8.235235162014998,0.9757971014492756,11.419877321261218,0.5492304591569195,37.85752431269545
8.235235162014998,0.99,27.70591902091984,0.552653952292498,90.71226272101738
8.506090603774432,0.01,0.0084551785430186,0.0111878325357859,67.55085785686957
8.506090603774432,0.0242028985507246,0.0203624968519052,0.0267542043318527,28.44768634614295
8.506090603774432,0.0384057971014492,0.0321615674538963,0.0419496588942585,18.275965903824872
8.506090603774432,0.0526086956521739,0.043864553968798,0.056783833154617,13.603927406366903
8.506090603774432,0.0668115942028985,0.0554837515810794,0.0712660909852281,11.625288695731587
8.506090603774432,0.0810144927536231,0.0670316092294966,0.0854055408330713,11.823133648991965
8.506090603774432,0.0952173913043478,0.0785207818252844,0.0992110407811961,11.972406174146933
8.506090603774432,0.1094202898550724,0.0899641422132757,0.1126912063274551,12.0923748472254
8.506090603774432,0.1236231884057971,0.1013748418243949,0.1258544189696926,12.193532694042904
8.506090603774432,0.1378260869565217,0.1127663450454226,0.1387088307289362,12.281520785125911
8.506090603774432,0.1520289855072464,0.1241524735385044,0.1512623718506701,12.359284846952812
8.506090603774432,0.166231884057971,0.1355474585350046,0.1635227566026209,12.428259873722707
8.506090603774432,0.1804347826086956,0.146965997405924,0.1754974897335544,12.489029809888123
8.506090603774432,0.1946376811594203,0.1584233094286902,0.1871938720539812,12.541703862267903
8.506090603774432,0.2088405797101449,0.1699352033697204,0.1986190064619833,12.586131931161386
8.506090603774432,0.2230434782608695,0.1815181498826386,0.2097798036236073,12.622031317355624
8.506090603774432,0.2372463768115942,0.1931893590292897,0.2206829870949342,12.649060177488591
8.506090603774432,0.2514492753623188,0.2049668704102454,0.2313350988469714,12.66686103060717
8.506090603774432,0.2656521739130435,0.2168696467547155,0.2417425043913418,12.67508575829592
8.506090603774432,0.2798550724637681,0.228917687758889,0.2519113976925312,12.673409857152942
8.506090603774432,0.2940579710144927,0.2411321454566989,0.2618478060421318,12.661539941974803
8.506090603774432,0.3082608695652174,0.25353546054764,0.271557594685511,12.639217521194038
8.506090603774432,0.322463768115942,0.2661515154176463,0.2810464715000632,12.60622017688024
8.506090603774432,0.3366666666666666,0.2790058030171119,0.2903199913058353,12.562361465272383
8.506090603774432,0.3508695652173913,0.2921256179320692,0.2993835602288545,12.50749011007667
8.506090603774432,0.365072463768116,0.3055402746593979,0.3082424398059246,12.4414885574584
8.506090603774432,0.3792753623188406,0.3192813541685585,0.3169017511098613,12.364271431777809
8.506090603774432,0.3934782608695652,0.3333829825995262,0.3253664786053148,12.275783923205672
8.506090603774432,0.4076811594202899,0.3478821528464544,0.3336414740024505,12.176000039507866
8.506090603774432,0.4218840579710145,0.3628190913231065,0.3417314599193957,12.06492106863815
8.506090603774432,0.4360869565217391,0.3782376784823036,0.3496410335290488,11.942573902499674
8.506090603774432,0.4502898550724638,0.3941859366646371,0.3573746699913999,11.809009621258085
8.506090603774432,0.4644927536231884,0.4107165934939394,0.3649367258886533,11.664301950319691
8.506090603774432,0.4786956521739131,0.4278877358461205,0.3723314424892525,11.50854595022782
8.506090603774432,0.4928985507246377,0.445763575124999,0.379562948935545,11.34185665548908
8.506090603774432,0.5071014492753623,0.4644153439148057,0.3866352653937762,11.164367827158673
8.506090603774432,0.521304347826087,0.4839223505363067,0.3935523060263911,10.976230735498604
8.506090603774432,0.5355072463768116,0.5043732286089394,0.4003178819319183,10.777613063081182
8.506090603774432,0.5497101449275362,0.5258674196659489,0.4069357040183627,10.568697743750288
8.506090603774432,0.5639130434782609,0.5485169487734065,0.4134093857356667,10.349681980882384
8.506090603774432,0.5781159420289855,0.5724485549343736,0.419742445789741,10.120776210800424
8.506090603774432,0.5923188405797102,0.597806267733248,0.4259383107523105,9.88220320481983
8.506090603774432,0.6065217391304348,0.6247545419762889,0.4320003175986315,9.634197174165958
8.506090603774432,0.6207246376811595,0.6534820960704283,0.4379317161757898,9.377002983877547
8.506090603774432,0.634927536231884,0.6842066434692903,0.443735671612984,9.11087539432902
8.506090603774432,0.6491304347826087,0.717180777174185,0.44941526663465,8.83607843612024
8.506090603774432,0.6633333333333333,0.7526993390475781,0.4549735038503091,8.552884845088656
8.506090603774432,0.677536231884058,0.7911087385739951,0.4604133079572253,8.261575661367608
8.506090603774432,0.6917391304347826,0.832818846762537,0.4657375278602539,7.962439961679937
8.506090603774432,0.7059420289855073,0.8783183350690786,0.4709489387870359,7.655774794976941
8.506090603774432,0.7201449275362319,0.928194686806036,0.4760502442826688,7.341885420920334
8.506090603774432,0.7343478260869566,0.9831606256711038,0.4810440781958685,7.021085876506796
8.506090603774432,0.7485507246376812,1.044089500756912,0.4859330065800054,6.693700093124484
8.506090603774432,0.7627536231884058,1.1120633822712498,0.4907195295576426,6.360063755693931
8.506090603774432,0.7769565217391304,1.1884395301734128,0.4954060831159771,6.020527256132508
8.506090603774432,0.7911594202898551,1.2749439874140909,0.4999950408745212,5.6754603563548764
8.506090603774432,0.8053623188405797,1.3738061479904071,0.5044887157713155,5.397871510486722
8.506090603774432,0.8195652173913044,1.4879568809425223,0.508889361731635,5.745708671739395
8.506090603774432,0.833768115942029,1.6213282183897502,0.5131991752727718,6.156006105399286
8.506090603774432,0.8479710144927537,1.7793210305954923,0.5174202970633018,6.646107933242015
8.506090603774432,0.8621739130434782,1.9695618602042124,0.5215548134417084,7.240519207823898
8.506090603774432,0.8763768115942029,2.2031814666735987,0.5256047578946189,7.975018401264373
8.506090603774432,0.8905797101449275,2.497089109489418,0.529572112481536,8.903972844631232
8.506090603774432,0.9047826086956522,2.8782822628721534,0.5334588092331031,10.114201438609348
8.506090603774432,0.9189855072463768,3.3926896253985546,0.5372667314970758,11.753419374201806
8.506090603774432,0.9331884057971016,4.125293280403901,0.5409977152551985,14.094963883559968
8.506090603774432,0.947391304347826,5.252845431256856,0.544653550390146,17.707365169671043
8.506090603774432,0.9615942028985508,7.213556619835121,0.5482359819343271,24.00017305719114
8.506090603774432,0.9757971014492756,11.474249149985784,0.5517467112626405,37.69161700407432
8.506090603774432,0.99,27.83499673766388,0.5551873972615509,90.30503734701796
8.785854433562553,0.01,0.0085269319015884,0.0112353020635279,67.5496788453504
8.785854433562553,0.0242028985507246,0.020534815176682,0.0268677060404812,28.446551284957952
8.785854433562553,0.0384057971014492,0.0324329490729502,0.0421276430078537,18.27477830073215
8.785854433562553,0.0526086956521739,0.0442335798410709,0.0570247820454833,13.602690613194731
8.785854433562553,0.0668115942028985,0.0559490913318345,0.0715685358803682,11.702512988377364
8.785854433562553,0.0810144927536231,0.0675920140998314,0.085768055557397,11.917126251138532
8.785854433562553,0.0952173913043478,0.0791750811446876,0.0996322412298619,12.082917297464595
8.785854433562553,0.1094202898550724,0.0907112521172913,0.1131697499559027,12.219090275259552
8.785854433562553,0.1236231884057971,0.1022137646759947,0.1263890020325214,12.33607915421934
8.785854433562553,0.1378260869565217,0.1136961637976532,0.1392981879014563,12.439469006654765
8.785854433562553,0.1520289855072464,0.1251723585918975,0.1519052745957195,12.532154675984817
8.785854433562553,0.166231884057971,0.13665666563324,0.1642180118843863,12.615526110242632
8.785854433562553,0.1804347826086956,0.148163870288628,0.1762439387656096,12.690128918902532
8.785854433562553,0.1946376811594203,0.1597092810616446,0.1879903893382024,12.756039854186678
8.785854433562553,0.2088405797101449,0.1713087981112823,0.199464498661833,12.813082480567456
8.785854433562553,0.2230434782608695,0.1829789846888074,0.2106732081585212,12.860952718025242
8.785854433562553,0.2372463768115942,0.1947371480439704,0.2216232714200716,12.899291887200157
8.785854433562553,0.2514492753623188,0.2066014261201294,0.2323212593342593,12.927729708662294
8.785854433562553,0.2656521739130435,0.2185908856815645,0.2427735653509972,12.94590875961695
8.785854433562553,0.2798550724637681,0.2307256310546845,0.2529864104057212,12.953497967055531
8.785854433562553,0.2940579710144927,0.2430269268700498,0.2629658478353083,12.950200006488304
8.785854433562553,0.3082608695652174,0.2555173308177921,0.2727177681258759,12.935754528581414
8.785854433562553,0.322463768115942,0.2682208464793185,0.2822479034729802,12.909939037916802
8.785854433562553,0.3366666666666666,0.281163096501998,0.2915618322116371,12.872568773856088
8.785854433562553,0.3508695652173913,0.2943715121462752,0.3006649831658811,12.823495282456909
8.785854433562553,0.365072463768116,0.3078755525049383,0.3095626398463994,12.7626050963861
8.785854433562553,0.3792753623188406,0.3217069531863294,0.3182599445200101,12.689817925759186
8.785854433562553,0.3934782608695652,0.3359000060822106,0.3267619021392145,12.605084867256211
8.785854433562553,0.4076811594202899,0.3504918815047106,0.3350733841951975,12.508386690898142
8.785854433562553,0.4218840579710145,0.3655229983437615,0.3431991324324857,12.399731993418714
8.785854433562553,0.4360869565217391,0.3810374439558348,0.3511437624914144,12.27915568023322
8.785854433562553,0.4502898550724638,0.3970834668251793,0.3589117673767152,12.146717213077125
8.785854433562553,0.4644927536231884,0.4137140399506372,0.3665075209190463,12.00249925537739
8.785854433562553,0.4786956521739131,0.4309875198555498,0.3739352810134235,11.846606118681736
8.785854433562553,0.4928985507246377,0.4489684149239307,0.3811991929149883,11.679162457200391
8.785854433562553,0.5071014492753623,0.4677282839524755,0.388303292318465,11.500311948698874
8.785854433562553,0.521304347826087,0.4873467982688703,0.395251508392114,11.31021601651035
8.785854433562553,0.5355072463768116,0.5079129951244651,0.4020476667414133,11.109052702803798
8.785854433562553,0.5497101449275362,0.5295267674624289,0.4086954922720715,10.897015499760109
8.785854433562553,0.5639130434782609,0.5523006467948482,0.4151986119544052,10.674312280545523
8.785854433562553,0.5781159420289855,0.576361944231588,0.4215605575743512,10.441164288747196
8.785854433562553,0.5923188405797102,0.6018553373586278,0.4277847683013385,10.197805182343124
8.785854433562553,0.6065217391304348,0.6289460197091777,0.4338745933033816,9.94448009535955
8.785854433562553,0.6207246376811595,0.6578235551123889,0.4398332941891179,9.68144483263365
8.785854433562553,0.634927536231884,0.688706631777419,0.445664047443406,9.4089650934862
8.785854433562553,0.6491304347826087,0.7218489707214364,0.4513699467689167,9.127315766971694
8.785854433562553,0.6633333333333333,0.757546729774636,0.4569540053666835,8.836780380431096
8.785854433562553,0.677536231884058,0.7961478628852364,0.4624191581511284,8.537650608619577
8.785854433562553,0.6917391304347826,0.8380640659071087,0.467768263907895,8.230225982465537
8.785854433562553,0.7059420289855073,0.8837861854351208,0.4730041073845081,7.914813750049126
8.785854433562553,0.7201449275362319,0.9339043168306376,0.4781294013341915,7.591729016998819
8.785854433562553,0.7343478260869566,0.9891343518393676,0.4831467884818159,7.2612952422991075
8.785854433562553,0.7485507246376812,1.0503535194353506,0.4880588434497366,6.92384517648187
8.785854433562553,0.7627536231884058,1.118648694617578,0.4928680746317765,6.579722540335827
8.785854433562553,0.7769565217391304,1.1953831628579568,0.4975769259987414,6.2292846894844525
8.785854433562553,0.7911594202898551,1.282290627520382,0.5021877788670042,5.872906845895551
8.785854433562553,0.8053623188405797,1.3816103750543354,0.5067029536099996,5.510988786606853
8.785854433562553,0.8195652173913044,1.49628627674436,0.5111247113200605,5.727445116729474
8.785854433562553,0.833768115942029,1.6302678071500345,0.5154552554312832,6.135882137669678
8.785854433562553,0.8479710144927537,1.788979791148979,0.519696733282277,6.623773308971396
8.785854433562553,0.8621739130434782,1.980082596219629,0.5238512376493482,7.215515400574926
8.785854433562553,0.8763768115942029,2.2147563445509464,0.5279208082218141,7.94672883657077
8.785854433562553,0.8905797101449275,2.509985282396604,0.5319074330430786,8.871540842674321
8.785854433562553,0.9047826086956522,2.8928866045510624,0.5358130499142739,10.076386952981498
8.785854433562553,0.9189855072463768,3.409592677509351,0.5396395477431583,11.708330157222852
8.785854433562553,0.9331884057971016,4.145462427019286,0.5433887678715832,14.039500900486573
8.785854433562553,0.947391304347826,5.2780318373485935,0.5470625053500457,17.635919404947774
8.785854433562553,0.9615942028985508,7.247454619648332,0.5506625101819469,23.9009126323686
8.785854433562553,0.9757971014492756,11.527057438548692,0.5541904885402867,37.53188021850239
8.785854433562553,0.99,27.960370653052355,0.5576481039264765,89.91299505543152
9.074819646700972,0.01,0.0085966969718553,0.0112812624378099,67.54857841941167
9.074819646700972,0.0242028985507246,0.0207023334108046,0.0269775989421359,28.445443580469107
9.074819646700972,0.0384057971014492,0.0326967572302762,0.0422999591227496,18.273628324300837
9.074819646700972,0.0526086956521739,0.0445923030372353,0.0572580612029482,13.60149436321344
9.074819646700972,0.0668115942028985,0.0564014211671246,0.0718613540079213,11.778522787927066
9.074819646700972,0.0810144927536231,0.0681367310846599,0.0861190338131895,12.0099202630491
9.074819646700972,0.0952173913043478,0.0798110423670828,0.1000400412292401,12.192325479064952
9.074819646700972,0.1094202898550724,0.0914374014638423,0.1136330726953604,12.344870589409512
9.074819646700972,0.1236231884057971,0.1030291229000212,0.1269065874055463,12.477919434278492
9.074819646700972,0.1378260869565217,0.1145998359475471,0.139868812501206,12.59699232361072
9.074819646700972,0.1520289855072464,0.1261635319203599,0.1525277508621912,12.704923514037027
9.074819646700972,0.166231884057971,0.1377346129247446,0.1648911868842145,12.803050029293878
9.074819646700972,0.1804347826086956,0.1493279466372915,0.1769666929471054,12.891871760895656
9.074819646700972,0.1946376811594203,0.1609589304801719,0.188761635451086,12.97142639944118
9.074819646700972,0.2088405797101449,0.1726435528521223,0.2002831805294268,13.041505182891212
9.074819646700972,0.2230434782608695,0.1843984679829964,0.2115382998399459,13.101777380706505
9.074819646700972,0.2372463768115942,0.1962410767515144,0.2225337760268217,13.151863101902102
9.074819646700972,0.2514492753623188,0.2081896128565975,0.2332762081117203,13.191374953474789
9.074819646700972,0.2656521739130435,0.2202632438675231,0.2437720166511612,13.219942613808144
9.074819646700972,0.2798550724637681,0.2324821782540823,0.2540274488799425,13.237225372563744
9.074819646700972,0.2940579710144927,0.244867786804169,0.2640485834309765,13.242919127106774
9.074819646700972,0.3082608695652174,0.2574427417410297,0.2738413353261133,13.2367593489863
9.074819646700972,0.322463768115942,0.2702311664997008,0.2834114603786302,13.218521467435009
9.074819646700972,0.3366666666666666,0.2832588073234682,0.2927645598055152,13.18802041852242
9.074819646700972,0.3508695652173913,0.2965532288000536,0.3019060845157399,13.145109118966758
9.074819646700972,0.365072463768116,0.3101440317285494,0.3108413393354027,13.089676848988786
9.074819646700972,0.3792753623188406,0.3240631014854434,0.3195754871422278,13.021647247818276
9.074819646700972,0.3934782608695652,0.338344890541599,0.3281135527961742,12.94097640473158
9.074819646700972,0.4076811594202899,0.3530267428302069,0.3364604270244097,12.84765095501341
9.074819646700972,0.4218840579710145,0.3681492620379136,0.3446208701603959,12.741686229472547
9.074819646700972,0.4360869565217391,0.3837567380680425,0.3525995157838507,12.623124501845282
9.074819646700972,0.4502898550724638,0.3998976386706585,0.3604008742462491,12.492033323437834
9.074819646700972,0.4644927536231884,0.4166251756416296,0.3680293361229822,12.34850384613607
9.074819646700972,0.4786956521739131,0.4339979673236109,0.3754891754978391,12.1926494642837
9.074819646700972,0.4928985507246377,0.4520808092420185,0.3827845532570664,12.02460427274814
9.074819646700972,0.5071014492753623,0.4709455792037578,0.3899195201866366,11.844521756063118
9.074819646700972,0.521304347826087,0.4906723004414048,0.3968980200432816,11.652573496606118
9.074819646700972,0.5355072463768116,0.5113504013002794,0.4037238925233368,11.448947918607722
9.074819646700972,0.5497101449275362,0.5330802141642478,0.4104008761303293,11.233849169387684
9.074819646700972,0.5639130434782609,0.5559747623003889,0.4169326109899206,11.007495946133908
9.074819646700972,0.5781159420289855,0.5801619121638103,0.423322641558141,10.770120472618844
9.074819646700972,0.5923188405797102,0.6057869712349039,0.4295744192883817,10.521967504681596
9.074819646700972,0.6065217391304348,0.6330158501710123,0.4356913051698586,10.263293372810756
9.074819646700972,0.6207246376811595,0.6620389339291918,0.441676572243324,9.994365113527673
9.074819646700972,0.634927536231884,0.693075857487644,0.447533408039204,9.715459673374871
9.074819646700972,0.6491304347826087,0.7263814378464982,0.4532649169081583,9.426863174136097
9.074819646700972,0.6633333333333333,0.7622531108464188,0.4588741223516149,9.12887029948094
9.074819646700972,0.677536231884058,0.8010403299426196,0.4643639692093615,8.821783792973934
9.074819646700972,0.6917391304347826,0.8431565642385753,0.4697373258719841,8.505914055005222
9.074819646700972,0.7059420289855073,0.8890947720210364,0.4749969863381479,8.181579012244917
9.074819646700972,0.7201449275362319,0.93944758676269,0.4801456723028346,7.849104124940906
9.074819646700972,0.7343478260869566,0.9949339764303272,0.4851860351142749,7.508822810904358
9.074819646700972,0.7485507246376812,1.0564349384785696,0.4901206577294768,7.161077241898304
9.074819646700972,0.7627536231884058,1.125042014737261,0.494952056578044,6.806219833417699
9.074819646700972,0.7769565217391304,1.2021243432164246,0.4996826833869973,6.444615655107965
9.074819646700972,0.7911594202898551,1.2894230672972438,0.504314926959671,6.076646277687958
9.074819646700972,0.8053623188405797,1.3891870812682678,0.5088511148901087,5.702715855786229
9.074819646700972,0.8195652173913044,1.5043728855470628,0.5132935152453983,5.70984004378637
9.074819646700972,0.833768115942029,1.6389468953614326,0.5176443381784502,6.116485429616953
9.074819646700972,0.8479710144927537,1.7983572025880634,0.5219057375127973,6.602247733318954
9.074819646700972,0.8621739130434782,1.9902970266732067,0.52607981228521,7.191419462238766
9.074819646700972,0.8763768115942029,2.2259944343544884,0.5301686082163684,7.919468865940784
9.074819646700972,0.8905797101449275,2.5225065034670195,0.5341741191720273,8.840291984587164
9.074819646700972,0.9047826086956522,2.907066709298877,0.5380982885609628,10.039955230668404
9.074819646700972,0.9189855072463768,3.4260052329820136,0.5419430107016538,11.664893622855391
9.074819646700972,0.9331884057971016,4.165047013795772,0.5457101321525757,13.986075657591924
9.074819646700972,0.947391304347826,5.302489292429983,0.549401452987489,17.567104829058483
9.074819646700972,0.9615942028985508,7.280373108432964,0.5530187280570883,23.805316439547955
9.074819646700972,0.9757971014492756,11.578342569530722,0.5565636681983082,37.37805420702455
9.074819646700972,0.99,28.082135853481088,0.5600379414069993,89.53549416342571
9.373288875076108,0.01,0.0086644922788866,0.0113257539561529,67.54743681372595
9.373288875076108,0.0242028985507246,0.0208651583981677,0.0270839892094684,28.444376718284524
9.373288875076108,0.0384057971014492,0.0329531695891033,0.0424667893344441,18.27251545435624
9.373288875076108,0.0526086956521739,0.0449409580892443,0.0574839133029036,13.600337175878511
9.373288875076108,0.0668115942028985,0.056841041070417,0.0721448520896975,11.85331142574033
9.373288875076108,0.0810144927536231,0.0686661237788375,0.0864588427483492,12.10149351805779
9.373288875076108,0.0952173913043478,0.0804290944204467,0.1004348665272427,12.300595560516124
9.373288875076108,0.1094202898550724,0.0921430787605571,0.1140816587088747,12.469667108603348
9.373288875076108,0.1236231884057971,0.1038214690593417,0.1274077150522805,12.61899322845982
9.373288875076108,0.1378260869565217,0.1154779766977467,0.1404212992277271,12.754018471200125
9.373288875076108,0.1520289855072464,0.1271266705679907,0.1531304487425565,12.8775097629609
9.373288875076108,0.166231884057971,0.1387820374373753,0.1655429815718165,12.990742413734576
9.373288875076108,0.1804347826086956,0.1504590283585714,0.1776665027684568,13.094163250368451
9.373288875076108,0.1946376811594203,0.16217312257228,0.1895084100002333,13.18776467792661
9.373288875076108,0.2088405797101449,0.1739403949423524,0.2010758997418037,13.271299395366242
9.373288875076108,0.2230434782608695,0.1857775905641548,0.2123759728716469,13.344404844107064
9.373288875076108,0.2372463768115942,0.1977021994509446,0.2234154404201585,13.406674801510162
9.373288875076108,0.2514492753623188,0.2097325500345336,0.2342009286511312,13.457700998409232
9.373288875076108,0.2656521739130435,0.2218879052204792,0.2447388845905176,13.497096173716294
9.373288875076108,0.2798550724637681,0.2341885760484915,0.2550355809451238,13.524506803108697
9.373288875076108,0.2940579710144927,0.2466560385513921,0.2650971210093991,13.539619185473711
9.373288875076108,0.3082608695652174,0.2593130739314524,0.2749294435750753,13.542161916738875
9.373288875076108,0.322463768115942,0.2721839213884401,0.2845383274737753,13.53190613743659
9.373288875076108,0.3366666666666666,0.2852944501036856,0.2939293961260001,13.508664596640658
9.373288875076108,0.3508695652173913,0.2986723526820634,0.3031081218890358,13.47228990902523
9.373288875076108,0.365072463768116,0.3123473672462519,0.3120798303541988,13.4226725711276
9.373288875076108,0.3792753623188406,0.3263515246015139,0.3208497044012894,13.359738935451688
9.373288875076108,0.3934782608695652,0.3407194342900312,0.3294227882506108,13.283449029899892
9.373288875076108,0.4076811594202899,0.3554886072011688,0.3378039913228303,13.193794451485749
9.373288875076108,0.4218840579710145,0.3706998286618351,0.3459980919793159,13.090796493553976
9.373288875076108,0.4360869565217391,0.3863975849326385,0.3540097412689385,12.974504202094169
9.373288875076108,0.4502898550724638,0.4026305551001775,0.3618434663854545,12.844992614522017
9.373288875076108,0.4644927536231884,0.4194521842847323,0.3695036741641858,12.70236106251977
9.373288875076108,0.4786956521739131,0.4369213449993668,0.3769946544309687,12.546731671476516
9.373288875076108,0.4928985507246377,0.455103112231899,0.3843205832482655,12.378247764684597
9.373288875076108,0.5071014492753623,0.4740696720881651,0.3914855260797085,12.197072521409718
9.373288875076108,0.521304347826087,0.4939013901736128,0.3984934408450812,12.003387563419428
9.373288875076108,0.5355072463768116,0.514688076027354,0.4053481809254947,11.797391732632745
9.373288875076108,0.5497101449275362,0.5365304868267597,0.4120534980451289,11.579299844472247
9.373288875076108,0.5639130434782609,0.5595421248088277,0.4186130450989733,11.349341536891112
9.373288875076108,0.5781159420289855,0.5838513951184131,0.4250303788705572,11.107760171678487
9.373288875076108,0.5923188405797102,0.6096042172392586,0.4313089627200934,10.854811793208802
9.373288875076108,0.6065217391304348,0.636967198063416,0.4374521691345305,10.590764148317977
9.373288875076108,0.6207246376811595,0.666131521011591,0.4434632822648533,10.31589579270977
9.373288875076108,0.634927536231884,0.6973177390781401,0.4493455003607411,10.030495211395973
9.373288875076108,0.6491304347826087,0.7307817347737721,0.4551019381295995,9.734860096313676
9.373288875076108,0.6633333333333333,0.7668221842561315,0.4607356290614355,9.42929666729468
9.373288875076108,0.677536231884058,0.8057899979959137,0.4662495276630842,9.114119098404716
9.373288875076108,0.6917391304347826,0.8481003666795126,0.4716465116301892,8.789649119836014
9.373288875076108,0.7059420289855073,0.8942483004963173,0.4769293839634051,8.456215770196991
9.373288875076108,0.7201449275362319,0.9448288961030724,0.48210087504395,8.11415536968637
9.373288875076108,0.7343478260869566,1.0005641104494225,0.4871636445992909,7.763811815935487
9.373288875076108,0.7485507246376812,1.0623385999923105,0.4921202836806331,7.405537281191994
9.373288875076108,0.7627536231884058,1.131248439652239,0.4969733165231459,7.039693519177892
9.373288875076108,0.7769565217391304,1.2086684504896108,0.501725202393172,6.666654038417515
9.373288875076108,0.7911594202898551,1.2963470018302337,0.5063783373680107,6.2868075897074025
9.373288875076108,0.8053623188405797,1.3965423187253865,0.5109350560608831,5.900563723268307
9.373288875076108,0.8195652173913044,1.5122231669934696,0.5153976333099728,5.69286712442487
9.373288875076108,0.833768115942029,1.647372413554777,0.519768285801289,6.097786788781439
9.373288875076108,0.8479710144927537,1.8074607470708888,0.5240491736677486,6.581498602144845
9.373288875076108,0.8621739130434782,2.0002132916848097,0.5282424020228542,7.168194662716018
9.373288875076108,0.8763768115942029,2.236904676696383,0.5323500224548816,7.89319667106396
9.373288875076108,0.8905797101449275,2.534662711994528,0.53637403448661,8.810178027780767
9.373288875076108,0.9047826086956522,2.9208338012517845,0.5403163869804347,10.004849668205727
9.373288875076108,0.9189855072463768,3.4419402382800666,0.5441789795191209,11.623041854666704
9.373288875076108,0.9331884057971016,4.18406242458233,0.547963663730054,13.934604086349925
9.373288875076108,0.947391304347826,5.32623691330466,0.5516722445782736,17.50081246730148
9.373288875076108,0.9615942028985508,7.31233766751228,0.5553064816218314,23.71323212914744
9.373288875076108,0.9757971014492756,11.628144128674506,0.5588680902375149,37.22989226061706
9.373288875076108,0.99,28.200385593531863,0.5623587427976998,89.17192537448632
9.681574704084095,0.01,0.0087303825202632,0.0113688153150055,67.54649988041174
9.681574704084095,0.0242028985507246,0.0210233964839254,0.027186991202509,28.44333965832127
9.681574704084095,0.0384057971014492,0.0332023590699906,0.0426283097700407,18.27143746722931
9.681574704084095,0.0526086956521739,0.0452797741545561,0.057702575910062,13.599215316565482
9.681574704084095,0.0668115942028985,0.0572682455904223,0.0724193264264099,11.926872725123634
9.681574704084095,0.0810144927536231,0.0691805518486812,0.0867878380253469,12.191827277660042
9.681574704084095,0.0952173913043478,0.0810296588411638,0.1008171300679114,12.40769509184549
9.681574704084095,0.1094202898550724,0.0928287678482626,0.1145159760511027,12.593433891322086
9.681574704084095,0.1236231884057971,0.1045913488605404,0.1278929076899646,12.759240257007017
9.681574704084095,0.1378260869565217,0.1163311922545593,0.140956223711513,12.910476331797618
9.681574704084095,0.1520289855072464,0.1280624453041352,0.1537139954601046,13.049831651762249
9.681574704084095,0.166231884057971,0.1397996727808565,0.1661740737390576,13.17851307146666
9.681574704084095,0.1804347826086956,0.1515579075061609,0.178344094994056,13.296906997012258
9.681574704084095,0.1946376811594203,0.1633527113527102,0.1902314875236014,13.404953556239969
9.681574704084095,0.2088405797101449,0.1752002432253676,0.2018434771128356,13.50236131887809
9.681574704084095,0.2230434782608695,0.1871173333040475,0.2131870933078561,13.58873028966578
9.681574704084095,0.2372463768115942,0.1991215588586428,0.2242691745654599,13.663623264622544
9.681574704084095,0.2514492753623188,0.211231341241957,0.2350963736956445,13.72660654828063
9.681574704084095,0.2656521739130435,0.2234660394003444,0.245675163366007,13.777272236280693
9.681574704084095,0.2798550724637681,0.2358460587509024,0.2560118411199408,13.815250384032078
9.681574704084095,0.2940579710144927,0.2483929791927257,0.2661125341836675,13.840214649888097
9.681574704084095,0.3082608695652174,0.2611296893359819,0.2759832045068624,13.851884187928432
9.681574704084095,0.322463768115942,0.2740805402767883,0.2856296532066593,13.850023439458305
9.681574704084095,0.3366666666666666,0.2872715199183599,0.295057525359675,13.834440839389384
9.681574704084095,0.3508695652173913,0.3007304460072269,0.3042723141399215,13.804986884218106
9.681574704084095,0.365072463768116,0.3144871895012437,0.3132793652869944,13.761551806078783
9.681574704084095,0.3792753623188406,0.3285739231719642,0.3220838811500996,13.704063216218472
9.681574704084095,0.3934782608695652,0.3430254083920742,0.3306909247416965,13.632483881937535
9.681574704084095,0.4076811594202899,0.3578793194719476,0.3391054236287257,13.546809392403125
9.681574704084095,0.4218840579710145,0.3731766168746609,0.3473321737411625,13.447066125686304
9.681574704084095,0.4360869565217391,0.3889619766946887,0.3553758430581137,13.333309184404056
9.681574704084095,0.4502898550724638,0.4052842870174837,0.3632409751496673,13.2056204996461
9.681574704084095,0.4644927536231884,0.422197215993812,0.3709319926601079,13.064107134247273
9.681574704084095,0.4786956521739131,0.4397598845492531,0.37845320068676,12.90889953376691
9.681574704084095,0.4928985507246377,0.458037638358562,0.3858087900510767,12.740149980584206
9.681574704084095,0.5071014492753623,0.4771029635815067,0.3930028404575005,12.558031104756894
9.681574704084095,0.521304347826087,0.497036558489664,0.4000393235904048,12.362734509731371
9.681574704084095,0.5355072463768116,0.5179286016076109,0.4069221061318969,12.154469345070074
9.681574704084095,0.5497101449275362,0.5398802642463324,0.4136549526469214,11.933461130982376
9.681574704084095,0.5639130434782609,0.5630055126851412,0.420241528424449,11.699950499077673
9.681574704084095,0.5781159420289855,0.5874332759824296,0.4266854022348589,11.454192053472031
9.681574704084095,0.5923188405797102,0.6133100671856309,0.4329900489859613,11.196453290028566
9.681574704084095,0.6065217391304348,0.6408031697744109,0.439158852354493,10.927013589195957
9.681574704084095,0.6207246376811595,0.6701045421128502,0.445195107268189,10.646163247086369
9.681574704084095,0.634927536231884,0.701435629381361,0.4511020223872687,10.35420259460475
9.681574704084095,0.6491304347826087,0.7350533480614974,0.4568827224877881,10.051441194839004
9.681574704084095,0.6633333333333333,0.7712575794921401,0.4625402507595245,9.73819713661857
9.681574704084095,0.677536231884058,0.8104006485839409,0.4680775710856769,9.414796426417784
9.681574704084095,0.6917391304347826,0.8528994183527612,0.4734975702168597,9.08157252161303
9.681574704084095,0.7059420289855073,0.8992508900493462,0.4788030598946944,8.738866015155095
9.681574704084095,0.7201449275362319,0.950052554552244,0.4839967789229877,8.387024559432803
9.681574704084095,0.7343478260869566,1.0060292692598634,0.4890813951838056,8.026403059591786
9.681574704084095,0.7485507246376812,1.068069245714581,0.4940595075829857,7.657364236077026
9.681574704084095,0.7627536231884058,1.1372729593113515,0.4989336479410214,7.280279807893677
9.681574704084095,0.7769565217391304,1.2150207507959552,0.5037062828521114,6.895532410074787
9.681574704084095,0.7911594202898551,1.3030680057280364,0.5083798154530791,6.503518781738515
9.681574704084095,0.8053623188405797,1.403682011136217,0.5129565871784947,6.104654828329434
9.681574704084095,0.8195652173913044,1.5198434425316554,0.5174388794440289,5.699383759363331
9.681574704084095,0.833768115942029,1.655551143897509,0.5218289152892374,6.079758394667779
9.681574704084095,0.8479710144927537,1.8162977460339895,0.5261288609679411,6.561494851131626
9.681574704084095,0.8621739130434782,2.009839356483696,0.5303408275030408,7.14580601618958
9.681574704084095,0.8763768115942029,2.2474958202480275,0.5344668721841019,7.867872430289172
9.681574704084095,0.8905797101449275,2.546463634369502,0.5385090000312702,8.781153045215781
9.681574704084095,0.9047826086956522,2.9341988656426583,0.542469165213406,9.9710163950948
9.681574704084095,0.9189855072463768,3.457410365772468,0.5463492724217964,11.582710232172571
9.681574704084095,0.9331884057971016,4.202523721096957,0.5501511782134045,13.8850062224132
9.681574704084095,0.947391304347826,5.349293421155606,0.5538766923084116,17.436938694706804
9.681574704084095,0.9615942028985508,7.343373356079002,0.5575275788444507,23.624514869167463
9.681574704084095,0.9757971014492756,11.67650090789821,0.5611055576146404,37.08715990672385
9.681574704084095,0.99,28.31521130025916,0.564612305243822,88.82170977609655
10.0,0.01,0.0087944191821055,0.0114105106745394,67.54558992470972
10.0,0.0242028985507246,0.0211771689966372,0.0272867159239561,28.442342589750726
10.0,0.0384057971014492,0.0334444981238982,0.0427846876585785,18.27039562032152
10.0,0.0526086956521739,0.045608991478994,0.0579142768329227,13.598130151151787
10.0,0.0668115942028985,0.0576833322376846,0.0726850646391159,11.999200355356184
10.0,0.0810144927536231,0.069680375737351,0.0871063635128144,12.280904578838804
10.0,0.0952173913043478,0.0816131544317326,0.1011872314907886,12.51359275977875
10.0,0.1094202898550724,0.0934949497667639,0.1149364784372931,12.716124904406282
10.0,0.1236231884057971,0.1053393049659715,0.1283626715690988,12.898602192865734
10.0,0.1378260869565217,0.1171600873189554,0.1414741437467606,13.066294818816896
10.0,0.1520289855072464,0.1289715188698187,0.1542789988375169,13.22180745330188
10.0,0.166231884057971,0.1407882433412704,0.1667851196802699,13.366271140092756
10.0,0.1804347826086956,0.1526253702822879,0.1790001734557494,13.500004654073784
10.0,0.1946376811594203,0.1644985445171371,0.1909316179584163,13.622889532019684
10.0,0.2088405797101449,0.1764240046249145,0.2025867078172097,13.734583962940215
10.0,0.2230434782608695,0.188418663073657,0.2139725000461264,13.83464521858004
10.0,0.2372463768115942,0.2005001855049467,0.2250958598879974,13.922600104857532
10.0,0.2514492753623188,0.2126870806443026,0.2359634660429357,13.99798493375016
10.0,0.2656521739130435,0.2249987982528908,0.2465818161279828,14.060367289123832
10.0,0.2798550724637681,0.2374558410954693,0.2569572316394388,14.109357229922802
10.0,0.2940579710144927,0.2500798882621852,0.2670958632409811,14.14461261659672
10.0,0.3082608695652174,0.2628939317419627,0.2770036952176274,14.165840214594851
10.0,0.322463768115942,0.2759224312995485,0.2866865505415303,14.172795303700957
10.0,0.3366666666666666,0.2891914900726183,0.2961500951462519,14.165279880314332
10.0,0.3508695652173913,0.3027290480553782,0.3053998425429878,14.143140297746664
10.0,0.365072463768116,0.3165651051469642,0.314441158021099,14.106264736797876
10.0,0.3792753623188406,0.3307319716854129,0.3232792628319924,14.054580715906075
10.0,0.3934782608695652,0.3452645574570444,0.3319192382481,13.988052371203931
10.0,0.4076811594202899,0.3602006936168067,0.3403660294944888,13.906678181288273
10.0,0.4218840579710145,0.3755815126915118,0.3486244495452679,13.810488650897073
10.0,0.4360869565217391,0.3914518755501425,0.3566991828402402,13.699544102247346
10.0,0.4502898550724638,0.4078608699770019,0.364594788821304,13.573932759623508
10.0,0.4644927536231884,0.4248623841596884,0.3723157055147323,13.433768759213784
10.0,0.4786956521739131,0.4425157780140836,0.3798662528637567,13.279190456815552
10.0,0.4928985507246377,0.4608866623988209,0.3872506359970619,13.110358730065796
10.0,0.5071014492753623,0.480047813211597,0.3944729484761432,12.927455454142065
10.0,0.521304347826087,0.5000802510892013,0.4015371753531143,12.73068194022255
10.0,0.5355072463768116,0.5210745147221963,0.4084471962127426,12.520257601818503
10.0,0.5497101449275362,0.5431321763488418,0.4152067880921511,12.296418590670523
10.0,0.5639130434782609,0.566367653309568,0.4218196283295541,12.059416562424468
10.0,0.5781159420289855,0.590910383402085,0.4282892973258262,11.809517432196804
10.0,0.5923188405797102,0.6169074559082228,0.4346192812242086,11.54700027827652
10.0,0.6065217391304348,0.6445268115859606,0.4408129745418173,11.272156281323824
10.0,0.6207246376811595,0.6739611605763778,0.44687368268221,10.985287702309956
10.0,0.634927536231884,0.7054328153637995,0.4528046244262625,10.686706948010375
10.0,0.6491304347826087,0.7391996956634871,0.4586089343065917,10.376735764356258
10.0,0.6633333333333333,0.7755628533483832,0.4642896649550673,10.055704435295144
10.0,0.677536231884058,0.8148759866800821,0.4698497893527513,9.723951148475823
10.0,0.6917391304347826,0.8575575822916496,0.4752922030386333,9.381821479931274
10.0,0.7059420289855073,0.9041065758607794,0.4806197262386346,9.029668016813975
10.0,0.7201449275362319,0.9551227813799872,0.4858351059545781,8.6678501971553
10.0,0.7343478260869566,1.0113338743184557,0.4909410179758585,8.296734418862139
10.0,0.7485507246376812,1.0736315164418653,0.4959400688359804,7.916694515782511
10.0,0.7627536231884058,1.1431204575793732,0.5008347977292448,7.528112755671721
10.0,0.7769565217391304,1.2211863968188787,0.5056276783514607,7.131381579586473
10.0,0.7911594202898551,1.309591533963783,0.5103211207104047,6.726906476591756
10.0,0.8053623188405797,1.410611953599303,0.5149174728625916,6.3151106167524445
10.0,0.8195652173913044,1.5272398966729877,0.519419022613372,5.89644228371827
10.0,0.833768115942029,1.6634897204335697,0.5238279991673599,6.062373716600492
10.0,0.8479710144927537,1.8248753621424112,0.5281465747303001,6.54220686889369
10.0,0.8621739130434782,2.019183013234205,0.532376866067925,7.124220180728501
10.0,0.8763768115942029,2.257776423941712,0.5365209359996737,7.843458203480697
10.0,0.8905797101449275,2.55791878657844,0.540580794895951,8.753173291130869
10.0,0.9047826086956522,2.947172651003916,0.5445584020720821,9.93840411302468
10.0,0.9189855072463768,3.472428016880083,0.5484556671901676,11.54383723802875
10.0,0.9331884057971016,4.220445645409928,0.5522744515963022,13.837205960463214
10.0,0.947391304347826,5.371677143724596,0.5560165696303359,17.375384911606083
10.0,0.9615942028985508,7.37350471448833,0.559683789884593,23.53902688988187
10.0,0.9757971014492756,11.723450910594256,0.5632778364400224,36.94963416994391
10.0,0.99,28.42670257940975,0.5668003900557053,88.48429698599838
