fraction1_cutoff,fraction2_cutoff,determinant,singular_value_max,singular_value_min,condition_number
0.1,0.13,0.0020244043112670586,0.06799586855415776,0.02977246050845939,2.283851162883826
0.1,0.14,0.003582942098046573,0.09015236576699714,0.039743184414115645,2.2683729825881187
0.1,0.15000000000000002,0.005574597675980036,0.11206758828314813,0.049743175180100664,2.252923901166241
0.1,0.16,0.007995021276348838,0.13374949245297982,0.05977608684503619,2.237508333386102
0.1,0.17,0.010840466927364175,0.15520613211481007,0.06984560970403667,2.222131538009039
0.1,0.18,0.014107797049317054,0.17644568941640296,0.07995546446036071,2.2067996303602104
0.1,0.19,0.017794488918791544,0.19747650688820448,0.09010939680468102,2.191519573882509
0.1,0.2,0.021898642633569474,0.21830712075750391,0.10031116968417414,2.1762992241525594
0.1,0.21000000000000002,0.026418991222049017,0.23894629610810994,0.11056455635577579,2.1611473331401614
0.1,0.22,0.031354912500123185,0.2594030637182894,0.12087333145060497,2.1460735846789727
0.1,0.23,0.03670644317333835,0.2796867595737363,0.13124126157878097,2.131088624181253
0.1,0.24000000000000002,0.04247429508719545,0.29980706674917634,0.1416720944831169,2.1162040968124773
0.1,0.25,0.04865987387629887,0.3197740605691666,0.15216954680341815,2.1014326932462386
0.1,0.26,0.055265300302534424,0.33959825704909363,0.1627372907704443,2.0867881936668575
0.1,0.27,0.062293434000020374,0.3592906652789577,0.17337893805744994,2.072285534243525
0.1,0.28,0.06974790067020052,0.37886284423273103,0.1840980231551954,2.057940860741063
0.1,0.29000000000000004,0.07763312214607346,0.3983269643387043,0.1948979835571982,2.0437716033208946
0.1,0.30000000000000004,0.08595435013166351,0.41769587456044516,0.20578213807382242,2.029796553142045
0.1,0.31,0.09471770375626797,0.43698317529985986,0.21675366263534573,2.0160359459992883
0.1,0.32,0.10393021126325878,0.4562032979942946,0.22781556319340454,2.0025115562758975
0.1,0.33,0.11359985638412666,0.4753715917910746,0.23897064600792076,1.9892467955052449
0.1,0.33999999999999997,0.12373562961985334,0.4945044181989179,0.25022148451276277,1.976266822818307
0.1,0.35,0.1343475851897796,0.5136192541554999,0.26157038331959687,1.9635986598985098
0.1,0.36,0.14544690406374805,0.5327348044341622,0.2730193388026013,1.951271315689987
0.1,0.37,0.1570459636818272,0.5518711239133433,0.28456999628501506,1.9393159191688256
0.1,0.38,0.1691584153727979,0.5710497506042344,0.29622360432485856,1.9277658575039924
0.1,0.39,0.18179926988979417,0.590293849932089,0.3079809655999456,1.9166569232036763
0.1,0.4,0.19498499234469574,0.6096283712491083,0.3198423851980149,1.9060274668464796
0.1,0.41000000000000003,0.20873360752141792,0.6290802167901529,0.33180761681947274,1.8959185531066873
0.1,0.42000000000000004,0.2230648167008728,0.6486784243531953,0.3438758070661797,1.8863741240986913
0.1,0.43000000000000005,0.23800012743750315,0.6684543633498152,0.3560454392799782,1.8774411622898857
0.1,0.44000000000000006,0.25356299794678716,0.6884419458221429,0.36831427760256563,1.8691698576100686
0.1,0.45000000000000007,0.26977899798101856,0.7086778520528778,0.3806793131738638,1.8616137718237675
0.1,0.45999999999999996,0.2866759879927184,0.7292017718328353,0.39313671341220624,1.8548300043101362
0.1,0.47,0.3042843193019165,0.7500566615632086,0.4056817769843565,1.8488793535139036
0.1,0.48,0.32263705814917015,0.7712890184171827,0.4183088964643587,1.8438264759279368
0.1,0.49,0.34177023633417936,0.7929491720033758,0.43101153062648556,1.839740043267068
0.1,0.5,0.3617231328677774,0.8150915954015169,0.4437821895214014,1.8366928972083254
0.1,0.51,0.38253859047033917,0.8377752374333652,0.4566124341921306,1.8347622068496963
0.1,0.52,0.4042633723535861,0.8610638791775089,0.46949289376734726,1.8340296319888516
0.1,0.53,0.4269485648678597,0.8850265188853484,0.48241330147438116,1.8345815013401912
0.1,0.54,0.45065003355393446,0.9097377914450311,0.4953625514865334,1.836509014892222
0.1,0.55,0.47542894031550387,0.9352784297072716,0.5083287769870904,1.839908484525998
0.1,0.56,0.5013523316048989,0.9617357780931397,0.5212994494173275,1.844881630257046
0.1,0.5700000000000001,0.5284938094414608,0.9892043720273525,0.534261497811948,1.8515359539824776
0.1,0.58,0.5569342985095157,1.0177865989402513,0.5472014458526098,1.8599852150507565
0.1,0.59,0.5867629263374582,1.0475934619558631,0.5601055635093104,1.870350037932536
0.1,0.6,0.6180780357957978,1.0787454704888644,0.5729600287597945,1.882758685320287
0.1,0.61,0.6509883537367275,1.1113736875092008,0.5857510943917665,1.8973480342588713
0.1,0.62,0.6856143452772645,1.1456209694511874,0.5984652547043633,1.9142647972389213
0.1,0.63,0.7220897871841538,1.18164343941121,0.6110894057381278,1.9336670351598009
0.1,0.64,0.7605636050007761,1.219612244976697,0.6236109945053135,1.9557260146514386
0.1,0.65,0.8012020248123124,1.2597156584482352,0.6360181517464528,1.9806284694692455
0.1,0.66,0.8441911056559813,1.302161591895378,0.6482998046557403,2.0085793371275975
0.1,0.67,0.8897397326734469,1.34718061257105,0.6604457667895085,2.0398050533654364
0.1,0.6799999999999999,0.9380831719316545,1.3950295651302036,0.6724468035515072,2.074557508136551
0.1,0.69,0.9894873138546786,1.4459959325024392,0.6842946730439778,2.1131187914559564
0.1,0.7,1.0442537656156692,1.5004031008547538,0.695982143079267,2.1558068921372735
0.1,0.71,1.102725997822101,1.5586167396767197,0.7075029863023433,2.202982559582671
0.1,0.72,1.1652968085434632,1.6210525674894043,0.7188519557685965,2.255057601889912
0.1,0.73,1.2324174468402997,1.688185854723909,0.7300247442494138,2.3125049774301054
0.1,0.74,1.3046088416516302,1.7605631229321015,0.7410179303761005,2.375871150700139
0.1,0.75,1.3824755266475504,1.8388166499858702,0.7518289148938113,2.4457913410334657
0.1,0.76,1.4667230464019658,1.9236825918406817,0.7624558503690192,2.523008500635995
0.1,0.77,1.558179903825412,2.016023818069152,0.7728975669135494,2.60839715943193
0.1,0.78,1.6578254936910655,2.1168589567980813,0.7831534965365191,2.702993686627013
0.1,0.79,1.7668260180859023,2.2273997169990642,0.7932235981722737,2.8080351140981987
0.1,0.8,1.8865811758352786,2.3490993821402735,0.803108284893595,2.925009524028891
0.1,0.8099999999999999,2.0187855981992215,2.483716593954171,0.8128083546703041,3.0557222741166705
0.1,0.82,2.165510761757025,2.6334003691919445,0.8223249252530137,3.202384225896713
0.1,0.83,2.3293158133596807,2.8008050964383866,0.8316593740570273,3.3677310492821237
0.1,0.84,2.5133999550448887,2.9892486310318493,0.8408132829611088,3.5551872117250016
0.1,0.85,2.72181578280163,3.2029336011964125,0.8497883883028146,3.769095512817334
0.1,0.86,2.9597740565131003,3.447263535466314,0.8585865356861176,4.015044951423005
0.1,0.87,3.234089135038529,3.729304872527364,0.8672096397543316,4.300349882623334
0.1,0.88,3.5538471277876904,4.058479953349197,0.8756596481041958,4.634768727936489
0.1,0.89,3.9314384942199285,4.447637988947258,0.8839385093818053,5.031614690096232
0.1,0.9,4.384210202718615,4.914768589439599,0.8920481448788862,5.509532885253496
0.1,0.91,4.937219330845168,5.485857630138413,0.8999904233243105,6.0954622271148216
0.1,0.92,5.628051865149156,6.1998850000970265,0.9077671384325803,6.82981872509972
0.1,0.93,6.515771903155733,7.11810612366964,0.9153799887148378,7.776121623177733
0.1,0.94,7.69882005740851,8.342614989795193,0.9228305593421029,9.040245693361893
0.1,0.95,9.354389946728022,10.057182809101283,0.9301203054858204,10.812776314831893
0.11,0.14,0.0020165383600059773,0.06712251421654719,0.030042652358049694,2.2342406195224718
0.11,0.15000000000000002,0.0035698709652109894,0.0890063416882438,0.04010805182528367,2.219163924390244
0.11,0.16,0.00555560219572219,0.11065826151450153,0.05020503774129996,2.2041266473039856
0.11,0.17,0.007969729107359822,0.13208637115575547,0.06033725537029073,2.189134562802687
0.11,0.18,0.01080885636797487,0.15329890425012555,0.07050837330408391,2.1741943129078876
0.11,0.19,0.01407020221618554,0.17430426341769337,0.08072207724757977,2.159313404226344
0.11,0.2,0.017751605965814717,0.1951110541659382,0.09098206168635287,2.1445002514732474
0.11,0.21000000000000002,0.021851537582992422,0.2157281208164231,0.10129202210771263,2.129764184063979
0.11,0.22,0.026369109027355724,0.2361645842571311,0.1116556451946477,2.1151154860592025
0.11,0.23,0.03130408780521563,0.2564298822383969,0.1220765986083983,2.100565424999937
0.11,0.24000000000000002,0.03665691263548096,0.27653381225225643,0.1325585191081163,2.086126294355417
0.11,0.25,0.04242871149941679,0.2964865776996988,0.14310499931768045,2.0718114609086773
0.11,0.26,0.04862132232010431,0.31629883740379583,0.15371957329717587,2.0576354111542856
0.11,0.27,0.05523731606293716,0.33598175914534933,0.16440569929583854,2.043613819863809
0.11,0.28,0.06228002317786447,0.355547077629183,0.17516674189295198,2.0297636057332458
0.11,0.29000000000000004,0.06975356291068587,0.3750071573273087,0.18600595094723618,2.016103008627321
0.11,0.30000000000000004,0.07766287622728119,0.3943750607507649,0.19692643870389703,2.0026516670204755
0.11,0.31,0.08601376246286417,0.4136646226899223,0.20793115423684408,1.9894307046395627
0.11,0.32,0.09481292009394036,0.43289053094399677,0.21902285524052345,1.9764628237934854
0.11,0.33,0.1040679920762298,0.45206841421557575,0.23020407709042762,1.9637724054643764
0.11,0.33999999999999997,0.11378761601975351,0.4712149378301045,0.24147709863302214,1.9513856199929742
0.11,0.35,0.12398147996075136,0.49034790762788577,0.2528439053824578,1.9393305402642538
0.11,0.36,0.13466038408211503,0.5094863830788745,0.26430614939765323,1.9276372654967755
0.11,0.37,0.14583630902162836,0.52865079982145,0.27586510617383736,1.9163380507004713
0.11,0.38,0.1575224917756618,0.5478631026326664,0.2875216290688556,1.9054674405084993
0.11,0.39,0.16973350953610372,0.5671468890827341,0.29927610078337813,1.8950624109248406
0.11,0.4,0.18248537279406504,0.5865275646666299,0.3111283830245658,1.8851625138305668
0.11,0.41000000000000003,0.19579562862141317,0.6060325097801516,0.323077764743085,1.8758100244443476
0.11,0.42000000000000004,0.20968347529676523,0.6256912592129393,0.335122909596863,1.8670500920561246
0.11,0.43000000000000005,0.22416988962901688,0.6455356941550886,0.34726180389207195,1.8589308899510277
0.11,0.44000000000000006,0.2392777686520875,0.6656002477449996,0.35949170611450565,1.8515037660785196
0.11,0.45000000000000007,0.255032087490951,0.6859221238827554,0.3718090999125486,1.8448233893255646
0.11,0.45999999999999996,0.27146007527534377,0.7065415303454838,0.38420965168545085,1.83894789536397
0.11,0.47,0.2885914115357451,0.727501925980435,0.3966881752880834,1.8339390264207083
0.11,0.48,0.3064584462647553,0.7488502837902647,0.4092386060316792,1.8298622680097199
0.11,0.49,0.32509644590816406,0.7706373698651894,0.421853985571754,1.8267869837017578
0.11,0.5,0.34454386993448893,0.7929180407364427,0.43452646078589036,1.8247865487923578
0.11,0.51,0.3648426815982709,0.8157515610664953,0.44724729808826086,1.8239384889598884
0.11,0.52,0.3860386982810066,0.8392019453653884,0.46000691539498934,1.8243246292173665
0.11,0.53,0.40818198688772755,0.8633383283426342,0.4727949327482328,1.8260312633307536
0.11,0.54,0.4313273116833295,0.8882353708621913,0.4856002427201804,1.8291493552115525
0.11,0.55,0.4555346421868446,0.9139737095250999,0.4984111002750178,1.8337747875614714
0.11,0.56,0.4808697307972906,0.9406404612335877,0.5112152311273765,1.8400086772829618
0.11,0.5700000000000001,0.5074047718390075,0.9683297969587698,0.5239999568665675,1.8479577798998699
0.11,0.58,0.5352191548905503,0.9971436010631872,0.5367523336858222,1.8577350082782245
0.11,0.59,0.5644003292595262,1.027192237965951,0.54945930118899,1.8694600960311012
0.11,0.6,0.5950447983888832,1.0585954503409314,0.5621078365651797,1.8832604377295157
0.11,0.61,0.627259267678701,1.0914834186947693,0.5746851092147581,1.8992721425932844
0.11,0.62,0.6611619745712263,1.1259980178228017,0.5871786309620958,1.9176413419164235
0.11,0.63,0.6968842339431676,1.1622943101349905,0.5995763963279064,1.9385257946334091
0.11,0.64,0.734572242438272,1.2005423261109998,0.6118670091522912,1.9620968415575903
0.11,0.65,0.7743891920014706,1.2409291889107439,0.6240397912480483,1.988541766589832
0.11,0.66,0.8165177571083264,1.2836616538480856,0.6360848706983007,2.0180666338422237
0.11,0.67,0.8611630347252557,1.3289691476474736,0.6479932481876475,2.050899683545202
0.11,0.6799999999999999,0.9085560358088102,1.3771074125237204,0.659756840712787,2.08729539058045
0.11,0.69,0.958957853282685,1.4283628863629512,0.6713685033671555,2.1275393158886593
0.11,0.7,1.012664663834192,1.4830579836566773,0.6828220305569794,2.171953916669829
0.11,0.71,1.070013765226142,1.541557487947397,0.6941121389192425,2.2209055302615184
0.11,0.72,1.1313909076545674,1.6042763263501318,0.7052344344122936,2.2748128112704165
0.11,0.73,1.1972392549654804,1.6716890775625464,0.716185366665881,2.334156986961216
0.11,0.74,1.2680704139100636,1.7443416730164127,0.7269621734813257,2.3994944120173285
0.11,0.75,1.3444781113521582,1.82286590119528,0.7375628182361436,2.47147206465017
0.11,0.76,1.4271552910052345,1.90799752616265,0.7479859231660108,2.5508468369119055
0.11,0.77,1.5169156705895537,2.0005991180980254,0.7582307004272246,2.638509779372939
0.11,0.78,1.614721178805794,2.101689091803097,0.7682968832561624,2.7355168784439288
0.11,0.79,1.721717232131104,2.21247902180814,0.7781846585483272,2.843128552463926
0.11,0.8,1.8392785942855672,2.334422128393717,0.787894602229096,2.9628609230082494
0.11,0.8099999999999999,1.9690697196285991,2.469277053478914,0.7974276182797783,3.096553212949499
0.11,0.82,2.11312520984904,2.6191928698342366,0.8067848817803078,3.2464575489497807
0.11,0.83,2.2739586686487328,2.7868240705559812,0.8159677866551045,3.4153604053169855
0.11,0.84,2.4547123775679225,2.9754886572743207,0.8249778978544478,3.6067495444578457
0.11,0.85,2.6593668420579726,3.189389440039768,0.8338169082370868,3.825047691564561
0.11,0.86,2.893040143344568,3.433930159296193,0.8424865996510295,4.075946324509586
0.11,0.87,3.1624254546745014,3.7161774908482643,0.8509888083824108,4.366893494066161
0.11,0.88,3.4764473147719333,4.045554033830072,0.8593253941736764,4.707825535308729
0.11,0.89,3.8472758700138407,4.434909274870428,0.867498212830125,5.112297880593882
0.11,0.9,4.291949662042291,4.902233114345115,0.8755090918632595,5.599294353314112
0.11,0.91,4.835080275432728,5.473511730056385,0.8833598088192859,6.196242658325577
0.11,0.92,5.513585470783838,6.1877253239895165,0.8910520719799777,6.944291493806837
0.11,0.93,6.385479291310145,7.106129642548139,0.8985875029744631,7.908110917440712
0.11,0.94,7.547452276071265,8.33081900496726,0.9059676211391808,9.195493095539033
0.11,0.95,9.173547931436623,10.04556495996644,0.91319382911713,11.000473984453473
0.12000000000000001,0.15000000000000002,0.002009904789588955,0.0662838125424517,0.030322709459443115,2.185946233832002
0.12000000000000001,0.16,0.003558989384089808,0.08790667367833697,0.04048599765147133,2.1712858464077467
0.12000000000000001,0.17,0.005540027586945659,0.1093071431895418,0.05068312486530808,2.156677266447734
0.12000000000000001,0.18,0.007949365195009687,0.13049350642760407,0.0609177070387014,2.1421276796367392
0.12000000000000001,0.19,0.010783960534019555,0.15147422654894507,0.07119336919363634,2.1276451482013115
0.12000000000000001,0.2,0.014041391488075237,0.1722579791506591,0.08151373630010164,2.113238663437935
0.12000000000000001,0.21000000000000002,0.01771986455710034,0.1928536889693351,0.0918824247117093,2.0989181508262726
0.12000000000000001,0.22,0.021818225688786705,0.21327056846213546,0.10230303152523533,2.0846945127870184
0.12000000000000001,0.23,0.02633597327410654,0.2335181590027252,0.11277912341626158,2.0705796598615374
0.12000000000000001,0.24000000000000002,0.03127327324777109,0.2536063747058651,0.12331422380073097,2.0565865549758406
0.12000000000000001,0.25,0.036630976538667294,0.27354554962250666,0.13391179856231655,2.042729263286019
0.12000000000000001,0.26,0.04241063911417241,0.29334648837986155,0.1445752405232608,2.029023000882816
0.12000000000000001,0.27,0.048614544415950194,0.31302052072188097,0.15530785107582218,2.015484204781525
0.12000000000000001,0.28,0.05524572908597893,0.3325795607737101,0.16611282111701567,2.002130591349294
0.12000000000000001,0.29000000000000004,0.062308011523054374,0.35203617098476575,0.1769932088193026,1.9889812345521656
0.12000000000000001,0.30000000000000004,0.0698060240078573,0.3714036316514914,0.18795191554120344,1.9760566450309522
0.12000000000000001,0.31,0.07774524847107481,0.3906960162869831,0.1989916590651069,1.9633788578000324
0.12000000000000001,0.32,0.08613205634321854,0.40992827349817773,0.21011494427598054,1.9509715261364158
0.12000000000000001,0.33,0.09497375288784678,0.4291163158881684,0.22132403120415914,1.9388600214512286
0.12000000000000001,0.33999999999999997,0.10427862631082054,0.4482771166738065,0.2326208999570682,1.92707154325574
0.12000000000000001,0.35,0.11405600232314765,0.46742881418097115,0.24400721321169863,1.915635230731617
0.12000000000000001,0.36,0.12431630462568193,0.486590825362545,0.25548427579385075,1.9045822833933357
0.12000000000000001,0.37,0.13507112182285252,0.5057839683023013,0.26705299156916346,1.8939460866189528
0.12000000000000001,0.38,0.14633328181237687,0.5250305946436886,0.27871381840459364,1.8837623396251217
0.12000000000000001,0.39,0.1581169339847422,0.5443547321739985,0.29046672075995,1.8740691902666153
0.12000000000000001,0.4,0.17043764051543878,0.5637822380372189,0.3023111212385997,1.8649073700211398
0.12000000000000001,0.41000000000000003,0.1833124776931185,0.5833409630270283,0.3142458515889017,1.8563203303321834
0.12000000000000001,0.42000000000000004,0.19676014833913552,0.6030609273194257,0.3262691038759949,1.848354380341913
0.12000000000000001,0.43000000000000005,0.21080110675817737,0.6229745075620993,0.3383783833837925,1.8410588209930498
0.12000000000000001,0.44000000000000006,0.22545769779004723,0.6431166362730076,0.3505704643198483,1.834486078343013
0.12000000000000001,0.45000000000000007,0.24075431174627188,0.6635250131744641,0.36284135031239445,1.8286918307496953
0.12000000000000001,0.45999999999999996,0.25671755708933913,0.684240329339163,0.3751862409765822,1.8237351336715752
0.12000000000000001,0.47,0.273376453232944,0.7053065041102002,0.3875995069375263,1.819678537991232
0.12000000000000001,0.48,0.29076264656051315,0.7267709365455989,0.4000746754438634,1.8165882050376767
0.12000000000000001,0.49,0.3089106519871437,0.748684771729939,0.41260442799359087,1.8145340208068939
0.12000000000000001,0.5,0.32785812451439084,0.7711031846009684,0.4251806127399816,1.8135897110448334
0.12000000000000001,0.51,0.347646164359228,0.7940856838426025,0.43779427262428244,1.8138329656132606
0.12000000000000001,0.52,0.36831966103216646,0.8176964399639547,0.45043569108409287,1.81534557795798
0.12000000000000001,0.53,0.38992768158493485,0.842004642772515,0.4630944555139251,1.818213612249124
0.12000000000000001,0.54,0.4125239104534662,0.8670848960925184,0.47575953901686885,1.8225276110791222
0.12000000000000001,0.55,0.4361671482626401,0.8930176584174994,0.4884193992709664,1.828382860612113
0.12000000000000001,0.56,0.4609218791302194,0.919889741388587,0.5010620929791554,1.8358797328275545
0.12000000000000001,0.5700000000000001,0.4868589179404935,0.9477948813102683,0.5136754033398462,1.8451241292610812
0.12000000000000001,0.58,0.5140561502818596,0.9768344001643037,0.5262469771697179,1.8562280498368897
0.12000000000000001,0.59,0.5425993814923733,1.0071179783258484,0.5387644676886283,1.8693103178212909
0.12000000000000001,0.6,0.5725833134429101,1.0387645631838542,0.5512156784477897,1.8844974912705506
0.12000000000000001,0.61,0.6041126718682034,1.071903442977954,0.5635887036521333,1.9019249960687117
0.12000000000000001,0.62,0.6373035128930081,1.1066755210959511,0.5758720607300327,1.9217385189568308
0.12000000000000001,0.63,0.6722847409732655,1.1432348297495594,0.5880548103319582,1.9440957027529473
0.12000000000000001,0.64,0.7091998812095,1.1817503324441228,0.6001266610542998,1.9691681925412698
0.12000000000000001,0.65,0.7482091553548288,1.222408071111804,0.6120780556318791,1.9971440894901065
0.12000000000000001,0.66,0.7894919250233451,1.265413727826228,0.6239002372603955,2.0282308809222105
0.12000000000000001,0.67,0.8332495794260528,1.3109956845935837,0.6355852953736953,2.0626589289212203
0.12000000000000001,0.6799999999999999,0.8797089650394307,1.3594086859559562,0.6471261910621134,2.100685623193198
0.12000000000000001,0.69,0.9291264797354878,1.4109382348539767,0.6585167633731653,2.1426003305164647
0.12000000000000001,0.7,0.9817929859262827,1.46590588589626,0.6697517182871608,2.1887303098605
0.12000000000000001,0.71,1.0380397409172435,1.52467564702532,0.6808266026564305,2.2394478139902034
0.12000000000000001,0.72,1.09824559843761,1.5876617598860479,0.6917377656790291,2.295178662578231
0.12000000000000001,0.73,1.162845811048965,1.6553382105634973,0.7024823106409888,2.356412660488295
0.12000000000000001,0.74,1.2323428641517415,1.7282504309755145,0.7130580395435766,2.4237163528536265
0.12000000000000001,0.75,1.307319910915813,1.8070298009641506,0.7234633929215142,2.497748771595674
0.12000000000000001,0.76,1.3884575662499536,1.89241176293558,0.7336973873466767,2.5792810436183324
0.12000000000000001,0.77,1.476555082186458,1.9852586469175313,0.7437595521767774,2.669221042079031
0.12000000000000001,0.78,1.572557299039439,2.0865887030123704,0.7536498672542252,2.7686446898935246
0.12000000000000001,0.79,1.6775892974999627,2.1976134095313977,0.7633687027135857,2.8788361400191405
0.12000000000000001,0.8,1.793001446050528,2.319785952043239,0.772916761769022,3.0013399460167
0.12000000000000001,0.8099999999999999,1.9204286758508922,2.454864992267338,0.7822950271807678,3.1380296524626674
0.12000000000000001,0.82,2.061869512738611,2.604999670437779,0.79150471155035,3.2911991961933724
0.12000000000000001,0.83,2.2197930044508287,2.772844588509203,0.8005472119316583,3.4636865223957796
0.12000000000000001,0.84,2.3972857462333574,2.9617178924552237,0.8094240684908852,3.6590435196437143
0.12000000000000001,0.85,2.5982577164043614,3.175822566784523,0.8181369272890651,3.8817738948757143
0.12000000000000001,0.86,2.827736327805957,3.420562551883759,0.8266875067812097,4.137672970530377
0.12000000000000001,0.87,3.092296197029861,3.703004744749597,0.8350775681328401,4.434324290411955
0.12000000000000001,0.88,3.4007037974729037,4.032571983518819,0.8433088885633361,4.781844515345644
0.12000000000000001,0.89,3.764913742913361,4.422114008668184,0.8513832378661911,5.194034615658233
0.12000000000000001,0.9,4.201662840758659,4.889620986643056,0.8593023574294024,5.6902217762678164
0.12000000000000001,0.91,4.735126850026142,5.461079371801768,0.8670679416373117,6.298329242215368
0.12000000000000001,0.92,5.401569806614086,6.175469651571709,0.8746816212171556,7.060248554186251
0.12000000000000001,0.93,6.257978487328054,7.094047865533594,0.8821449482646458,8.04181657389638
0.12000000000000001,0.94,7.399331337894034,8.318908633289466,0.8894593827229217,9.352769552919446
0.12000000000000001,0.95,8.996590116809871,10.03382381057186,0.896626279936355,11.190642116004105
0.13,0.15000000000000002,0.000894408155239243,0.04388494713201055,0.020380750432460792,2.1532547232468042
0.13,0.16,0.0020045056306981944,0.06547959511548605,0.030612676012471633,2.138969983833155
0.13,0.17,0.003550302686130615,0.08685323192602683,0.040877035976674095,2.1247438776037577
0.13,0.18,0.005527884916421901,0.1080141948368326,0.05117739316367063,2.1105841497512774
0.13,0.19,0.007933949633596404,0.1289710080876564,0.061517311147975366,2.096499435377241
0.13,0.2,0.01076581242586448,0.1497324182368059,0.071900344311798,2.0824993213869294
0.13,0.21000000000000002,0.014021415703118873,0.1703074316242732,0.08233002852190541,2.0685943474313238
0.13,0.22,0.017699339016698915,0.19070535385654724,0.09280986956460989,2.0547960551090645
0.13,0.23,0.02179881150047847,0.21093583185952325,0.10334333104200052,2.0411170196729507
0.13,0.24000000000000002,0.02631972642952738,0.23100889871689784,0.11393382062646124,2.0275708955137577
0.13,0.25,0.031262658052454734,0.25093502186304195,0.12458467463149726,2.0141724702919523
0.13,0.26,0.03662888100950736,0.2707251547279974,0.13529914147175978,2.0009377131524837
0.13,0.27,0.04242039214597407,0.2903907925540609,0.14608036216601744,1.9878838486451555
0.13,0.28,0.04863993549047889,0.3099440326176387,0.15693135008823794,1.9750294153677144
0.13,0.29000000000000004,0.05529103009822378,0.3293976394400576,0.16785496760757876,1.9623943463510882
0.13,0.30000000000000004,0.06237800135646175,0.34876511535900445,0.17885390083309335,1.950000048835795
0.13,0.31,0.06990601592116144,0.36806077701059775,0.18993063180744363,1.9378694921825295
0.13,0.32,0.07788112064052388,0.3872998382270675,0.20108740813587292,1.926027302342932
0.13,0.33,0.0863102859092717,0.4064984997853441,0.21232621019474557,1.9144998604388206
0.13,0.33999999999999997,0.09520145369646425,0.4256740466290096,0.2236487153736102,1.9033154110360595
0.13,0.35,0.1045635909952898,0.44484495284039394,0.23505626022648443,1.8925041707537218
0.13,0.36,0.11440674901077039,0.46403099513123386,0.24654979992966788,1.882098445278016
0.13,0.37,0.12474212876685008,0.4832533750241413,0.2581298656437081,1.8721327492230868
0.13,0.38,0.13558215397477286,0.5025348502398128,0.2697965204006691,1.8626439269621007
0.13,0.39,0.14694055164483666,0.5218998756712158,0.28154931337329075,1.853671278463597
0.13,0.4,0.1588324416111514,0.5413747541878964,0.2933872338569098,1.8452566837040174
0.13,0.41000000000000003,0.1712744359028087,0.5609877974973548,0.30530866565527437,1.8374447259573337
0.13,0.42000000000000004,0.18428474905443226,0.5807694974795159,0.3173113427172234,1.830282814683612
0.13,0.43000000000000005,0.19788332070437858,0.6007527076436328,0.32939230766108046,1.8238213026570171
0.13,0.44000000000000006,0.2120919520561659,0.6209728356930173,0.3415478743437582,1.81811360087115
0.13,0.45000000000000007,0.22693445795753994,0.6414680466297995,0.35377359659585206,1.8132162852238154
0.13,0.45999999999999996,0.24243683638874522,0.662279477480323,0.36606424422376616,1.809189200886519
0.13,0.47,0.2586274577584622,0.6834514634896345,0.3784137887977243,1.8060955592053325
0.13,0.48,0.2755372769920165,0.7050317778591849,0.39081540101451884,1.8040020327474067
0.13,0.49,0.2932000707167653,0.7270718855330776,0.40326146086888737,1.802978851404476
0.13,0.5,0.31165270388770633,0.7496272140946311,0.4157435829809189,1.8030999028770005
0.13,0.51,0.3309354294725279,0.7727574448321135,0.4282526576556318,1.804442847038923
0.13,0.52,0.3510922263274378,0.7965268286836814,0.4407789087376295,1.8070892524438105
0.13,0.53,0.37217118049694203,0.8210045328418111,0.45331196797259454,1.8111247680349039
0.13,0.54,0.3942249172129218,0.8462650266727698,0.46584096564037614,1.816639344952064
0.13,0.55,0.4173110907831277,0.8723885160979206,0.47835463567276815,1.8237275256483607
0.13,0.56,0.4414929418332239,0.8994614393043813,0.4908414330409344,1.8324888217604267
0.13,0.5700000000000001,0.46683993304542215,0.9275770388743035,0.5032896605676802,1.8430282033373244
0.13,0.58,0.4934284759598867,0.9568360275968311,0.5156876013533594,1.8554567243535256
0.13,0.59,0.5213427649628644,0.9873473698870122,0.5280236529343514,1.8698923133463645
0.13,0.6,0.5506757367768041,1.0192292028202838,0.5402864588779864,1.8864607581261956
0.13,0.61,0.581530177792863,1.0526099256799841,0.552465033442655,1.9052969182876682
0.13,0.62,0.614020007503804,1.0876294925357886,0.5645488759892189,1.9265462013895833
0.13,0.63,0.6482717695952146,1.1244409458985138,0.5765280710915381,1.9503663434281953
0.13,0.64,0.6844263729008274,1.163212239921475,0.588393372603293,1.976929540818837
0.13,0.65,0.7226411307458771,1.2041284080840575,0.6001362694330115,2.0064249894806014
0.13,0.66,0.7630921609586051,1.2473941443497192,0.61174903250521,2.039061899683668
0.13,0.67,0.8059772226581933,1.2932368806178416,0.623224743075019,2.0750730695269777
0.13,0.6799999999999999,0.8515190853172939,1.3419104644963884,0.6345573030737669,2.1147191246499486
0.13,0.69,0.8999695506121768,1.3936995674197172,0.645741429251049,2.1582935588261285
0.13,0.7,0.9516142788554618,1.4489249874049772,0.6567726329019984,2.2061287496142996
0.13,0.71,1.0067786147020659,1.5079500570338842,0.6676471876544671,2.2586031738282495
0.13,0.72,1.065834661543435,1.571188427291693,0.6783620875954693,2.316150115141232
0.13,0.73,1.1292099286354733,1.6391135793526288,0.6889149982403641,2.379268245776728
0.13,0.74,1.1973979739288805,1.7122705247120642,0.6993042026056224,2.4485345838507873
0.13,0.75,1.2709716019486388,1.7912903042830768,0.7095285442620181,2.5246204945090702
0.13,0.76,1.3505993615026521,1.8769080986062732,0.7195873695177512,2.6083116215118234
0.13,0.77,1.4370663474787457,1.9699860476077318,0.7294804697849809,2.7005329535256752
0.13,0.78,1.5313006765414334,2.071542276916366,0.7392080256362813,2.8023806629172667
0.13,0.79,1.6344075279700196,2.1827881998384755,0.7487705532268154,2.9151629834156574
0.13,0.8,1.7477133963533344,2.30517698982155,0.7581688538755672,3.040453294853869
0.13,0.8099999999999999,1.8728243209112927,2.44046734321283,0.7674039671621886,3.180159925726634
0.13,0.82,2.0117035233444853,2.5908084756590233,0.7764771276011705,3.3366191785494106
0.13,0.83,2.1667764488568944,2.7588550996843453,0.7853897252903227,3.5127211508458718
0.13,0.84,2.3410751982553437,2.947925501946927,0.7941432701434297,3.7120827094769737
0.13,0.85,2.5384407326765466,3.162222833222928,0.8027393597969107,3.939289626987962
0.13,0.86,2.7638117380171816,3.4071512216193756,0.8111796507533874,4.200242472126817
0.13,0.87,3.0236468132685212,3.68977776994003,0.8194658328481569,4.5026621270050295
0.13,0.88,3.3265577520797307,4.019525537064303,0.827599606323017,4.856848053520531
0.13,0.89,3.6842882523259988,4.409244496723394,0.8355826616246556,5.27685015405936
0.13,0.9,4.1132798510473725,4.876925059094639,0.8434166613605847,5.782343748376124
0.13,0.91,4.637281818397431,5.448553931111807,0.8511032242735217,6.401754541304367
0.13,0.92,5.291918470875278,6.16311186023497,0.8586439108819813,7.177727323430674
0.13,0.93,6.13317132752914,7.08185515289471,0.8660402105262213,8.177282147894323
0.13,0.94,7.254343422142756,8.30687870153205,0.8732935297110849,9.512126700721403
0.13,0.95,8.823380792157288,10.021954640684191,0.8804051812745901,11.383343548904488
0.14,0.17,0.0020003454624094386,0.0647098262265209,0.030912545730027184,2.0933192235819136
0.14,0.18,0.0035438207966768894,0.08584607217324694,0.041281105902260286,2.0795487498930245
0.14,0.19,0.005519192644286567,0.10677962196451558,0.05168769604860254,2.06586151303996
0.14,0.2,0.007923513209152494,0.12751929404032034,0.062135798890536144,2.052267715507601
0.14,0.21000000000000002,0.010754459959521444,0.14807417765186778,0.07262886838247984,2.0387785318652645
0.14,0.22,0.014010345441247896,0.16845367321743449,0.08317031723709463,2.0254061642836056
0.14,0.23,0.017690129171808455,0.18866753527232238,0.09376350386024052,2.0121638751207653
0.14,0.24000000000000002,0.021793431643319077,0.20872591828182818,0.1044117176377344,1.9990660340060782
0.14,0.25,0.02632055057047557,0.22863942590272252,0.11511816243657809,1.9861281752884699
0.14,0.26,0.03127247968342997,0.24841916364736255,0.1258859390084014,1.9733670464243311
0.14,0.27,0.03665092989609311,0.2680767957705921,0.13671802436588842,1.9608006845765842
0.14,0.28,0.04245835359082111,0.2876246066410988,0.14761725043852428,1.9484484759515357
0.14,0.29000000000000004,0.04869797172047528,0.3070755669972803,0.15858627958149007,1.9363312375298425
0.14,0.30000000000000004,0.05537380434041696,0.3264434056094019,0.16962757828434488,1.9244712971270999
0.14,0.31,0.06249070470188539,0.3457426866939831,0.18074338838350007,1.912892580946799
0.14,0.32,0.07005439726571669,0.36498889366153586,0.19193569580415792,1.9016207075621474
0.14,0.33,0.07807152010024725,0.384198519565641,0.203206197120467,1.8906830845216598
0.14,0.33999999999999997,0.08654967186232954,0.4033891647391902,0.21455626335002798,1.880109014021648
0.14,0.35,0.09549746410455782,0.4225796418781544,0.22598690197218102,1.8699297976578038
0.14,0.36,0.10492457927216858,0.44179008925664837,0.23749871675191633,1.8601788476951155
0.14,0.37,0.11484183491692991,0.46104209198063756,0.24909186582849563,1.8508918002889487
0.14,0.38,0.12526125517994394,0.4803588121204456,0.2607660191076829,1.842106627865812
0.14,0.39,0.13619614978084585,0.49976512734483763,0.2725203147014909,1.8338637539453257
0.14,0.4,0.1476612018207562,0.5192877787450529,0.28435331595441077,1.826206165390061
0.14,0.41000000000000003,0.15967256525554221,0.5389555276912807,0.2962629698586268,1.8191795213167004
0.14,0.42000000000000004,0.17224797311307039,0.5587993219759613,0.30824656784476234,1.8128322591977117
0.14,0.43000000000000005,0.1854068578062065,0.578852471094768,0.3203007105688803,1.8072156944849687
0.14,0.44000000000000006,0.19917048503636145,0.5991508311786045,0.33242127803539595,1.802384115480139
0.14,0.45000000000000007,0.21356210308445087,0.6197329994783144,0.34460340705469206,1.7983948701353276
0.14,0.45999999999999996,0.22860710918279384,0.6406405191158915,0.3568414771801828,1.7953084495062994
0.14,0.47,0.2443332353632654,0.661918094465419,0.36912910737180377,1.7931885653187052
0.14,0.48,0.26077075669976346,0.6836138192069755,0.3814591650623301,1.7921022269717222
0.14,0.49,0.27795272418148814,0.7057794179794926,0.3938237884255849,1.792119822931553
0.14,0.5,0.29591522658924607,0.7284705052743525,0.40621442384657724,1.7933152111543136
0.14,0.51,0.31469768475660986,0.7517468649437282,0.4186218784965155,1.795765829639947
0.14,0.52,0.3343431834207748,0.7756727556426304,0.43103638872010885,1.7995528357730124
0.14,0.53,0.3548988457237995,0.8003172488789141,0.4434477030464387,1.8047612906343171
0.14,0.54,0.3764162575049482,0.8257546085481396,0.45584517919527184,1.8114804021968356
0.14,0.55,0.39895194850401783,0.8520647219817579,0.46821789262219826,1.819803846473853
0.14,0.56,0.4225679396860229,0.8793335955938576,0.48055475396756764,1.8298301875777578
0.14,0.5700000000000001,0.4473323677391198,0.9076539306193327,0.49284463235220605,1.841663418930548
0.14,0.58,0.4733201989983642,0.9371257962037223,0.505076480570458,1.8554136497214972
0.14,0.59,0.500614048715167,0.9678574215587098,0.5172394585856881,1.8711979635219003
0.14,0.6,0.5293051235609146,0.9999661309140779,0.5293230512488178,1.8891414771279738
0.14,0.61,0.5594943094695977,1.0335794494642545,0.5413171766907768,1.9093786304414253
0.14,0.62,0.5912934323845658,1.0688364140493678,0.5532122826395909,1.9320547420775507
0.14,0.63,0.6248267230793386,1.10588912586213,0.564999427580261,1.9573278695136958
0.14,0.64,0.6602325274818579,1.144904592799707,0.5766703458384684,1.985371020136359
0.14,0.65,0.697665310031625,1.186066915307538,0.5882174951745668,2.0163747679003428
0.14,0.66,0.7372980115149949,1.2295798843721852,0.5996340871268027,2.0505503452344094
0.14,0.67,0.7793248358450295,1.275670073586564,0.610914100739188,2.0881332940965693
0.14,0.6799999999999999,0.8239645599265001,1.3245905290674298,0.6220522809464805,2.129387785624716
0.14,0.69,0.871464484696887,1.3766251871038764,0.6330441233101807,2.17461174729104
0.14,0.7,0.922105176681781,1.4320941835343874,0.6438858472325046,2.2241429745500585
0.14,0.71,0.9762061912539476,1.4913602659057115,0.6545743597782472,2.278366458489064
0.14,0.72,1.0341330226240395,1.554836578921053,0.6651072123230181,2.3377232273432726
0.14,0.73,1.096305598916619,1.622996175793881,0.6754825521263883,2.402721092772512
0.14,0.74,1.1632087379011598,1.696383716278369,0.6856990707580468,2.473947812708862
0.14,0.75,1.2354051128349177,1.7756299621176135,0.6957559509536411,2.552087351439593
0.14,0.76,1.313551460138108,1.8614698827174276,0.7056528135822147,2.6379401412257675
0.14,0.77,1.3984190155773089,1.9547654696787613,0.7153896655475093,2.7324485714826765
0.14,0.78,1.490919524476514,2.0565347573742088,0.7249668497604804,2.836729373286049
0.14,0.79,1.5921386842408667,2.167989119125318,0.7343849976900346,2.9521152065260075
0.14,0.8,1.7033796192393298,2.2905817340076524,0.7436449850052105,3.0802086750999913
0.14,0.8099999999999999,1.826220086513968,2.4260713438958246,0.7527478905799175,3.2229533609543264
0.14,0.82,1.9625887490919405,2.5766072447767177,0.7616949587759207,3.3827284992373396
0.14,0.83,2.114868370650262,2.744844259405464,0.7704875653339781,3.562477037790577
0.14,0.84,2.286037708972661,2.9341008102210493,0.7791271864310741,3.765881695979833
0.14,0.85,2.479870166691785,3.1485802054277103,0.7876153710224173,3.9976114246481544
0.14,0.86,2.701217578284384,3.3936867487178457,0.7959537159123244,4.263673478586619
0.14,0.87,2.9564249779364506,3.6764877336789468,0.8041438438251088,4.571927972725407
0.14,0.88,3.2539527501470604,4.006406422656852,0.8121873836227527,4.93285971124831
0.14,0.89,3.6053381370764663,4.396293003473232,0.8200859529217267,5.360771011636676
0.14,0.9,4.026733649760649,4.864138109175705,0.8278411425375899,5.875690225138622
0.14,0.91,4.541471089287428,5.435928677022863,0.8354545026471338,6.5065526127385125
0.14,0.92,5.1845485829254025,6.150645691356981,0.8429275303909703,7.296766886358738
0.14,0.93,6.010963653756277,7.069545701100575,0.8502616586551666,8.314553089789165
0.14,0.94,7.1123793602326,8.294723846539847,0.8574582459667461,9.67361837798634
0.14,0.95,8.653789805038352,10.009952515027594,0.8645185671007646,11.578643763079384
0.15000000000000002,0.18,0.001997431572830493,0.06397461516812054,0.0312222522571084,2.049007055650682
0.15000000000000002,0.19,0.003539558577333945,0.08488545380415252,0.041698058014750156,2.035717197528129
0.15000000000000002,0.2,0.005513976915450169,0.10560389824097316,0.052213763007763724,2.0225299261666083
0.15000000000000002,0.21000000000000002,0.007918098036444367,0.1261391220298376,0.0627727378233327,2.0094570733053407
0.15000000000000002,0.22,0.01074996663688371,0.14650062211864637,0.07337830025170565,1.9965115247438703
0.15000000000000002,0.23,0.014008272030817375,0.16669826284778552,0.08403370132062213,1.983707253495417
0.15000000000000002,0.24000000000000002,0.01769236157828562,0.18674232265584298,0.09474210948362133,1.971059370259497
0.15000000000000002,0.25,0.021802256374887797,0.20664354438326826,0.10550659320114288,1.958584180510056
0.15000000000000002,0.26,0.02633866940867867,0.2264131889819892,0.11633010217781029,1.9462992359098694
0.15000000000000002,0.27,0.03130302610696036,0.2460630934844618,0.12721544569599205,1.9342234124029332
0.15000000000000002,0.28,0.03669748791702652,0.2656057333661512,0.13816527019933386,1.9223769691396133
0.15000000000000002,0.29000000000000004,0.04252497870178003,0.28505428989501624,0.14918203377132727,1.9107816316002226
0.15000000000000002,0.30000000000000004,0.0487892144852182,0.30442272269249243,0.16026797886076927,1.8994606711609918
0.15000000000000002,0.31,0.055494736722293284,0.323725848041982,0.1714251026229345,1.8884389922405191
0.15000000000000002,0.32,0.06264694943502797,0.34297942327905584,0.18265512501039158,1.8777432237915204
0.15000000000000002,0.33,0.07025216064013802,0.36220023770441884,0.19395945481810747,1.8674018136629909
0.15000000000000002,0.33999999999999997,0.07831762832541887,0.3814062104383374,0.20533915332792047,1.8574451304435016
0.15000000000000002,0.35,0.08685161161744981,0.40061649522891457,0.21679489649526865,1.8479055628399337
0.15000000000000002,0.36,0.09586342759532972,0.41985159304225295,0.22832693547903776,1.8388176242167393
0.15000000000000002,0.37,0.10536351420591497,0.43913347203924835,0.239935056001602,1.830218057157585
0.15000000000000002,0.38,0.11536350028986353,0.4584856957486918,0.25161853763284536,1.8221459359155052
0.15000000000000002,0.39,0.1258762830414506,0.4779335589755254,0.2633761130130153,1.8146427688827929
0.15000000000000002,0.4,0.13691611410493998,0.49750423196856275,0.2752059285268385,1.8077525968705481
0.15000000000000002,0.41000000000000003,0.14849869519195133,0.5172269126033021,0.28710550741555374,1.8015220859371146
0.15000000000000002,0.42000000000000004,0.16064128424168136,0.5371329867652144,0.29907171631575685,1.7960006161134772
0.15000000000000002,0.43000000000000005,0.17336281347323648,0.5572561966601283,0.31110073699004703,1.7912403617287362
0.15000000000000002,0.44000000000000006,0.1866840208253314,0.5776328177683351,0.323188044520356,1.7872963668120865
0.15000000000000002,0.45000000000000007,0.20062759649047043,0.5983018441293578,0.3353283939520887,1.7842266116445913
0.15000000000000002,0.45999999999999996,0.2152183462180251,0.6193051829457207,0.34751581634492473,1.7820920770150876
0.15000000000000002,0.47,0.23048337380679876,0.6406878591034313,0.3597436263726515,1.7809568040539934
0.15000000000000002,0.48,0.24645228556141408,0.6624982318936394,0.3720044427242799,1.780887956719017
0.15000000000000002,0.49,0.2631574189807632,0.6847882252397934,0.3842902218253137,1.781955892572975
0.15000000000000002,0.5,0.2806340999092619,0.7076135756493133,0.3965923062622834,1.7842342488140408
0.15000000000000002,0.51,0.29892093157618643,0.731034101663637,0.40890148749001276,1.7878000546072659
0.15000000000000002,0.52,0.31806012045919635,0.755114000869395,0.42120808261136755,1.792733881524561
0.15000000000000002,0.53,0.3380978441806045,0.77992218149652,0.4335020239222585,1.7991200466376285
0.15000000000000002,0.54,0.35908466824560376,0.805532638305271,0.44577295961721436,1.8070468854750243
0.15000000000000002,0.55,0.3810760187082255,0.83202488287885,0.45801036309116433,1.816607111820394
0.15000000000000002,0.56,0.4041327198161893,0.8594844419089556,0.47020364780378276,1.8278982860371613
0.15000000000000002,0.5700000000000001,0.42832160750440734,0.8880034390071037,0.48234228460119827,1.8410234129510479
0.15000000000000002,0.58,0.45371623068436817,0.9176812770300051,0.4944159176405788,1.85609169180739
0.15000000000000002,0.59,0.48039765610301005,0.948625442611918,0.5064144756441457,1.8732194442216363
0.15000000000000002,0.6,0.5084553942416979,0.9809524557655651,0.5183282749874805,1.892531245356543
0.15000000000000002,0.61,0.5379884680318685,1.014788992330264,0.5301481116744118,1.9141612881071477
0.15000000000000002,0.62,0.5691066514053705,1.0502732121486662,0.5418653402014155,1.9382550132441974
0.15000000000000002,0.63,0.6019319084400726,1.0875563294770545,0.5534719371542882,1.9649710427393947
0.15000000000000002,0.64,0.6366000735820426,1.1268044724409867,0.5649605491918055,1.9944834627000367
0.15000000000000002,0.65,0.6732628199049194,1.1682008848205827,0.576324524876834,2.0269845102813178
0.15000000000000002,0.66,0.7120899754824479,1.2119485380474588,0.5875579309907655,2.062687735324786
0.15000000000000002,0.67,0.7532722614057219,1.2582732352615746,0.5986555545299579,2.1018317223324257
0.15000000000000002,0.6799999999999999,0.7970245434971645,1.3074273106281757,0.6096128916828427,2.144684484967188
0.15000000000000002,0.69,0.8435897141010583,1.3596940539150126,0.6204261257685744,2.1915486750830238
0.15000000000000002,0.7,0.8932433505802463,1.41539302449355,0.6310920960627618,2.2427677882893176
0.15000000000000002,0.71,0.9462993381521401,1.4748864655844962,0.6416082595056715,2.298733602215199
0.15000000000000002,0.72,1.0031166981913102,1.538587090116363,0.6519726472652546,2.3598951529179564
0.15000000000000002,0.73,1.0641079343405146,1.606967590543013,0.662183817895755,2.4267696478140026
0.15000000000000002,0.74,1.129749305075296,1.6805723340301435,0.6722408087999814,2.4999558372990434
0.15000000000000002,0.75,1.2005935623839208,1.7600318541405906,0.682143087103478,2.5801505394037685
0.15000000000000002,0.76,1.2772858754423504,1.8460809518688484,0.6918905014156135,2.6681692378949444
0.15000000000000002,0.77,1.360583908749315,1.9395815051109713,0.7014832349989183,2.7649720026651274
0.15000000000000002,0.78,1.4513833767178612,2.0415514840806996,0.7109217612366077,2.8716964304616837
0.15000000000000002,0.79,1.5507509002686435,2.1532022420889914,0.7202068017373684,2.9896999540892715
0.15000000000000002,0.8,1.6599667201166686,2.2759869772695698,0.7293392873926188,3.1206148038537758
0.15000000000000002,0.8099999999999999,1.7805809003723192,2.411664484782208,0.7383203225854693,3.2664202934804485
0.15000000000000002,0.82,1.9144882656522348,2.5623841434270758,0.7471511523996911,3.4295391704841
0.15000000000000002,0.83,2.064029788064133,2.730800884230857,0.7558331330500783,3.6129679486410207
0.15000000000000002,0.84,2.2321319950137806,2.920233259571456,0.764367705113168,3.8204560972903776
0.15000000000000002,0.85,2.4225021399620372,3.1348847257957106,0.7727563696451857,4.056756888636332
0.15000000000000002,0.86,2.639907018393575,3.38015975021153,0.7810006666780677,4.327985742430677
0.15000000000000002,0.87,2.890580469820974,3.6631258027983606,0.7891021563094506,4.642143952476854
0.15000000000000002,0.88,3.1828346300459094,3.993206333067158,0.7970624016318216,5.009904274611232
0.15000000000000002,0.89,3.528004595303044,4.383251724837829,0.8048829537467581,5.445825016461884
0.15000000000000002,0.9,3.9419598846616406,4.851252814729573,0.8125653383169187,5.9702925856744775
0.15000000000000002,0.91,4.447623546269628,5.423196749912094,0.8201110436094211,6.612759079604467
0.15000000000000002,0.92,5.079380592414304,6.138064730106174,0.8275215097522184,7.4174080767327375
0.15000000000000002,0.93,5.8912650959174755,7.057113524574008,0.8347981190047659,8.453676839841705
0.15000000000000002,0.94,6.973334382924411,8.282438498411777,0.8419421869853428,9.837300739220428
0.15000000000000002,0.95,8.48769225944234,9.997812268221338,0.8489549545174989,11.776611014542658
0.16,0.19,0.001995774036072967,0.06327423065854304,0.0315416562999096,2.0060528862818274
0.16,0.2,0.003537535828890793,0.08397186048914641,0.04212763428467836,1.9932726324413288
0.16,0.21000000000000002,0.005512271824999332,0.1044877938580974,0.052755174757402074,1.9806169601103771
0.16,0.22,0.007917757806658595,0.12483162615508511,0.06342749870791504,1.9680994631356559
0.16,0.23,0.010752412052679874,0.14501333378786244,0.07414774746444626,1.955734850305414
0.16,0.24000000000000002,0.01401530822259809,0.16504332190180973,0.08491896588785523,1.943538998340694
0.16,0.25,0.01770619046009478,0.18493247563919243,0.09574408388194604,1.931529010891337
0.16,0.26,0.021825490949007296,0.20469221494961382,0.10662589661448418,1.9197232703205067
0.16,0.27,0.0263743498276015,0.22433455349056386,0.11756704180085605,1.908141516995543
0.16,0.28,0.03135463809391656,0.24387216209316784,0.12856997627280625,1.8968049086025154
0.16,0.29000000000000004,0.03676898327295823,0.26331843695561535,0.1396369494596232,1.8857361033352804
0.16,0.30000000000000004,0.04262079841215306,0.28268757309716686,0.15076997529531733,1.87495933818029
0.16,0.31,0.04891431453369234,0.3019946433523875,0.16197080183510362,1.8645005144806093
0.16,0.32,0.05565461689619583,0.3212556832679195,0.1732408788229319,1.8543872869420865
0.16,0.33,0.06284768548189101,0.34048778224383586,0.18458132349924805,1.8446491540365564
0.16,0.33999999999999997,0.07050043996781229,0.3597091812592831,0.19599288436564719,1.8353175546322609
0.16,0.35,0.07862078980161655,0.3789393771216656,0.2074759039263789,1.8264259605593962
0.16,0.36,0.08721768981760283,0.3981992339854538,0.21903028025611146,1.8180099734148203
0.16,0.37,0.09630120188803208,0.4175111015894156,0.23065542813454482,1.8101074185250696
0.16,0.38,0.10588256353769994,0.43689894098645027,0.2423502407642222,1.8027584359262125
0.16,0.39,0.11597426388132104,0.45638845706225617,0.25411305234983395,1.7960055685528205
0.16,0.4,0.1265901280528479,0.47600723853511623,0.26594160299415065,1.7898938457763074
0.16,0.41000000000000003,0.13774541099054197,0.49578490471269626,0.2778330071795236,1.7844708580371866
0.16,0.42000000000000004,0.14945690159407418,0.5157532595949464,0.2897837266437291,1.7797868278125664
0.16,0.43000000000000005,0.16174303856946629,0.53594645269908,0.30178954959942755,1.7758946703438026
0.16,0.44000000000000006,0.1746240394172781,0.5564011474413966,0.31384557745842995,1.7728500492096118
0.16,0.45000000000000007,0.18812204428279883,0.5771566970646304,0.3259462209129193,1.7707114242592343
0.16,0.45999999999999996,0.20226127626703067,0.5982553289767935,0.3380852062161513,1.7695400981085965
0.16,0.47,0.21706822061248318,0.6197423386486476,0.35025559345485724,1.7694002614936775
0.16,0.48,0.23257182544236557,0.6416662955420697,0.36244980772426655,1.770359045217695
0.16,0.49,0.2488037263724061,0.6640792629144932,0.3746596833643969,1.7724865855625156
0.16,0.5,0.26579849901701375,0.6870370360514919,0.38687652203525846,1.775856111498226
0.16,0.51,0.2835939428686943,0.7105994034921752,0.3990911637062994,1.7805440664056449
0.16,0.52,0.3022314014082502,0.7348304376280459,0.41129406994057144,1.786630275837001
0.16,0.53,0.32175612342526094,0.7597988222605567,0.4234754174374353,1.7941981776848008
0.16,0.54,0.3422176723746093,0.7855782272391895,0.4356252000227755,1.803335131204801
0.16,0.55,0.3636703907271268,0.8122477405954703,0.4477333362115787,1.8141328217107302
0.16,0.56,0.3861739280947182,0.8398923717341393,0.459789779132508,1.8266877817918796
0.16,0.5700000000000001,0.40979384392795437,0.8686036413431246,0.4717846258326626,1.8411020490761176
0.16,0.58,0.43460229648502813,0.8984802745964294,0.48370822239835887,1.8574839810278938
0.16,0.59,0.4606788335228862,0.9296290188310375,0.49555126205307903,1.8759492509000288
0.16,0.6,0.4881113019478106,0.9621656081996209,0.507304873285953,1.8966220489218053
0.16,0.61,0.5169968978031373,0.996215902159702,0.5189606958515085,1.9196365160662412
0.16,0.62,0.5474433831055906,1.0319172300881092,0.5305109432651374,1.945138442832046
0.16,0.63,0.5795704997720927,1.0694199777100704,0.5419484504236739,1.9732872690641334
0.16,0.64,0.6135116204380151,1.1088894616281746,0.5532667066176283,2.0042584315389615
0.16,0.65,0.6494156822563633,1.1505081445954901,0.5644598739322204,2.0382461140783263
0.16,0.66,0.6874494627850118,1.1944782590795786,0.5755227921140527,2.0754664723041345
0.16,0.67,0.7278002700795052,1.241024920706706,0.5864509712383994,2.116161421109173
0.16,0.6799999999999999,0.7706791375972523,1.290399834673737,0.5972405737265998,2.160603099387629
0.16,0.69,0.8163246381233714,1.3428857251762487,0.6078883875366475,2.209099158182703
0.16,0.7,0.8650074608308241,1.398801652063427,0.618391792399457,2.2619990582925715
0.16,0.71,0.9170359359433071,1.4585094260265439,0.6287487208372816,2.319701619566399
0.16,0.72,0.9727627436196015,1.5224213934605795,0.6389576156759319,2.382664133128863
0.16,0.73,1.0325931144330085,1.591009944320885,0.6490173855410853,2.4514134440242477
0.16,0.74,1.0969949223427324,1.6648192039402516,0.6589273596474577,2.52655953583559
0.16,0.75,1.1665112009389298,1.7444795208250188,0.6686872428214293,2.6088123252724835
0.16,0.76,1.2417757890220509,1.830725563227602,0.6782970719176379,2.699002603758693
0.16,0.77,1.3235330580683144,1.9244191239072235,0.6877571739055957,2.798108397734252
0.16,0.78,1.4126630205029804,2.0265781306747312,0.6970681263754913,2.9072884758226194
0.16,0.79,1.510213612517813,2.1384139324827154,0.7062307206184554,3.0279253932908476
0.16,0.8,1.617442661487224,2.261379756557086,0.7152459275348576,3.1616814154413726
0.16,0.8099999999999999,1.735873108005205,2.3972344562897687,0.72411486638309,3.310572075758933
0.16,0.82,1.8673666344634348,2.548127493927954,0.7328387762830805,3.4770642280310575
0.16,0.83,2.0142232815260006,2.716713905511884,0.7414189905824774,3.6642086863428807
0.16,0.84,2.1793184214844823,2.906312366694952,0.749856913681579,3.8758225918406284
0.16,0.85,2.3662945210074486,3.121126472688652,0.7581540003949395,4.116744712898417
0.16,0.86,2.579835088209199,3.3665608426020883,0.7663117373560338,4.393200154049005
0.16,0.87,2.826065058786424,3.6496831090519213,0.7743316267040379,4.713333387384536
0.16,0.88,3.1131513745079427,3.9799168932349356,0.7822151713267377,5.088007800314694
0.16,0.89,3.452231151414613,4.370112758231359,0.7899638618962719,5.532041361665716
0.16,0.9,3.8588967488366035,4.838261726295585,0.7975791652327928,6.0661836933559075
0.16,0.91,4.355670886429554,5.410351135558799,0.8050625139286244,6.720411200313908
0.16,0.92,4.976338098650545,6.125362381477605,0.8124152970440446,7.539693557918718
0.16,0.93,5.773988866617668,7.04455243322718,0.8196388516300026,8.594702922168455
0.16,0.94,6.837107882183986,8.270016859701153,0.8267344551013469,10.003232366416078
0.16,0.95,8.324968231334624,9.985528485166638,0.8337033181269522,11.977316472244256
0.17,0.2,0.0019953857751271744,0.0626091178500642,0.03187053010243183,1.964483102378235
0.17,0.21000000000000002,0.0035377775776657605,0.08310602502184675,0.042569447603055914,1.952245793668247
0.17,0.22,0.005514119703923338,0.10343240862273616,0.05331133420701604,1.9401579450458386
0.17,0.23,0.007922558336655321,0.12359835956049844,0.06409921915490648,1.9282350267294575
0.17,0.24000000000000002,0.010761892613827337,0.14361441255299218,0.07493602085275604,1.9164937091493597
0.17,0.25,0.01403158917466559,0.16349159839736496,0.08582452745101873,1.9049519205412686
0.17,0.26,0.017731799092484492,0.1832414997118993,0.09676737595120782,1.893628900346472
0.17,0.27,0.021863377178462415,0.2028763108941049,0.10776702850178702,1.8825452804494909
0.17,0.28,0.02642790420707666,0.22240890247622996,0.11882574803812608,1.871723142065712
0.17,0.29000000000000004,0.03142771188235039,0.24185289013973477,0.1299455708972197,1.8611860986861033
0.17,0.30000000000000004,0.03686591108074572,0.26122270895926375,0.14112827796489452,1.850959373459106
0.17,0.31,0.0427464234983164,0.28053369285248153,0.15237536377063474,1.8410698810521562
0.17,0.32,0.04907401704561272,0.2998021598155396,0.16368800370152994,1.8315463139388108
0.17,0.33,0.055854345424550166,0.3190455029967748,0.1750670199075484,1.8224192264497356
0.17,0.33999999999999997,0.06309399209440025,0.33828228799903187,0.18651284543334057,1.81372112581883
0.17,0.35,0.07080051927771165,0.35753235622701157,0.1980254878883118,1.8054865565015705
0.17,0.36,0.0789825224081423,0.3768169348073416,0.2096044925595617,1.7977521865389616
0.17,0.37,0.08764969052731232,0.39615875269145123,0.2212489057273925,1.790556890616085
0.17,0.38,0.09681287350984114,0.41558216325875325,0.23295723943176716,1.7839418267165579
0.17,0.39,0.10648415653032439,0.43511327308527264,0.2447274379273091,1.7779505100466644
0.17,0.4,0.11667694282570414,0.4547800768845078,0.25655684748770213,1.772628878698345
0.17,0.41000000000000003,0.1274060456962725,0.47461259849690235,0.2684421907462366,1.7680253509239257
0.17,0.42000000000000004,0.13868779069658035,0.494643037997076,0.28037954654766656,1.764190876573028
0.17,0.43000000000000005,0.15054012930985658,0.5149059246273756,0.29236433707535736,1.7611789788665566
0.17,0.44000000000000006,0.16298276555577387,0.5354382763315404,0.3043913234451992,1.759045791027409
0.17,0.45000000000000007,0.17603729715024138,0.5562797660559063,0.31645461131611535,1.7578500870705371
0.17,0.45999999999999996,0.1897273729568285,0.5774728961761548,0.3285476672812593,1.757653313915629
0.17,0.47,0.20407886887448207,0.5990631820271489,0.34066334736831394,1.7585196254748874
0.17,0.48,0.21912008495760804,0.6210993479139519,0.35279393818968435,1.7605159292164754
0.17,0.49,0.23488196601488848,0.6436335376462943,0.36493121050501687,1.7637119520569096
0.17,0.5,0.25139834957852875,0.6667215446097311,0.3770664854181157,1.768180335280732
0.17,0.51,0.2687062447494586,0.6904230666611132,0.3891907117891097,1.773996772654821
0.17,0.52,0.2868461465868424,0.7148019923942757,0.4012945537910892,1.7812402028421148
0.17,0.53,0.30586239107221497,0.739926727072522,0.4133684862044949,1.7899930734112073
0.17,0.54,0.32580355720491533,0.7658705682636942,0.4254028953528597,1.8003416916766073
0.17,0.55,0.3467229231707902,0.7927121420999762,0.43738818261605716,1.8123766795863008
0.17,0.56,0.3686789851840069,0.8205359133916794,0.4493148674749347,1.826193551090213
0.17,0.5700000000000001,0.39173604959741615,0.849432785140149,0.4611736872538809,1.8418934310806145
0.17,0.58,0.4159649097559023,0.8795008035604492,0.47295569040069946,1.8595839344174399
0.17,0.59,0.44144362287460587,0.9108459895306924,0.4846523209725685,1.8793802280836422
0.17,0.6,0.4682584037355658,0.9435833178831223,0.4962554920810576,1.901406297643551
0.17,0.61,0.49650465631060003,0.977837871198883,0.5077576466759852,1.9257964456079761
0.17,0.62,0.5262881693574788,1.0137461994400696,0.5191518051048356,1.9526970521374907
0.17,0.63,0.5577265055996695,1.0514579205868686,0.5304315985259552,1.9822686346530285
0.17,0.64,0.5909506237921678,1.0911376081124922,0.5415912891266075,2.014688252966745
0.17,0.65,0.6261067787151887,1.1329670174348818,0.5526257773441094,2.0501523162380555
0.17,0.66,0.6633587574138932,1.1771477187389503,0.5635305976080328,2.0888798651492615
0.17,0.67,0.702890522326138,1.223904217578765,0.5743019038831796,2.1311164203065625
0.17,0.6799999999999999,0.7449093505583175,1.2734876663389487,0.5849364467736071,2.17713851370222
0.17,0.69,0.7896495813196673,1.326180296819113,0.5954315436699428,2.2272590542402235
0.17,0.7,0.8373771131853536,1.3823007380853012,0.6057850438141625,2.2818337167619993
0.17,0.71,0.8883948325672073,1.4422104314460131,0.6159952897279144,2.3412686030164918
0.17,0.72,0.9430492057073866,1.5063214137181753,0.626061076420325,2.4060294920920158
0.17,0.73,1.0017383363021972,1.5751058224319765,0.635981609639094,2.476653095874605
0.17,0.74,1.0649218827204174,1.6491075842774479,0.6457564642072822,2.553760861382719
0.17,0.75,1.133133356274647,1.7289568990120974,0.6553855431110539,2.638076041172499
0.17,0.76,1.206995494299736,1.81538833171165,0.6648690383295089,2.7304449854859145
0.17,0.77,1.287239644168704,1.9092636132315963,0.6742073934934202,2.8318639511481853
0.17,0.78,1.3747304342767217,2.011600646336683,0.6834012689249416,2.94351318589316
0.17,0.79,1.4704974947977474,2.1236107875516814,0.6924515092019707,3.0668007208173726
0.17,0.8,1.575776694333556,2.2467473003271063,0.701359113285298,3.2034192723367054
0.17,0.8099999999999999,1.692064400467484,2.3827690990958765,0.7101252073100685,3.3554210927418415
0.17,0.82,1.8211898263343327,2.533825728560986,0.718751019774602,3.5253177510003195
0.17,0.83,1.9654129126324136,2.7025723255255607,0.7272378593050995,3.716215115791634
0.17,0.84,2.1275589161694795,2.8923276819459014,0.7355870945916126,3.931998947795135
0.17,0.85,2.3112068337564646,3.1072955224414853,0.7438001365060016,4.177594719245407
0.17,0.86,2.5209585795690157,3.3528806064147196,0.7518784220189428,4.459338781676391
0.17,0.87,2.7628324002705864,3.636150716075261,0.7598234000742121,4.785520840395436
0.17,0.88,3.0448529967841305,3.966529629783927,0.7676365188150619,5.1671976678581375
0.17,0.89,3.3779635322350052,4.356868074224756,0.7753192143271553,5.619450664595966
0.17,0.9,3.7774848445895333,4.825157240567849,0.7828729005616777,6.163397962946483
0.17,0.91,4.265547469857263,5.397384640571534,0.7902989603137826,6.829547945284581
0.17,0.92,4.875347681947242,6.112531847266757,0.7975987371137008,7.663667910742181
0.17,0.93,5.659051569302315,7.031856011034215,0.8047735278456033,8.737683047128364
0.17,0.94,6.703603188246655,8.25745288538714,0.8118245760880736,10.171474390658632
0.17,0.95,8.165502502795556,9.973095482463524,0.8187530659015149,12.180834366076322
0.18,0.2,0.0008896041798791027,0.04150188435836088,0.021435272003496045,1.9361491821327022
0.18,0.21000000000000002,0.0019962827377575077,0.061979918698137064,0.03220854076108217,1.9243317838549172
0.18,0.22,0.0035403142595251845,0.08228895801909059,0.04302295647860617,1.912675574957524
0.18,0.23,0.005519571528767004,0.1024392103654295,0.05388143377010757,1.9011968167458249
0.18,0.24000000000000002,0.00793257811371272,0.12244134307511904,0.06478676168102795,1.8899129991702388
0.18,0.25,0.01077852233655258,0.1423065360822451,0.07574158315766473,1.878842904379459
0.18,0.26,0.014057273616872975,0.16204653864302554,0.08674837324257771,1.8680066563310502
0.18,0.27,0.017769401159501267,0.18167373015335347,0.0978094144073656,1.8574258035806461
0.18,0.28,0.021916195497490767,0.20120118537815096,0.10892677126280345,1.847123375140906
0.18,0.29000000000000004,0.026499692781558035,0.220642744261892,0.12010226246145767,1.8371239620294335
0.18,0.30000000000000004,0.031522702268016706,0.24001308664835336,0.13133743125515934,1.8274537910069328
0.18,0.31,0.0369888371731615,0.25932781214547324,0.1426335141886445,1.8181408038680935
0.18,0.32,0.042902549231116666,0.27860352535546756,0.1539914083153748,1.809214737389029
0.18,0.33,0.049269167341809895,0.2978579266874587,0.16541163731898223,1.8007072024386355
0.18,0.33999999999999997,0.05609494057481244,0.3171099088060555,0.17689431650374607,1.792651765605709
0.18,0.35,0.06338708609795891,0.33637965863695163,0.18843911773622268,1.7850840243681054
0.18,0.36,0.07115384251122588,0.3556887654325223,0.20004523455977544,1.7780416824987606
0.18,0.37,0.07940452896873376,0.37506033390923144,0.21171134825457308,1.771564618530693
0.18,0.38,0.08814961108293644,0.39451910352597336,0.22343559613491076,1.765694949016817
0.18,0.39,0.09740077387973958,0.4140915724857737,0.23521554253095991,1.760477084252498
0.18,0.4,0.10717100300714258,0.4338061274730523,0.24704815404849248,1.7559577773161648
0.18,0.41000000000000003,0.11747467493115235,0.4536931780164197,0.2589297803523526,1.7521861618197503
0.18,0.42000000000000004,0.1283276572009975,0.47378529628095845,0.2708561413963725,1.7492137849945157
0.18,0.43000000000000005,0.13974742001246857,0.4941173616823966,0.2828223228923777,1.7470946303995352
0.18,0.44000000000000006,0.15175316044281653,0.5147267114084288,0.2948227808647809,1.745885137839826
0.18,0.45000000000000007,0.16436594104609845,0.5356532972597036,0.3068513568141223,1.7456442194719703
0.18,0.45999999999999996,0.17760884440370966,0.55693985028607,0.3189013038167076,1.746433280831545
0.18,0.47,0.19150714583617495,0.5786320548244464,0.33096532457794287,1.7483162490280082
0.18,0.48,0.20608850698363781,0.6007787355238213,0.3430356215986048,1.7513596189342946
0.18,0.49,0.22138319242079535,0.6234320599473507,0.3551039586246034,1.7556325262101884
0.18,0.5,0.23742431321639876,0.6466477622860927,0.3671617332704175,1.7612068570605408
0.18,0.51,0.25424810082781085,0.6704853937645079,0.3792000589309027,1.7681574091914443
0.18,0.52,0.2718942159105151,0.6950086068639691,0.39120985441800665,1.776562116253223
0.18,0.53,0.2904060969812048,0.7202854816326166,0.4031819388098221,1.786502351168984
0.18,0.54,0.30983135547403706,0.746388904718035,0.4151071291595401,1.798063324591016
0.18,0.55,0.33022222384823685,0.7733970114583403,0.42697633809776436,1.8113345926941187
0.18,0.56,0.35163606535119696,0.8013937045654551,0.4387806684129954,1.8264106927590436
0.18,0.5700000000000001,0.37413595571411445,0.8304692642568595,0.45051150213115687,1.8433919230215037
0.18,0.58,0.39779134819344303,0.8607210658092727,0.4621605813951226,1.862385284376735
0.18,0.59,0.422678836846915,0.8922544244698462,0.473720079447137,1.8835056042191978
0.18,0.6,0.448883034631377,0.9251835889958023,0.48518265992871346,1.906876863925304
0.18,0.61,0.4764975870338732,0.9596329094458754,0.49654152368432114,1.9326337550290498
0.18,0.62,0.5056263468196941,0.9957382103494512,0.5077904428737812,1.9609234957518817
0.18,0.63,0.5363847390070101,1.0336484035751174,0.5189237821601589,1.9919079431516509
0.18,0.64,0.5689013546905187,1.0735273866934438,0.5299365081339783,2.0257660497359717
0.18,0.65,0.6033198179814302,1.1155562784738295,0.5408241875585338,2.0626967212946483
0.18,0.66,0.6398009833357711,1.1599360588961314,0.5515829760001135,2.102922151998927
0.18,0.67,0.6785255327190581,1.2068906949109597,0.5622095982512464,2.1466917296769648
0.18,0.6799999999999999,0.7196970602913889,1.2566708553800525,0.5727013220766805,2.1942866323814663
0.18,0.69,0.7635457547202752,1.3095583452594215,0.5830559268201356,2.246025269653766
0.18,0.7,0.8103328182999483,1.3658714237176306,0.5932716683495606,2.302269763727952
0.18,0.71,0.8603558010884915,1.4259712179607789,0.6033472416917713,2.363433723443219
0.18,0.72,0.9139550783741938,1.4902695044383114,0.6132817424313244,2.429991635704356
0.18,0.73,0.9715217683294739,1.559238211114346,0.623074627984619,2.502490297442888
0.18,0.74,1.0335074770206238,1.6334211025710288,0.6327256794918763,2.5815628407602835
0.18,0.75,1.1004363829975843,1.71344826001981,0.6422349648216757,2.667946084959061
0.18,0.76,1.172920343485636,1.8000541696912218,0.651602803534983,2.762502186801259
0.18,0.77,1.251677941672131,1.8941005192048879,0.6608297336814866,2.866245906722208
0.18,0.78,1.337558729367971,1.9966051998339955,0.6699164809743959,2.980379280906668
0.18,0.79,1.4315743968669443,2.108779584626289,0.6788639302578621,3.1063361752410126
0.18,0.8,1.5349392935204025,2.2320769779057685,0.6876730994110022,3.2458401816467175
0.18,0.8099999999999999,1.6491237461532071,2.3682563561862855,0.6963451156144551,3.400980782491072
0.18,0.82,1.7759251493609638,2.519467344474265,0.7048811937396017,3.5743148871765906
0.18,0.83,1.9175641479024819,2.688365175338201,0.7132826170690332,3.7690041941369987
0.18,0.84,2.076816888308505,2.878268749723127,0.7215507198583465,3.989004058215316
0.18,0.85,2.2572001709826046,3.0933819122334203,0.7296868718524661,4.2393278974311395
0.18,0.86,2.4632359537441735,3.3391095516365747,0.7376924643089006,4.526424917143196
0.18,0.87,2.7008379357905135,3.622519587189388,0.7455688977753792,4.858732168144654
0.18,0.88,2.977891432835335,3.9530359407905302,0.753317570960363,5.247502637899475
0.18,0.89,3.305149549518471,4.343509488143616,0.7609398709823165,5.708085032443457
0.18,0.9,3.697667054909389,4.81193157397784,0.7684371645901583,6.261971434638064
0.18,0.91,4.177190177148924,5.384289867529365,0.775810790265954,6.940210080970371
0.18,0.92,4.77633874396988,6.099566102793002,0.7830620512142309,7.789377729817067
0.18,0.93,5.5463730165623275,7.01901759418692,0.7901922088293067,8.882671223227831
0.18,0.94,6.572727358623255,8.244740262244182,0.7972024769200172,10.34209062432626
0.18,0.95,8.009184309975295,9.960507288972373,0.8040940162598489,12.387242147755968
0.19,0.21000000000000002,0.0008903465908584403,0.0410958172826835,0.02166513892968872,1.8968637780747413
0.19,0.22,0.0019984839510666457,0.06138749485884743,0.03255522897068694,1.8856416250096524
0.19,0.23,0.003545181936235611,0.08152198072686183,0.043487436205870526,1.8746099526524143
0.19,0.24000000000000002,0.0055286872435024855,0.1015100781400541,0.054464417177125184,1.863787099932245
0.19,0.25,0.00794790883282353,0.12136311991592164,0.06548866606535582,1.8531927310109617
0.19,0.26,0.010802433676475882,0.14109302607007024,0.07656249197682619,1.8428478805624045
0.19,0.27,0.014092544840308996,0.16071236553330814,0.08768799335100495,1.832775040135712
0.19,0.28,0.017819242356574398,0.18023442210282542,0.09886703188366734,1.822998209503241
0.19,0.29000000000000004,0.021984266836384107,0.19967326489243248,0.11010120382529637,1.8135429764170883
0.19,0.30000000000000004,0.026590126215680455,0.21904382341706544,0.12139181009935227,1.8044365862720935
0.19,0.31,0.031640125823880955,0.23836196757852265,0.1327398248357632,1.7957080165914339
0.19,0.32,0.03713840211982105,0.25764459276938173,0.14414586279737573,1.7873880510296014
0.19,0.33,0.04308996042223539,0.2769097099163785,0.1556101461203645,1.7795093496165006
0.19,0.33999999999999997,0.049500716955640345,0.29617654082798645,0.16713247044231436,1.772106521516485
0.19,0.35,0.05637754575703735,0.31546561846725574,0.17871217164950465,1.7652161884415787
0.19,0.36,0.06372833084264394,0.3347988924167332,0.19034809339607844,1.7588770470113402
0.19,0.37,0.07156202415908484,0.3541998388791594,0.20203855649832553,1.753129922417036
0.19,0.38,0.07988871010476974,0.37369357567780465,0.21378133129494598,1.7480178152798282
0.19,0.39,0.08871967710029542,0.39330698133506975,0.22557361376891635,1.743585939701192
0.19,0.4,0.09806749715070098,0.4130688186320243,0.23741200673407126,1.7398817537257452
0.19,0.41000000000000003,0.1079461143633323,0.4330098622189853,0.24929250758898627,1.7369549787388623
0.19,0.42000000000000004,0.1183709432884295,0.4531630304876539,0.261210503339271,1.7348576136659675
0.19,0.43000000000000005,0.12935897839849286,0.4735635217206976,0.27316077456402416,1.7336439409227935
0.19,0.44000000000000006,0.14092891601682558,0.49424895561584054,0.2851375089730364,1.7333705319792858
0.19,0.45000000000000007,0.1531012903698389,0.5152595208354188,0.29713432586671534,1.7340962520316392
0.19,0.45999999999999996,0.16589862531902969,0.5366381304763438,0.30914431140360954,1.7358822746562694
0.19,0.47,0.17934560394925128,0.558430587484608,0.32116006531285246,1.7387921095999985
0.19,0.48,0.19346925864767558,0.5806857638636914,0.33317375883368494,1.742891654782334
0.19,0.49,0.20829918385873775,0.6034557969400248,0.3451772025639184,1.7482492831440095
0.19,0.5,0.2238677753000082,0.6267963084867468,0.3571619236885498,1.7549359741754609
0.19,0.51,0.24021049897036484,0.6507666526474813,0.369119250338241,1.763025504768862
0.19,0.52,0.2573661945141393,0.6754302001254302,0.3810404013121493,1.772594711215717
0.19,0.53,0.2753774177500201,0.7008546671084532,0.39291657839157557,1.7837238377098728
0.19,0.54,0.2942908287417224,0.7271124992690734,0.40473905900057694,1.7964969851551613
0.19,0.55,0.3141576320531792,0.7542813214489388,0.41649928630036487,1.8110026745759589
0.19,0.56,0.33503407758776554,0.782444465941456,0.42818895419580294,1.8273345406842478
0.19,0.5700000000000001,0.3569820321020059,0.8116915939615812,0.43980008510338536,1.8455921712038186
0.19,0.58,0.3800696326413772,0.8421194256996914,0.45132509836783413,1.8658821074766738
0.19,0.59,0.40437203649461384,0.8738325983783064,0.4627568681290485,1.888319025736473
0.19,0.6,0.42997228400019394,0.9069446730025724,0.47408876946893375,1.913027119411659
0.19,0.61,0.456962294527657,0.9415793148294658,0.48531471255867575,1.9401417069457305
0.19,0.62,0.4854440208024539,0.9778716783121388,0.49642916506218626,1.969811097197812
0.19,0.63,0.5155307901566947,1.0159700304107062,0.5074271629334293,2.0021987481659393
0.19,0.64,0.5473488706454841,1.0560376577867219,0.518304311034358,2.0374857690827075
0.19,0.65,0.5810393056249807,1.0982551094342035,0.5290567743630341,2.075873824234581
0.19,0.66,0.6167600728930821,1.1428228420257935,0.539681261357884,2.117588517248781
0.19,0.67,0.6546886368383089,1.1899643492814487,0.5501750008171572,2.16288335077754
0.19,0.6799999999999999,0.695024979601405,1.2399298789190951,0.5605357136867214,2.2120443865456916
0.19,0.69,0.7379952195600884,1.2930008674147697,0.5707615811856636,2.2653957624981915
0.19,0.7,0.7838559538375721,1.3494952574971812,0.5808512104676362,2.3233062670399174
0.19,0.71,0.832899499997029,1.4097739102886402,0.5908035990157452,2.386197228042054
0.19,0.72,0.8854602612257676,1.474248384122731,0.6006180985252844,2.4545520485354957
0.19,0.73,0.941922506825924,1.543390433824246,0.6102943792984438,2.528927819388458
0.19,0.74,1.0027299483784906,1.6177436924345703,0.6198323956185328,2.6099695722102725
0.19,0.75,1.06839761496891,1.6979381476742594,0.6292323524460189,2.6984279194702143
0.19,0.76,1.1395266976630536,1.7847082266358942,0.6384946741748466,2.7951810701355457
0.19,0.77,1.2168232668678725,1.8789155885374822,0.6476199752086937,2.9012625620943933
0.19,0.78,1.3011220950500877,1.9815781235638525,0.6566090327592181,3.017896533096442
0.19,0.79,1.3934172866594223,2.0939072275163175,0.6654627618398455,3.1465430488208903
0.19,0.8,1.4949020969294435,2.2173562484392857,0.6741821924111875,3.2889570110254525
0.19,0.8099999999999999,1.6070213266060138,2.3536842244976146,0.68276844866436,3.447265656610115
0.19,0.82,1.731541181081713,2.5050408578590044,0.6912227302199045,3.624071877760812
0.19,0.83,1.8706437867960564,2.6740814714134324,0.6995462953517625,3.822594000113727
0.19,0.84,2.027057152144239,2.864125067535885,0.7077404458067862,4.046857975272186
0.19,0.85,2.2042371128326703,3.0793756016913267,0.7158065133795328,4.3019664450281265
0.19,0.86,2.4066272540609988,3.325238081355875,0.7237458477197789,4.594483121156843
0.19,0.87,2.640038798888189,3.6087805510494264,0.7315598057411583,4.932994572321119
0.19,0.88,2.9122204399189493,3.939427063504654,0.7392497418972734,5.328952910276537
0.19,0.89,3.233738989852881,4.3300286297596795,0.7468169996909134,5.797978127910528
0.19,0.9,3.619388422402152,4.798576733885529,0.7542629040072558,6.361941848646673
0.19,0.91,4.090538275649106,5.3710591878127225,0.7615887542127258,7.052440254799885
0.19,0.92,4.679243357708534,6.086457871119983,0.7687958179931501,7.916871721555348
0.19,0.93,5.435876059518647,7.006030246601374,0.7758853256672126,9.029723871342236
0.19,0.94,6.444390980450563,8.23187238566974,0.7828584650642947,10.51514769658098
0.19,0.95,7.855907107627651,9.947757623739632,0.7897163767721962,12.596620655632154
0.2,0.23,0.0020020117437587895,0.06083295464774855,0.03290998695281824,1.8484648667579957
0.2,0.24000000000000002,0.003552422637037189,0.08080676249266193,0.04396194733528376,1.8381069854884842
0.2,0.25,0.005541536306194003,0.10064735132172378,0.055058938297146386,1.8279929550864618
0.2,0.26,0.007968656231736254,0.12036681635221262,0.06620309877116534,1.818144748303507
0.2,0.27,0.010833778558981943,0.13997792084842978,0.0773963386033782,1.8085858242694701
0.2,0.28,0.014137612308303795,0.15949416269701766,0.08864031177843318,1.799341174427409
0.2,0.29000000000000004,0.01788160230950421,0.17892984530803985,0.09993638724003714,1.7904373997257712
0.2,0.30000000000000004,0.022067955219765022,0.19830015290895037,0.11128561877558174,1.781902774956411
0.2,0.31,0.02669966882123621,0.2176212304754383,0.1226887136099051,1.7737673178918143
0.2,0.32,0.03178056492647756,0.23691026823798073,0.13414600035213928,1.7660628540253205
0.2,0.33,0.03731532623368134,0.25618559078257,0.14565739673216682,1.7588230775100369
0.2,0.33999999999999997,0.04330953740771889,0.27546675081155036,0.15722237722020901,1.7520836135541047
0.2,0.35,0.04976973097103388,0.2947746271642441,0.1688399420595414,1.7458820677650542
0.2,0.36,0.05670343836253881,0.31413152730688115,0.1805085877519837,1.7402580742501488
0.2,0.37,0.06411924667266755,0.33356129350329816,0.19222628021147647,1.7352533333961044
0.2,0.38,0.0720268618844946,0.35308941310139114,0.203990431918761,1.7309116402185405
0.2,0.39,0.0804371789887491,0.37274313201841547,0.21579788352686555,1.7272789052725404
0.2,0.4,0.08936236002231633,0.3925515717666102,0.2276448916511952,1.7244031654709402
0.2,0.41000000000000003,0.09881592086929228,0.412545849756088,0.23952712390081193,1.722334585902359
0.2,0.42000000000000004,0.10881282774272416,0.4327592031118712,0.25143966196507506,1.721125457017125
0.2,0.43000000000000005,0.11936960459848547,0.4532271161873508,0.26337701416157455,1.720830185694597
0.2,0.44000000000000006,0.13050445282744075,0.4739874533048239,0.27533313786580893,1.7215052898421348
0.2,0.45000000000000007,0.14223738478922,0.4950805974596974,0.28730147276837886,1.7232093963501158
0.2,0.45999999999999996,0.15459037276578683,0.5165495973586963,0.2992749845441037,1.7260032546508184
0.2,0.47,0.16758751552116005,0.5384403252569054,0.3112462192373858,1.7299497695945982
0.2,0.48,0.18125522491596985,0.5608016498236733,0.3232073674764686,1.7351140668676217
0.2,0.49,0.19562243487648195,0.5836856276354659,0.33515033712403774,1.7415635999179864
0.2,0.5,0.21072083636338207,0.607147719591778,0.34706683326598403,1.7493683100697612
0.2,0.51,0.22658514158561532,0.6312470383306987,0.35894844304506895,1.7586008535811937
0.2,0.52,0.24325338200745983,0.656046634297353,0.37078672352003145,1.769336906319707
0.2,0.53,0.26076724487111785,0.68161382905138,0.38257328967934,1.7816555610107692
0.2,0.54,0.2791724544070419,0.7080206058022209,0.39429990048202956,1.7956398288122046
0.2,0.55,0.2985192044215685,0.7353440678894083,0.4059585403039712,1.8113772587190844
0.2,0.56,0.31886265033288963,0.763666977270035,0.4175414936400201,1.8289606875057647
0.2,0.5700000000000001,0.3402634707441574,0.7930783876498584,0.42904141134455254,1.8484891357327669
0.2,0.58,0.3627885094748031,0.8236743866785594,0.4404513668777976,1.8700688625790693
0.2,0.59,0.38651151245017046,0.8555589664174952,0.4517649018028769,1.8938145991492048
0.2,0.6,0.41151397552984303,0.888845042068834,0.4629760600025652,1.919850979041787
0.2,0.61,0.43788612318037073,0.923655643709684,0.47407941061420455,1.9483141917364024
0.2,0.62,0.46572804275869056,0.9601253112326492,0.48507006044947343,1.979353890328713
0.2,0.63,0.4951510024981432,0.9984017262721595,0.49594365621435993,2.0131353910102723
0.2,0.64,0.5262789905325406,1.0386476265159819,0.5066963781526945,2.0498422157716356
0.2,0.65,0.5592505175955566,1.081043053630677,0.5173249258827544,2.089679038345202
0.2,0.66,0.5942207388633749,1.125788002437439,0.5278264980412208,2.132875114484154
0.2,0.67,0.6313639618998016,1.173105552604522,0.5381987669379377,2.1796882948633707
0.2,0.6799999999999999,0.6708766253510496,1.2232455864303975,0.5484398495225818,2.230409747751254
0.2,0.69,0.7129808548500921,1.2764892233986345,0.5585482758340808,2.285369552868911
0.2,0.7,0.7579287304053961,1.3331541363800397,0.5685229559902403,2.344943370066706
0.2,0.71,0.8060074374449937,1.3936009618365763,0.5783631466376039,2.409560446474629
0.2,0.72,0.8575455219988652,1.4582410760284834,0.5880684175584937,2.4797132994877007
0.2,0.73,0.9129205365900407,1.5275460912957377,0.5976386190845854,2.555969514880932
0.2,0.74,0.9725684509148852,1.6020595345907982,0.6070738508249639,2.638986232751962
0.2,0.75,1.036995321814303,1.6824113205964994,0.6163744318164929,2.729528081880897
0.2,0.76,1.1067918811362822,1.7693358330956566,0.6255408727012681,2.8284895684835876
0.2,0.77,1.1826519296048505,1.8636947144883746,0.6345738496819824,2.9369232839052035
0.2,0.78,1.2653957478448858,1.966505861488375,0.6434741805890957,3.0560757848715143
0.2,0.79,1.35600019694602,2.078980696966136,0.652242802891261,3.187433709886001
0.2,0.8,1.4556378490919395,2.202572613734068,0.6608807537219696,3.332783715261109
0.2,0.8099999999999999,1.5657284769306974,2.339040710167527,0.6693891517683574,3.4942913311163926
0.2,0.82,1.6880077053323537,2.4905347616675555,0.6777691808654525,3.6746060930173288
0.2,0.83,1.8246198945906293,2.6597101756339843,0.6860220753773302,3.8770037745083843
0.2,0.84,1.9782458554848021,2.8498860483949207,0.6941491069788445,4.105581956013056
0.2,0.85,2.1522816503943862,3.065266437280989,0.7021515729326108,4.365533818401314
0.2,0.86,2.351094024054788,3.311256458322718,0.7100307854879082,4.663539280268445
0.2,0.87,2.580393727140325,3.5949242702415023,0.7177880626027701,5.008336663061731
0.2,0.88,2.8477955010336533,3.9256940445693513,0.7254247194768476,5.411580194565788
0.2,0.89,3.163683510352466,4.316416915125257,0.7329420611031637,5.889165248107801
0.2,0.9,3.542596035065278,4.785084492101995,0.7403413755624372,6.463348733503875
0.2,0.91,4.005533292461361,5.357684716426584,0.747623927959115,7.166283095101227
0.2,0.92,4.583996125497764,6.073199599272294,0.7547909550094534,8.046200817544548
0.2,0.93,5.327486426120082,6.992886737323541,0.7618436600274646,9.178899955761851
0.2,0.94,6.318507982341464,8.218842338182668,0.7687832084315901,10.690715208192556
0.2,0.95,7.705568344183904,9.934839875575703,0.775610723543482,12.809054302636572
0.21000000000000002,0.24000000000000002,0.0020068918672678897,0.060317682747440225,0.03327203194577395,1.8128644155471088
0.21000000000000002,0.25,0.0035620846141383904,0.08014536220730373,0.0444452993415229,1.803235964088291
0.21000000000000002,0.26,0.005558198168447828,0.09985388258353785,0.0556633154829792,1.793890315679656
0.21000000000000002,0.27,0.007994940712425957,0.11945620655885617,0.06692779674438135,1.7848519205719204
0.21000000000000002,0.28,0.010872729486929288,0.1389660514736787,0.07824018435890198,1.776146779463301
0.21000000000000002,0.29000000000000004,0.014192713039190804,0.15839796043412066,0.08960161482062579,1.767802519532922
0.21000000000000002,0.30000000000000004,0.01795679653407142,0.17776737772067167,0.10101288979065208,1.759848451906408
0.21000000000000002,0.31,0.02216767027828604,0.19709072815659778,0.11247444507218418,1.7523156307204566
0.21000000000000002,0.32,0.02682884181410534,0.2163855009145316,0.12398631932692318,1.745236910727007
0.21000000000000002,0.33,0.031944671899248545,0.23567033720968392,0.13554812318542356,1.73864699614688
0.21000000000000002,0.33999999999999997,0.037520414652440416,0.25496512202330784,0.1471590088663596,1.7325824901066769
0.21000000000000002,0.35,0.04356226243587348,0.274291079389058,0.15881764194775078,1.727081928840731
0.21000000000000002,0.36,0.05007739580713671,0.2936708713754956,0.17052217529298766,1.7221858146655495
0.21000000000000002,0.37,0.05707403909199151,0.3131286998668903,0.1822702266392491,1.7179366352939116
0.21000000000000002,0.38,0.06456152232585226,0.3326904116329589,0.1940588609360941,1.7143788746782238
0.21000000000000002,0.39,0.07255034997517451,0.3523836056598379,0.20588457808451122,1.711559014950561
0.21000000000000002,0.4,0.08105227744854436,0.37223774328282183,0.21774330763380376,1.7095255295232479
0.21000000000000002,0.41000000000000003,0.09008039622238719,0.39228426076337264,0.22963041149571903,1.7083288672793497
0.21000000000000002,0.42000000000000004,0.09964922848487835,0.4125566849769966,0.24154069516637364,1.7080214358612609
0.21000000000000002,0.43000000000000005,0.10977483256198373,0.4330907524648129,0.2534684288159732,1.7086575810956388
0.21000000000000002,0.44000000000000006,0.12047492034239407,0.45392453355999723,0.26540737817703874,1.7102935746466288
0.21000000000000002,0.45000000000000007,0.13176898839153597,0.4750985629692546,0.2773508460392106,1.7129876102922985
0.21000000000000002,0.45999999999999996,0.14367846418157137,0.49665597938364303,0.2892917233371042,1.7167998228725772
0.21000000000000002,0.47,0.15622686962422547,0.5186426769115623,0.30122254989607217,1.7217923329130056
0.21000000000000002,0.48,0.1694400043488758,0.5411074731076474,0.31313558353899795,1.728029331550746
0.21000000000000002,0.49,0.18334615091857936,0.564102297457758,0.32502287571751826,1.7355772150266335
0.21000000000000002,0.5,0.19797630562753452,0.5876824068949695,0.3368763524393147,1.7445047793933097
0.21000000000000002,0.51,0.21336443802918278,0.6119066344959264,0.3486878977949751,1.7548834885451665
0.21000000000000002,0.52,0.22954778370249398,0.636837679323088,0.36044943814644664,1.7667878263257213
0.21000000000000002,0.53,0.2465671748026611,0.6625424453531041,0.37215302435642794,1.7802957439318214
0.21000000000000002,0.54,0.264467414668644,0.689092440089419,0.3837909100182927,1.7954892158768812
0.21000000000000002,0.55,0.28329770276283806,0.7165642422890924,0.39535562346487246,1.812454913399656
0.21000000000000002,0.56,0.3031121181553749,0.7450400511715293,0.4068400318596966,1.8312850084243057
0.21000000000000002,0.5700000000000001,0.32397017129992717,0.7746083309608066,0.4182373960503133,1.8520781218416502
0.21000000000000002,0.58,0.3459374349026846,0.8053645646515659,0.4295414152624798,1.8749404272447907
0.21000000000000002,0.59,0.3690862680164772,0.8374121358958421,0.44074626124403865,1.8999869301946768
0.21000000000000002,0.6,0.39349664911598053,0.8708633583393942,0.4518466018208869,1.927342940789907
0.21000000000000002,0.61,0.41925713784437335,0.9058406770765798,0.46283761422311287,1.9571457661172615
0.21000000000000002,0.62,0.44646598962794026,0.9424780719641829,0.47371498914290644,1.9895466547710692
0.21000000000000002,0.63,0.4752324508726871,0.9809226965052452,0.48447492607298026,2.0247130320166065
0.21000000000000002,0.64,0.5056782713079766,1.0213367974862475,0.495114121563593,2.062831078743663
0.21000000000000002,0.65,0.5379394756066467,1.0638999669551124,0.5056297512126374,2.1041087167113712
0.21000000000000002,0.66,0.5721684484844601,1.108811793794025,0.5160194468410816,2.1487790830013145
0.21000000000000002,0.67,0.6085363993463866,1.1562949966261389,0.5262812700236413,2.1971045949900447
0.21000000000000002,0.6799999999999999,0.6472362895608721,1.2065991417012236,0.5364136830466434,2.249381736215526
0.21000000000000002,0.69,0.6884863269365231,1.2600050765308335,0.5464155182867433,2.3059467280166426
0.21000000000000002,0.7,0.7325341594971955,1.3168302445164022,0.556285946915059,2.3671822950391253
0.21000000000000002,0.71,0.7796619375840836,1.3774350928765318,0.5660244476245312,2.4335257932007996
0.21000000000000002,0.72,0.8301924611288076,1.4422308462532876,0.5756307759506953,2.5054790440475325
0.21000000000000002,0.73,0.8844966936360485,1.5116890001235852,0.5851049346550369,2.5836203227628545
0.21000000000000002,0.74,0.9430030105257524,1.586352996303958,0.5944471455740645,2.66861908264695
0.21000000000000002,0.75,1.0062086677415152,1.666852692995154,0.6036578228958356,2.7612541903275862
0.21000000000000002,0.76,1.074694138066437,1.7539224431622054,0.6127375484909326,2.862436694930505
0.21000000000000002,0.77,1.1491411877193196,1.8484238811764693,0.6216870488537098,2.973238520224385
0.21000000000000002,0.78,1.2303558835736423,1.9513749157422973,0.6305071740176688,3.09492896537227
0.21000000000000002,0.79,1.3192981746234045,2.0639869992226414,0.6391988782488898,3.229021622936846
0.21000000000000002,0.8,1.4171203477729026,2.1877135691253162,0.6477632025382054,3.3773353604418177
0.21000000000000002,0.8099999999999999,1.5252176292286932,2.32431378156906,0.6562012587642423,3.5420745549104953
0.21000000000000002,0.82,1.64529565232149,2.4759374808888817,0.6645142153310007,3.725936065424265
0.21000000000000002,0.83,1.7794617389092144,2.6452401529066125,0.6727032844083842,3.932253958345091
0.21000000000000002,0.84,1.9303504120174928,2.835540980392416,0.6807697103888611,4.165198505633766
0.21000000000000002,0.85,2.1012991135453762,3.051044113943035,0.6887147596269101,4.430054781453855
0.21000000000000002,0.86,2.296599230105544,3.2971547685174563,0.6965397111577492,4.7336206618243075
0.21000000000000002,0.87,2.5218629787332567,3.580941206471144,0.7042458485986813,5.084788520367643
0.21000000000000002,0.88,2.7845737348706256,3.9118277070400786,0.711834452693112,5.495417779007891
0.21000000000000002,0.89,3.0949365407249165,4.30266551509116,0.7193067947926101,5.981683401630734
0.21000000000000002,0.9,3.4672389187024626,4.771446354741315,0.726664130941579,6.566233492987588
0.21000000000000002,0.91,3.922118895697948,5.34415828330107,0.7339076965503477,7.281785309543281
0.21000000000000002,0.92,4.490534045537089,6.059783430658573,0.7410387016172723,8.17741828791595
0.21000000000000002,0.93,5.221132569516163,6.979579514166156,0.7480583262815548,9.330261115948298
0.21000000000000002,0.94,6.194995458576583,8.205642864071239,0.7549677168746446,10.868865887458483
0.21000000000000002,0.95,7.558069252032525,9.921747078733459,0.7617679821966735,13.024631266494813
0.22,0.24000000000000002,0.0008961367471227326,0.04002922769749866,0.022387060622174604,1.7880519632778102
0.22,0.25,0.00201315371186906,0.059843373561446034,0.03364037807464166,1.7789150118546488
0.22,0.26,0.0035742227674569285,0.07954027339831676,0.0449360131006611,1.7700785608224456
0.22,0.27,0.005578762840342496,0.0991330948348594,0.05627548347638964,1.7615680703383145
0.22,0.28,0.008026898352663663,0.11863578040047805,0.06766001222875015,1.7534105669296234
0.22,0.29000000000000004,0.010919480817129346,0.13806311869785567,0.07909049802812358,1.7456347113753434
0.22,0.30000000000000004,0.01425811341668113,0.1574308194833516,0.09056748521968361,1.7382708496485466
0.22,0.31,0.01804517879489448,0.1767555925322261,0.10209113350461307,1.7313510631580877
0.22,0.32,0.02228387033046322,0.19605523007587933,0.11366118782874951,1.7249092132599466
0.22,0.33,0.026978227249220898,0.21534869274508708,0.12527694923672283,1.7189809782018641
0.22,0.33999999999999997,0.03213317386889072,0.23465619887079261,0.13693724701721607,1.7136038877814674
0.22,0.35,0.03775456344663213,0.2539993164350588,0.1486404135905815,1.708817341794273
0.22,0.36,0.04384922709283867,0.2734010580412829,0.16038426261765795,1.7046626244935708
0.22,0.37,0.050425028159129595,0.29288597778479897,0.17216607138556803,1.7011829068741264
0.22,0.38,0.057490922909909675,0.31248027053554644,0.18398256891988246,1.6984232385167963
0.22,0.39,0.06505702787711806,0.33221187266654,0.1958299303240722,1.6964305309039023
0.22,0.4,0.07313469487627071,0.3521105649697063,0.20770377873371348,1.6952535342225499
0.22,0.41000000000000003,0.08173659445962185,0.3722080773261793,0.2195991958229137,1.6949428067411068
0.22,0.42000000000000004,0.09087680879517619,0.392538196289963,0.23151074125802182,1.6955506865768872
0.22,0.43000000000000005,0.10057093507235751,0.4131368757785013,0.2434324819900064,1.6971312636719604
0.22,0.44000000000000006,0.11083620077949531,0.4340423533323872,0.25535803114268335,1.699740366066116
0.22,0.45000000000000007,0.12169159238405503,0.4552952733176891,0.2672805968252231,1.703435560701813
0.22,0.45999999999999996,0.13315799891162358,0.47693882015060707,0.2791930396220948,1.7082761833753934
0.22,0.47,0.14525837248933182,0.4990188647489909,0.29108793825339163,1.714323402554027
0.22,0.48,0.15801790836599794,0.5215841294096449,0.3029576619688382,1.7216403309294561
0.22,0.49,0.17146424644368782,0.5446863748837838,0.31479444750251373,1.7302921929060846
0.22,0.5,0.18562769795425718,0.5683806167629767,0.3265904791254815,1.7403465596576542
0.22,0.51,0.2005415004276647,0.592725377236945,0.33833796920002157,1.7518736624163291
0.22,0.52,0.21624210526824164,0.6177829799975443,0.35002923723975243,1.7649467937856689
0.22,0.53,0.23276950251738915,0.6436198962920178,0.3616567850969276,1.7796428072530734
0.22,0.54,0.2501675888771852,0.6703071521003127,0.3732133665787698,1.7960427254923592
0.22,0.55,0.2684845852302503,0.6979208057106446,0.3846920496328676,1.8142324656220685
0.22,0.56,0.2877735117243591,0.7265425076718872,0.3960862698130253,1.834303693523271
0.22,0.5700000000000001,0.3080927298988359,0.7562601560834754,0.4073898742654754,1.8563548184574143
0.22,0.58,0.3295065626118291,0.787168661215037,0.41859715566320693,1.8804921403918324
0.22,0.59,0.35208600558029446,0.819370837566006,0.4297028762046116,1.9068311685580766
0.22,0.6,0.37590954603358345,0.8529784425286957,0.440702281899624,1.9354981300572736
0.22,0.61,0.40106410777367646,0.8881133859367166,0.45159110776228595,1.9666316955120662
0.22,0.62,0.4276461465384566,0.9249091402167776,0.46236557510743825,2.0003849551339536
0.22,0.63,0.45576292282427056,0.9635123846909275,0.47302238151351716,2.0369276853412357
0.22,0.64,0.4855339881081047,1.0040849292460103,0.48355868509320515,2.076448961003512
0.22,0.65,0.5170929258679908,1.0468059689116318,0.49397208386728475,2.119160177466378
0.22,0.66,0.5505894007664611,1.0918747369802757,0.5042605915484307,2.1652985683998445
0.22,0.67,0.586191580731639,1.1395136381584337,0.5144226107543413,2.2151313226443694
0.22,0.6799999999999999,0.6240890138149732,1.1899719659761756,0.5244569045817907,2.2689604342707166
0.22,0.69,0.664496062442033,1.2435303351080533,0.534362567346854,2.3271284537804826
0.22,0.7,0.7076560248943539,1.300505994072052,0.5441389952218455,2.3900253528821906
0.22,0.71,0.7538461102561518,1.3612592309287055,0.5537858573358198,2.4580967767532353
0.22,0.72,0.8033834797898614,1.4262011442861073,0.5633030677394384,2.5318540337611144
0.22,0.73,0.8566326315096637,1.4958031339348863,0.5726907586135288,2.6118862779559975
0.22,0.74,0.9140144892812426,1.5706085736261628,0.5819492549763687,2.698875477879838
0.22,0.75,0.9760176739575945,1.651247278270177,0.5910790508494019,2.7936149587729004
0.22,0.76,1.04321259284613,1.7384535796955258,0.6000807873333259,2.8970325602673723
0.22,0.77,1.11626920514491,1.8330891106772196,0.6089552322595564,3.0102198217025875
0.22,0.78,1.195979633053395,1.936171795535459,0.6177032615655058,3.1344691148763393
0.22,0.79,1.2832872339803685,2.0489131171890658,0.6263258423280189,3.271321377341493
0.22,0.8,1.3793243943990894,2.1727665566743233,0.6348240174086206,3.4226281569239476
0.22,0.8099999999999999,1.4854622601490122,2.3094913247687283,0.6431988915558129,3.5906332474895515
0.22,0.82,1.603377042893491,2.461237329991693,0.6514516188078873,3.778081531972539
0.22,0.83,1.7351397302808484,2.630660130457584,0.6595833913288651,3.9883662400255155
0.22,0.84,1.883339438076175,2.821078988067412,0.6675954292816033,4.225731430041639
0.22,0.85,2.0512561032230407,3.0366981383406153,0.6754889718290987,4.495555464240668
0.22,0.86,2.2431071887122846,3.282922885979111,0.6832652689748732,4.804755978457086
0.22,0.87,2.4644082541435366,3.566821587174811,0.6909255744679769,5.16238176582379
0.22,0.88,2.7225138108527904,3.897818618417917,0.6984711392132017,5.580500609958839
0.22,0.89,3.027453190562164,4.2887653247803295,0.7059032055378851,6.075571397231962
0.22,0.9,3.393267935095083,4.757653532995593,0.7132230019613381,6.670639505333133
0.22,0.91,3.8402407814943462,5.330471405268058,0.7204317384948488,7.3989957971655524
0.22,0.92,4.398796385354608,6.046201178222917,0.7275306023885049,8.310579868905936
0.22,0.93,5.116745523771118,6.966100677823665,0.7345207542090363,9.483871814248548
0.22,0.94,6.0737735016935765,8.192266344606503,0.7414033243306757,11.049675764540602
0.22,0.95,7.4133146480296945,9.90847188893103,0.7481794096132293,13.243443700292698
0.23,0.26,0.0020208305270018674,0.05941206662513667,0.034013806315683265,1.746704443299621
0.23,0.27,0.003588898963006256,0.0789944713372833,0.04543228028810658,1.7387300579311389
0.23,0.28,0.005603331580041807,0.09848903901337448,0.056892946018905675,1.7311291804197715
0.23,0.29000000000000004,0.008064681822575009,0.11791080992080431,0.06839645854346783,1.7239315080307667
0.23,0.30000000000000004,0.01097425014887412,0.13727576521714074,0.07994309943576138,1.7171684133594205
0.23,0.31,0.014334111073606048,0.15660090482257819,0.09153274746302364,1.7108729844020036
0.23,0.32,0.018147143642271678,0.17590432822544774,0.10316485003719407,1.705080055484294
0.23,0.33,0.022417065696796294,0.1952053182652591,0.11483839628966644,1.699826230356583
0.23,0.33999999999999997,0.027148472197033726,0.21452442730592763,0.1265518921922957,1.6951498992994714
0.23,0.35,0.032346878098415174,0.23388356556652312,0.13830333918530419,1.691091241500372
0.23,0.36,0.03801876619460051,0.2533060913777672,0.15009021689060506,1.6876922202224027
0.23,0.37,0.04417164035989735,0.27281690262885705,0.16190947090983185,1.6849965668826752
0.23,0.38,0.050814084971486866,0.29244252981024693,0.17375750717400065,1.683049754606546
0.23,0.39,0.05795583091730051,0.31221122980484917,0.18563019323016156,1.6818989646675673
0.23,0.4,0.06560782912342358,0.33215308123919535,0.19752286770501765,1.6815930484324257
0.23,0.41000000000000003,0.0737823324005211,0.3523000812657027,0.20943035873123997,1.6821824849080556
0.23,0.42000000000000004,0.08249298654043062,0.3726862451220628,0.2213470113806116,1.6837193454634887
0.23,0.43000000000000005,0.09175493177600198,0.3933477090267939,0.23326672475865842,1.6862572637985889
0.23,0.44000000000000006,0.1015849159251881,0.41432283915079077,0.2451829981986988,1.6898514260561384
0.23,0.45000000000000007,0.11200142068463789,0.43565234845924494,0.2570889863918995,1.6945585828991847
0.23,0.45999999999999996,0.12302480258986083,0.45737942488195327,0.26897756194785705,1.7004370980603174
0.23,0.47,0.13467745066954512,0.47954987422986156,0.28084138461266794,1.707547037240431
0.23,0.48,0.14698396320499815,0.5022122834242116,0.29267297526620406,1.7159503126908753
0.23,0.49,0.15997134568039284,0.5254182080043446,0.3044647925088086,1.7257108898367732
0.23,0.5,0.173669233412284,0.5492223908767428,0.31620931028512833,1.736895066060847
0.23,0.51,0.18811014202601192,0.5736830186902381,0.32789909392033545,1.7495718326980707
0.23,0.52,0.20332974993988995,0.5988620229030693,0.33952687290842043,1.7638133257999835
0.23,0.53,0.21936721745921253,0.6248254339446822,0.3510856081422477,1.7796953775773245
0.23,0.54,0.23626554830879865,0.6516437973106812,0.36256855245743314,1.7972981740802978
0.23,0.55,0.2540719999340925,0.6793926612729562,0.3739693029036346,1.8167070291542722
0.23,0.56,0.2728385502313654,0.7081531469157555,0.3852818439339975,1.838013283172173
0.23,0.5700000000000001,0.29262243031466956,0.7380126137429256,0.3965005812442654,1.8613153388753059
0.23,0.58,0.3134867336631531,0.769065434026303,0.40762036595761436,1.8867198458535137
0.23,0.59,0.3355011153222415,0.801413893739888,0.4186365097273118,1.9143430520713705
0.23,0.6,0.3587425964005286,0.8351692392011175,0.4295447911176475,1.9443123429062235
0.23,0.61,0.38329649280367034,0.8704528932678205,0.4403414541649847,1.9767679945519823
0.23,0.62,0.4092574916829475,0.907397870929864,0.4510232002898103,2.011865177549192
0.23,0.63,0.43673090227155226,0.9461504276305479,0.4615871742142113,2.049776251346756
0.23,0.64,0.46583411649369943,0.9868719857681671,0.4720309454636112,2.0906934073970476
0.23,0.65,0.49669832001269604,1.0297413909651825,0.48235248613939635,2.134831726911831
0.23,0.66,0.5294705060587473,1.0749575657479877,0.49255014609839587,2.1824327416466653
0.23,0.67,0.5643158558581224,1.1227426424399216,0.5026226265279838,2.233768603287127
0.23,0.6799999999999999,0.601420565963216,1.1733456795937909,0.5125689525455329,2.2891469991826305
0.23,0.69,0.6409952233865983,1.2270470926918813,0.5223884455651907,2.3489169852604515
0.23,0.7,0.6832788562298456,1.2841639648872154,0.5320806960113197,2.4134759530157726
0.23,0.71,0.7285438230155249,1.34505645036854,0.5416455367474778,2.4832780095363782
0.23,0.72,0.7771017502078923,1.410135542931989,0.5510830175885949,2.55884412679309
0.23,0.73,0.8293107898094104,1.4798725640659982,0.5603933811238798,2.640774523599984
0.23,0.74,0.8855845521897733,1.55481083313299,0.569577040060426,2.7297638840358474
0.23,0.75,0.9464031834809278,1.635580132129614,0.5786345559533421,2.826620213573104
0.23,0.76,1.0123272128442584,1.7229147790077899,0.5875666197647037,2.932288392587289
0.23,0.77,1.084015012555999,1.8176764095038869,0.5963740338423977,3.047879864575458
0.23,0.78,1.1622450204506793,1.9208829656036175,0.6050576954777961,3.174710411850482
0.23,0.79,1.2479443125716334,2.033745960735772,0.6136185819983878,3.314348718241905
0.23,0.8,1.3422257473205743,2.1577189174615268,0.622057737205016,3.4686794945376462
0.23,0.8099999999999999,1.4464368412255408,2.2945610976566426,0.6303762591908045,3.639986538519238
0.23,0.82,1.5622249358298677,2.446422469082173,0.6385752892532781,3.831063478737037
0.23,0.83,1.6916253661074478,2.615958655971815,0.646656002091523,4.045363605241186
0.23,0.84,1.8371826926925507,2.8064889922257654,0.6546195968634535,4.287205891288293
0.23,0.85,2.002120427252591,3.0222177902851675,0.662467289315929,4.562063424151768
0.23,0.86,2.1905834976144494,3.2685504359708903,0.6702003045468559,4.876975456137495
0.23,0.87,2.4079926218425167,3.552555370086763,0.6778198707663511,5.2411496376909135
0.23,0.88,2.6615758686773123,3.883657056686677,0.6853272134558714,5.666865375304037
0.23,0.89,2.9611901616922074,4.274706930936829,0.6927235503003816,6.170869936619324
0.23,0.9,3.3206356858649873,4.743696911835315,0.7000100865593135,6.776612227334485
0.23,0.91,3.7598465672809094,5.316615255756075,0.7071880108703149,7.517965765869075
0.23,0.92,4.308724562210821,6.032444295209427,0.7142584914762543,8.445743896920792
0.23,0.93,5.014258767901876,6.952441953634344,0.7212226727446038,9.639799491018374
0.23,0.94,5.954765044404486,8.178704770578722,0.7280816720302191,11.2332243548623
0.23,0.95,7.27121274491048,9.895006556970774,0.7348365767163741,13.465587955878199
0.24000000000000002,0.27,0.0020299596244876235,0.05902618329564052,0.034390833205669075,1.7163347844073313
0.24000000000000002,0.28,0.0036061825408865242,0.07851146043082283,0.04593192536602938,1.7093004441936333
0.24000000000000002,0.29000000000000004,0.005632017595429768,0.09792644954994337,0.05751273145624859,1.7026916835698984
0.24000000000000002,0.30000000000000004,0.008108461501743108,0.11728740956074174,0.06913326444935962,1.6965408836820546
0.24000000000000002,0.31,0.011037279900633854,0.1366116360413977,0.08079311704670024,1.6908821077225316
0.24000000000000002,0.32,0.014421037066516968,0.15591754016424145,0.09249143522483771,1.685751116146279
0.24000000000000002,0.33,0.018263129313340155,0.17522472962178054,0.10422689395932179,1.6811853732316742
0.24000000000000002,0.33999999999999997,0.02256782242255775,0.19455409138253807,0.11599767582468476,1.6772240478040354
0.24000000000000002,0.35,0.02734029355170269,0.213927875617777,0.1278014539841986,1.673907995164336
0.24000000000000002,0.36,0.03258667801491626,0.23336978088066784,0.13963537991913036,1.6712797359510436
0.24000000000000002,0.37,0.03831412142194727,0.25290503956837507,0.15149607729184342,1.6693834196193509
0.24000000000000002,0.38,0.044530837846540786,0.27256050429828926,0.1633796428473231,1.668264782247044
0.24000000000000002,0.39,0.051246174510489746,0.29236473444517347,0.17528165497709786,1.6679710976221305
0.24000000000000002,0.4,0.05847068385286104,0.312348083819028,0.18719719083257927,1.6685511274492257
0.24000000000000002,0.41000000000000003,0.06621620378660038,0.3325427896271735,0.19912085257009463,1.6700550712543358
0.24000000000000002,0.42000000000000004,0.07449594705362877,0.3529830643661082,0.21104680245045074,1.672534529154883
0.24000000000000002,0.43000000000000005,0.08332460076162945,0.37370519147292064,0.22296880713167003,1.6760424755389038
0.24000000000000002,0.44000000000000006,0.0927184374253096,0.3947476279420675,0.23488029024690382,1.6806332601475957
0.24000000000000002,0.45000000000000007,0.10269543892587607,0.4161511159395193,0.24677439274439228,1.686362638000964
0.24000000000000002,0.45999999999999996,0.11327543490631478,0.43795880723140035,0.25864403920176104,1.6932878429483573
0.24000000000000002,0.47,0.12448025755454824,0.4602164041420568,0.2704820089727277,1.701467709035168
0.24000000000000002,0.48,0.13633391518858745,0.48297232272061746,0.28228101026702485,1.7109628531644685
0.24000000000000002,0.49,0.14886278667052444,0.5062778821745127,0.29403375480505745,1.7218359249609687
0.24000000000000002,0.5,0.16209584008766045,0.5301875275539926,0.3057330315473202,1.7341519327195505
0.24000000000000002,0.51,0.1760648787699319,0.554759091740903,0.31737177703103236,1.7479786543422198
0.24000000000000002,0.52,0.19080481882854655,0.580054103888992,0.32894314090580395,1.7633871382504254
0.24000000000000002,0.53,0.20635400264012546,0.6061381519187059,0.34044054476181745,1.7804523028911805
0.24000000000000002,0.54,0.22275455405689207,0.6330813080206235,0.3518577333349977,1.7992536415787048
0.24000000000000002,0.55,0.2400527815236694,0.6609586259058294,0.36318881714370893,1.8198760388712547
0.24000000000000002,0.56,0.2582996367368032,0.6898507206769249,0.3744283060012511,1.8424107088597619
0.24000000000000002,0.5700000000000001,0.2775512381181637,0.7198444436830357,0.38557113353281075,1.866956265857956
0.24000000000000002,0.58,0.29786946942463594,0.7510336654542157,0.39661267280806684,1.8936199394154614
0.24000000000000002,0.59,0.31932266683172017,0.7835201843825209,0.40754874372939487,1.922518953715054
0.24000000000000002,0.6,0.34198640953718684,0.8174147798640791,0.41837561292206243,1.9537820910616797
0.24000000000000002,0.61,0.3659444324649171,0.8528384339025522,0.42908998693969613,1.9875514690637823
0.24000000000000002,0.62,0.39128968412450543,0.8899237507826303,0.4396890000748845,2.0239845677992063
0.24000000000000002,0.63,0.4181255559184541,0.9288166083517212,0.45017019738746933,2.063256549949424
0.24000000000000002,0.64,0.44656731759119733,0.9696780863810763,0.46053151438930184,2.1055629334442827
0.24000000000000002,0.65,0.4767437988095192,1.0126867235944192,0.47077125403339926,2.151122684144545
0.24000000000000002,0.66,0.5087993683711525,1.0580411713670732,0.4808880619586317,2.200181819980574
0.24000000000000002,0.67,0.5428962736978531,1.1059633259034016,0.49088090082407615,2.253017634311589
0.24000000000000002,0.6799999999999999,0.579217419552847,1.156702043312388,0.5007490242639945,2.3099436788968672
0.24000000000000002,0.69,0.6179696851986662,1.2105375686381852,0.5104919510212821,2.371315681307811
0.24000000000000002,0.7,0.6593879054251491,1.2677868445488283,0.5201094397377248,2.437538617234354
0.24000000000000002,0.71,0.7037396759209822,1.3288099124780872,0.5296014646734413,2.5090752218698027
0.24000000000000002,0.72,0.7513311887876984,1.3940176788440217,0.5389681925775388,2.5864563030655487
0.24000000000000002,0.73,0.8025143656028139,1.4638814008968215,0.5482099609375236,2.6702933277486576
0.24000000000000002,0.74,0.8576956367763111,1.5389443544223325,0.5573272576825955,2.7612938954777975
0.24000000000000002,0.75,0.9173468288826881,1.619836296445636,0.5663207022188589,2.860280915211251
0.24000000000000002,0.76,0.9820187741724212,1.7072915363462942,0.5751910281673392,2.968216562393242
0.24000000000000002,0.77,1.0523584709652523,1.8021717157277808,0.5839390673936267,3.0862324793092792
0.24000000000000002,0.78,1.1291309247126207,1.9054947950921237,0.5925657354829097,3.2156682052148127
0.24000000000000002,0.79,1.2132472302015676,2.018472317389746,0.6010720185504045,3.3581205830503684
0.24000000000000002,0.8,1.3058010782381109,2.14255784416926,0.6094589613025887,3.515507983654878
0.24000000000000002,0.8099999999999999,1.408116792602415,2.2795106844580446,0.6177276562918134,3.690154813760205
0.24000000000000002,0.82,1.5218133785103014,2.4314808601156823,0.625879234121505,3.884904191666546
0.24000000000000002,0.83,1.648891177921182,2.6011240554458097,0.6339148547986406,4.103270393106723
0.24000000000000002,0.84,1.7918510212948033,2.7917596694503812,0.6418356998643686,4.349648469289462
0.24000000000000002,0.85,1.953861040097364,3.007592083922364,0.6496429653948376,4.629607713976277
0.24000000000000002,0.86,2.1389949709785383,3.254026757605962,0.6573378556211473,4.950310909039446
0.24000000000000002,0.87,2.3525804482851624,3.538132207295379,0.6649215773888573,5.32112707364619
0.24000000000000002,0.88,2.6017214422987163,3.8693329756026835,0.6723953349849595,5.754550595877103
0.24000000000000002,0.89,2.8961056652248667,4.260480578433888,0.6797603256037956,6.267621716006337
0.24000000000000002,0.9,3.249296421119533,4.72956701748899,0.687017735260815,6.884199307742016
0.24000000000000002,0.91,3.680885690639556,5.302580633477415,0.6941687350118887,7.638748860371248
0.24000000000000002,0.92,4.220262029591225,6.018503844804504,0.7012144776204442,8.582971454366092
0.24000000000000002,0.93,4.913608096717107,6.9385946622005035,0.708156094415639,9.798114733342992
0.24000000000000002,0.94,5.837895709927012,8.164949713901624,0.7149946924948511,11.419594857986196
0.24000000000000002,0.95,7.131674972521713,9.881342900897629,0.721731352109425,13.691164824719259
0.25,0.28,0.002040582690499219,0.0586885624970335,0.03476968260386958,1.687923446574745
0.25,0.29000000000000004,0.0036261507890351257,0.07809531765001845,0.046432371339925886,1.6819153404484102
0.25,0.30000000000000004,0.005664946880265985,0.09745079185932666,0.05813135811603788,1.6763893880614658
0.25,0.31,0.008158426720017294,0.11677258239944818,0.06986594414868273,1.6713805820893617
0.25,0.32,0.011108839076871034,0.13607941671501544,0.08163496982159867,1.666925546887531
0.25,0.33,0.014519258313891812,0.1553912301232388,0.09343679371336966,1.6630625254535487
0.25,0.33999999999999997,0.018393620927471193,0.17472924453528255,0.10526927519426793,1.6598313630718036
0.25,0.35,0.022736766483453772,0.1941160474464525,0.1171297622352721,1.6572734695434819
0.25,0.36,0.02755448338239839,0.21357567149318876,0.12901508486315186,1.6554317793127178
0.25,0.37,0.03285355986678774,0.23313367346772249,0.1409215553382353,1.6543506982176195
0.25,0.38,0.03864184098657013,0.2528172136988801,0.15284497610433595,1.6540760458250228
0.25,0.39,0.04492829197502075,0.2726551351211048,0.16478065580926993,1.6546549944351312
0.25,0.4,0.05172306886761059,0.2926780432501171,0.1767234340275026,1.6561360119596196
0.25,0.41000000000000003,0.059037597203921446,0.31291838759808954,0.18866771510963104,1.6585688092753914
0.25,0.42000000000000004,0.06688465965939887,0.33341054637295275,0.2006075104312439,1.6620043070980919
0.25,0.43000000000000005,0.07527849371394578,0.35419091569458283,0.21253648915958678,1.6664946197950616
0.25,0.44000000000000006,0.08423490059506761,0.37529800680331166,0.2244480361421529,1.6720930744326887
0.25,0.45000000000000007,0.09377136696037627,0.3967725537780088,0.2363353162094993,1.6788542658021115
0.25,0.45999999999999996,0.10390720075699805,0.41865763560967567,0.24819134280372512,1.6868341614185909
0.25,0.47,0.1146636832051305,0.4409988167677577,0.26000904956059245,1.6960902611391124
0.25,0.48,0.12606423924594026,0.4638443117330219,0.27178136296408867,1.7066818220140838
0.25,0.49,0.138134628485823,0.48724517782085314,0.28350127363725575,1.7186701547037522
0.25,0.5,0.15090315998581758,0.5112555430008875,0.29516190494497124,1.7321189978639142
0.25,0.51,0.16440093393314623,0.5359328744964326,0.3067565767217002,1.7470949774701938
0.25,0.52,0.17866211428281356,0.5613382950892123,0.31827886293490665,1.7636681553811362
0.25,0.53,0.19372423674869635,0.5875369543149709,0.329722641828659,1.7819126738050508
0.25,0.54,0.20962855779791978,0.6145984631360221,0.34108213796741155,1.8019075018075073
0.25,0.55,0.2264204507465777,0.642597400413821,0.3523519556735945,1.8237372889994652
0.25,0.56,0.2441498564401969,0.6716139017160365,0.36352710361767554,1.8474933368995188
0.25,0.5700000000000001,0.2628717976264375,0.701734342421097,0.3746030110475814,1.8732746980828832
0.25,0.58,0.28264696721811267,0.7330521281948112,0.38557553596379196,1.9011894163940153
0.25,0.59,0.30354240349257716,0.765668610064204,0.39644096610820195,1.931355928174253
0.25,0.6,0.32563226702659265,0.7996941428863429,0.4071960135299795,1.9639046462017145
0.25,0.61,0.34899873767832845,0.8352493111342503,0.4178378036665434,1.9989797567498782
0.25,0.62,0.37373305418453295,0.8724663515410165,0.4283638601355997,2.036741267727009
0.25,0.63,0.399936722360033,0.9114908064912329,0.43877208580916144,2.07736735305371
0.25,0.64,0.4277229257847444,0.9524834532452819,0.44906074150413394,2.1210570535623487
0.25,0.65,0.4572181785378067,0.9956225613244493,0.459228422796669,2.168033405382832
0.25,0.66,0.4885642703375126,1.041106545599745,0.4692740357866714,2.218547088066523
0.25,0.67,0.5219205658884327,1.0891570974818046,0.4791967725272542,2.272880703552441
0.25,0.6799999999999999,0.5574667358784999,1.1400228985246978,0.4889960864820496,2.3313538288747564
0.25,0.69,0.5954060172052745,1.193984047634945,0.49867166850734773,2.394329020553435
0.25,0.7,0.6359691256752507,1.2513573677972596,0.5082234236529368,2.4622189957379947
0.25,0.71,0.6794189789301277,1.3125028050767575,0.5176514490499652,2.5354952786968266
0.25,0.72,0.7260564319058085,1.3778311927607403,0.526956012986627,2.6146986822516944
0.25,0.73,0.7762272874872415,1.4478137349760092,0.5361375353301947,2.700452103366227
0.25,0.74,0.8303309253680657,1.5229936723821327,0.5451965693786075,2.793476257779791
0.25,0.75,0.8888310026683188,1.6040007429102767,0.5541337849106204,2.894609183897704
0.25,0.76,0.9522688300839846,1.691569250975762,0.5629499528527604,3.004830611324684
0.25,0.77,1.0212802381427866,1.7865608457244615,0.5716459311122153,3.125292682917314
0.25,0.78,1.096617043705195,1.889993506011187,0.5802226516743935,3.2573590509730814
0.25,0.79,1.1791746508204055,2.0030788025767463,0.58868110895264,3.4026551423410734
0.25,0.8,1.2700279316002536,2.1272703329530303,0.5970223492174728,3.563133500347649
0.25,0.8099999999999999,1.3704784396424783,2.2643274491574026,0.6052474610739088,3.7411597648666515
0.25,0.82,1.4821173606053566,2.416400222037161,0.6133575668006884,3.9396273117510496
0.25,0.83,1.6069106820883987,2.5861443900131924,0.6213538146956294,4.162112356677197
0.25,0.84,1.7473163028687058,2.776879410528146,0.6292373720817702,4.413087228657624
0.25,0.85,1.906447986013028,2.9928097275228334,0.6370094191022982,4.6982189552870866
0.25,0.86,2.0883095781635994,3.239340864995789,0.6446711430494407,5.024795820195972
0.25,0.87,2.2981373318099596,3.5235414076700318,0.6522237334311959,5.402350799369885
0.25,0.88,2.5429133881507773,3.8548359683536124,0.6596683773387242,5.843596723409776
0.25,0.89,2.8321593431942773,4.246076135075325,0.6670062554457787,6.365871534799257
0.25,0.9,3.1792059534077683,4.715253983374318,0.6742385382881696,6.99345070862594
0.25,0.91,3.603309313859942,5.288357929271876,0.6813663829210709,7.761401298667352
0.25,0.92,4.133354170033388,6.004370467871957,0.6883909299317956,8.722326525230159
0.25,0.93,4.814731498625927,6.924549687921555,0.6953133005925612,9.958891455147345
0.25,0.94,5.723093670067421,8.150992296863258,0.7021345943695512,11.608874369994629
0.25,0.95,6.994615808605011,9.867472276154563,0.7088558865787736,13.920279795910268
0.26,0.29000000000000004,0.0020527460408635116,0.058402492164100796,0.03514826105529288,1.6616040284959168
0.26,0.30000000000000004,0.0036488894838044524,0.07775072745534893,0.046930615355334854,1.6567165562748283
0.26,0.31,0.005702259081962693,0.09706829471542254,0.05874481568549381,1.6523721043760489
0.26,0.32,0.008214787086231568,0.11637424268568637,0.0705893924347055,1.6486080793701605
0.26,0.33,0.011189225193656465,0.1356888372406207,0.08246238541947493,1.6454634018939673
0.26,0.33999999999999997,0.014629180206070663,0.15503363547123508,0.09436133108537569,1.642978471032426
0.26,0.35,0.01853915402608446,0.1744315592707698,0.10628325575709707,1.6411951066819115
0.26,0.36,0.02292458838804692,0.19390696867096155,0.11822467518920056,1.6401564932248114
0.26,0.37,0.02779191477990335,0.21348573408447877,0.13018160159079187,1.6399071103422287
0.26,0.38,0.033148610204964665,0.2331953083604515,0.14214955883128935,1.6404926633449497
0.26,0.39,0.03900325925446886,0.253064798281567,0.15412360596700905,1.6419600144557793
0.26,0.4,0.04536562334017251,0.2731250370858529,0.16609836953875623,1.644357123097008
0.26,0.41000000000000003,0.052246717822926586,0.2934086586172053,0.17806808452469733,1.6477329971868748
0.26,0.42000000000000004,0.05965889797300131,0.313950175516178,0.19002664316053883,1.6521376702473545
0.26,0.43000000000000005,0.06761595478135737,0.3347860629576232,0.20196765117404583,1.6576222034147488
0.26,0.44000000000000006,0.07613322185251876,0.35595485158944723,0.21388448987999642,1.6642387289941494
0.26,0.45000000000000007,0.08522769485228365,0.377497232700641,0.22577038311660963,1.672040537335072
0.26,0.45999999999999996,0.09491816485291946,0.3994561793689771,0.2376184666935486,1.6810822194393968
0.26,0.47,0.10522536757920765,0.42187708802519314,0.2494218590342691,1.6914198685658488
0.26,0.48,0.11617215076492458,0.4448079458948005,0.2611737309036289,1.7031113518033374
0.26,0.49,0.12778366169773517,0.46829952833208444,0.2728673721984195,1.7162166533840975
0.26,0.5,0.14008755816702154,0.4924056327253754,0.2844962544227255,1.7307982972377653
0.26,0.51,0.15311424587688824,0.5171833544128117,0.29605408714425413,1.7469218526978518
0.26,0.52,0.1668971462822696,0.5426934112124978,0.3075348674482416,1.7646565272922545
0.26,0.53,0.18147299916531665,0.5690005232331999,0.3189329214218341,1.784075851111701
0.26,0.54,0.1968822055302443,0.596173856339494,0.3302429374194644,1.8052584591150616
0.26,0.55,0.213169216812581,0.624287537273417,0.3414599909259762,1.828288976346731
0.26,0.56,0.23038297769658592,0.6534212504033453,0.35257956112442723,1.8532590156941895
0.26,0.5700000000000001,0.24857743158884985,0.6836609281328808,0.3635975398911998,1.880268299773025
0.26,0.58,0.26781209868894795,0.7150995477314147,0.37451023362908886,1.9094259208939055
0.26,0.59,0.2881527395012854,0.7478380516242401,0.3853143590051916,1.9408517594698929
0.26,0.6,0.3096721183984369,0.7819864101122389,0.39600703336262516,1.9746780845585916
0.26,0.61,0.332450885109873,0.8176648502334144,0.406585760675624,2.0110513680427466
0.26,0.62,0.3565785964393206,0.855005280585059,0.4170484142452579,2.0501343522247453
0.26,0.63,0.3821549036479439,0.8941529458035746,0.42739321660960533,2.0921084169202495
0.26,0.64,0.4092909389414414,0.9352683563599931,0.4376187178345012,2.1371763095236096
0.26,0.65,0.4381109397486079,0.9785295455004713,0.44772377263737595,2.1855653090214844
0.26,0.66,0.46875416052929614,1.02413472165931,0.4577075170050064,2.2375309200965297
0.26,0.67,0.5013771326266561,1.072305398341599,0.4675693448919249,2.293361209532362
0.26,0.6799999999999999,0.5361563483863766,1.1232901061003249,0.47730888527784354,2.3533819309616515
0.26,0.69,0.5732914655369885,1.1773688181118473,0.4869259799629986,2.4179626197010795
0.26,0.7,0.6130091527513073,1.2348582548658353,0.4964206623195869,2.487523885681566
0.26,0.71,0.6555677316481376,1.2961182812871288,0.5057931371796691,2.562546199251253
0.26,0.72,0.7012628139419754,1.3615596688676699,0.5150437619272132,2.6435805450257788
0.26,0.73,0.7504341919492045,1.4316535773450085,0.5241730288837607,2.7312614317332384
0.26,0.74,0.8034743196725612,1.5069432186538534,0.5331815490634755,2.8263228937700005
0.26,0.75,0.8608388300057249,1.5880583157873513,0.5420700370054896,2.929618328583745
0.26,0.76,0.923059681850103,1.6757331705003047,0.550839297150462,3.042145284784534
0.26,0.77,0.9907617373561385,1.7708294399878375,0.55949021118767,3.1650767155135227
0.26,0.78,1.0646838608290619,1.8743651205438636,0.5680237266259706,3.2998007524747046
0.26,0.79,1.1457060468379674,1.9875518085169606,0.5764408464365274,3.447971844472358
0.26,0.8,1.234884686487412,2.11184313404844,0.5847426196471877,3.611577236019924
0.26,0.8099999999999999,1.3334989723125363,2.2489984878448195,0.5929301329101414,3.7930244442234398
0.26,0.82,1.443112770698365,2.401167984642105,0.6010045027788682,3.9952578949738475
0.26,0.83,1.5656583331607041,2.5710074111774026,0.6089668689222894,4.221916728782647
0.26,0.84,1.7035513999406215,2.7618362770017115,0.6168183878698347,4.4775517904705096
0.26,0.85,1.8598523453775129,2.977859081398895,0.6245602275121154,4.767929416929018
0.26,0.86,2.038496385915901,3.224481406440298,0.632193561992445,5.100465427515429
0.26,0.87,2.2446300400073835,3.50877189725825,0.6397195673395967,5.484859423403583
0.26,0.88,2.4851158172549055,3.8401552290933876,0.6471394172890272,5.9340462449041125
0.26,0.89,2.769312194215478,4.231483054097437,0.6544542796960733,6.4656664115062785
0.26,0.9,3.1103215758882636,4.700747513540242,0.6616653132143676,7.104418834809442
0.26,0.91,3.527070233065382,5.2739370904423275,0.668773664262568,7.88598201793383
0.26,0.92,4.047948193312567,5.99003434820916,0.6757804643512239,8.863876161261677
0.26,0.93,4.717569039897633,6.910297445044184,0.682686827508547,10.1222070891029
0.26,0.94,5.6102895107788,8.13682315896347,0.6894938480503343,11.801154110325676
0.26,0.95,6.859952618699139,9.853385543127724,0.6962025984544606,14.153043331067435
0.27,0.30000000000000004,0.002066501002700505,0.05817173216011988,0.03552414421857654,1.637526629837864
0.27,0.31,0.0036744935536921182,0.07748300127886432,0.047423221778251395,1.633862027366486
0.27,0.32,0.00574410858269589,0.09678595838411151,0.05934857368358556,1.6308051293721364
0.27,0.33,0.008277774109965406,0.11610120314351059,0.0712979184180667,1.628395410686925
0.27,0.33999999999999997,0.011278766541134036,0.1354506281143262,0.08326846983399928,1.6266736783365323
0.27,0.35,0.014751249729123929,0.1548574864247023,0.09525693635933163,1.6256819959078184
0.27,0.36,0.01870031870181176,0.17434645843347973,0.10725952720712531,1.6254636112352525
0.27,0.37,0.023132048488365725,0.1939437168112979,0.119271966468873,1.6260628759056501
0.27,0.38,0.02805354870507505,0.21367699111541932,0.1312895158183957,1.6275251666780832
0.27,0.39,0.033473024359009576,0.23357563179858756,0.1433070055350354,1.6298968143709032
0.27,0.4,0.0393998436712891,0.2536706754814786,0.15531887395540056,1.633225048710561
0.27,0.41000000000000003,0.045844613706660715,0.2739949124918988,0.16731921512599696,1.6375579594105283
0.27,0.42000000000000004,0.05281926464426743,0.29458295929782724,0.1793018332430644,1.6429444918083238
0.27,0.43000000000000005,0.06033714378574294,0.315471337805678,0.19126030340958905,1.6494344732376989
0.27,0.44000000000000006,0.06841312043520832,0.3366985653813286,0.2031880366277382,1.6570786891267406
0.27,0.45000000000000007,0.07706370311175822,0.358305258691384,0.21507834797963385,1.6659290070672879
0.27,0.45999999999999996,0.08630717046647254,0.38033425545701494,0.2269245255407369,1.6760385619435318
0.27,0.47,0.09616371779950772,0.4028307583798911,0.23871989861514034,1.6874620034475096
0.27,0.48,0.10665562141094305,0.42584250660384876,0.2504579034665562,1.7002558142898123
0.27,0.49,0.11780742275941347,0.449419978681183,0.26213214442561683,1.7144787018240388
0.27,0.5,0.12964613568907463,0.473616633245162,0.2737364496697582,1.7301920654576466
0.27,0.51,0.14220147959997048,0.49848919262810326,0.28526491988776087,1.747460545882181
0.27,0.52,0.15550614259543158,0.5240979756613635,0.2967119695495811,1.7663526566082322
0.27,0.53,0.16959607872410576,0.5505072858543778,0.3080723599523221,1.7869415027676467
0.27,0.54,0.1845108449150468,0.5777858632124921,0.31934122425419964,1.8093055932940474
0.27,0.55,0.20029398334095358,0.6060074069808419,0.3305140845370651,1.833529750569168
0.27,0.56,0.2169934566024729,0.6352511796416751,0.3415868613181828,1.8597061291826111
0.27,0.5700000000000001,0.23466214439810748,0.6656027034853627,0.35255587630477214,1.8879353549902897
0.27,0.58,0.25335841159088845,0.6971545626512551,0.36341784901668733,1.918327799632217
0.27,0.59,0.27314676027232115,0.7300073276648403,0.37416988832984405,1.9510050125180383
0.27,0.6,0.2940985801381012,0.7642706213797136,0.3848094796672602,1.9861013352388526
0.27,0.61,0.3162930147936045,0.8000643500453046,0.39533446875328715,2.0237657307453087
0.27,0.62,0.3398179658908912,0.8375201295131494,0.40574304296235536,2.0641638693256756
0.27,0.63,0.3647712600847064,0.8767829403091891,0.41603371064230943,2.1074805187193473
0.27,0.64,0.39126201171016045,0.9180130573436682,0.4262052795221705,2.15392230329215
0.27,0.65,0.4194122191677745,0.9613883062574582,0.43625683445275504,2.2037209055152873
0.27,0.66,0.4493586439234019,1.0071067147931456,0.4461877150880657,2.257136807530367
0.27,0.67,0.4812550315908854,1.0553896413055548,0.4559974939639882,2.314463687357244
0.27,0.6799999999999999,0.5152747500884851,1.1064854852578074,0.46568595517403266,2.376033618716931
0.27,0.69,0.5516139389956718,1.1606741108915533,0.47525307389854526,2.4422232588006962
0.27,0.7,0.5904952893295176,1.2182721503252245,0.48469899699495017,2.51346125714784
0.27,0.71,0.6321726059738924,1.2796393987452264,0.49402402473210866,2.5902371841918588
0.27,0.72,0.6769363482884918,1.3451865747923457,0.5032285936937702,2.6731123621543107
0.27,0.73,0.7251204026459664,1.41538480053569,0.5123132609390219,2.7627330940866592
0.27,0.74,0.7771104182676315,1.490777263781428,0.5212786894109543,2.859846938047685
0.27,0.75,0.8333541444047826,1.5719936754014738,0.5301256343744201,2.965322884746972
0.27,0.76,0.8943743523795308,1.6597683356363235,0.538854931243549,3.080176573323683
0.27,0.77,0.9607851290538859,1.7549629094321018,0.5474674842927545,3.205602085572716
0.27,0.78,1.0333126146513751,1.8585954090194452,0.55596425646856,3.3430124102313576
0.27,0.79,1.1128216664436388,1.971877453689688,0.5643462601397351,3.494091470016016
0.27,0.8,1.2003505215125791,2.0962627026357694,0.5726145487410997,3.6608617563846906
0.27,0.8099999999999999,1.297156407415615,2.2335105809513096,0.580770209229599,3.845773329031627
0.27,0.82,1.4047763556539596,2.3857712421997608,0.5888143552098101,4.051822482061681
0.27,0.83,1.5251094803105556,2.5557005158862585,0.5967481208500216,4.282712297855015
0.27,0.84,1.6605301117465652,2.74661795764398,0.6045726552996655,4.543073414861242
0.27,0.85,1.8140461841249687,2.962728115648213,0.6122891177707931,4.838773105154702
0.27,0.86,1.9895255037048465,3.2094366233504052,0.6198986729415257,5.177356822077191
0.27,0.87,2.19202645052164,3.493812179284367,0.6274024870365612,5.568693544373485
0.27,0.88,2.4282940305021836,3.8252795139145053,0.6348017240751247,6.025943800779293
0.27,0.89,2.7075265029229407,4.21669033623104,0.6420975426293648,6.567055713940058
0.27,0.9,3.042601984531719,4.686036845626653,0.649291092828537,7.217158678725519
0.27,0.91,3.4521227917076773,5.2593075845973924,0.6563835136430688,8.01255283729951
0.27,0.92,3.963993039085184,5.97548517708962,0.6633759304237552,9.007690666847928
0.27,0.93,4.622062753627145,6.895827842939838,0.6702694526168249,10.288142799910647
0.27,0.94,5.499416103281751,8.122432422871976,0.6770651717330306,11.996529672441461
0.27,0.95,6.727605502389476,9.839073033779853,0.6837641594174598,14.389571167582629
0.28,0.31,0.0020819042483139665,0.05800052231966275,0.03589457758397082,1.6158574978066778
0.28,0.32,0.003703067730157826,0.0772980729075786,0.047906339587345165,1.6135249232858837
0.28,0.33,0.005790665586853719,0.09661152726127874,0.05993762598528529,1.6118677654166167
0.28,0.33999999999999997,0.00834764282253593,0.11596311390145815,0.07198532827972783,1.6109270690665884
0.28,0.35,0.011377824552603909,0.13537641394468244,0.08404584093395408,1.6107449510924114
0.28,0.36,0.014885958735680025,0.15487642068891122,0.09611507464767896,1.6113645154688674
0.28,0.37,0.018877763934898418,0.17448959727505944,0.1081884778789429,1.6128297642777074
0.28,0.38,0.02335998272548672,0.19424393370212983,0.12026106700098499,1.615185517192683
0.28,0.39,0.028340441253989747,0.21416900359376895,0.1323274646584493,1.6184773444164522
0.28,0.4,0.033828115677563594,0.23429602260130225,0.1443819459757896,1.622751522136914
0.28,0.41000000000000003,0.0398332062993261,0.25465791006428606,0.15641849212251285,1.628055011966414
0.28,0.42000000000000004,0.04636722019542076,0.2752893566352726,0.16843084949648857,1.634435481731699
0.28,0.43000000000000005,0.053443063431863426,0.29622690034964694,0.18041259375425633,1.6419413644323724
0.28,0.44000000000000006,0.06107514395960311,0.31750901493486305,0.19235719644726523,1.650621972034762
0.28,0.45000000000000007,0.06927948664924427,0.339176213826947,0.20425809306483902,1.6605276625160699
0.28,0.45999999999999996,0.0780738617977169,0.3612711737827012,0.21610875005675673,1.6717100704521237
0.28,0.47,0.08747792897343655,0.3838388824012446,0.22790272946343107,1.684222401833212
0.28,0.48,0.09751339838117344,0.40692681470434944,0.2396337495036332,1.6981197996828066
0.28,0.49,0.1082042117436136,0.4305851424010484,0.2512957394215703,1.7134597800669618
0.28,0.5,0.11957674580363988,0.45486698189633634,0.26288288788323455,1.730302742635633
0.28,0.51,0.13166004140093063,0.4798286857534928,0.2743896838809875,1.7487125571441362
0.28,0.52,0.1444860619321155,0.5055301835142839,0.28581094985801775,1.7687572283896613
0.28,0.53,0.15808998540187,0.5320353778897504,0.2971418668226791,1.7905096430158902
0.28,0.54,0.17251053545794434,0.5594126041714054,0.30837799179277464,1.8140484050733496
0.28,0.55,0.18779035709471084,0.5877351599042828,0.31951526794023,1.8394587641872164
0.28,0.56,0.20397644424177638,0.6170819149546298,0.3305500279598592,1.8668336492458746
0.28,0.5700000000000001,0.22112062785496858,0.6475380134051487,0.3414789916227185,1.8962748200937003
0.28,0.58,0.23928013412637927,0.6791956797485167,0.3522992581680977,1.9278941524890811
0.28,0.59,0.25851822529711815,0.7121551467710052,0.3630082945679323,1.9618150808885568
0.28,0.6,0.2789049370833845,0.7465257238330784,0.37360392037307355,1.9981742244235885
0.28,0.61,0.30051793003712707,0.7824270293848541,0.38408428997320687,2.037123230006192
0.28,0.62,0.3234434764442239,0.8199904180580859,0.3944478731961379,2.078830876723598
0.28,0.63,0.34777760720340956,0.8593606357617329,0.40469343454990964,2.12348548900353
0.28,0.64,0.37362745107903067,0.9006977489969107,0.4148200120352606,2.1712977263988638
0.28,0.65,0.401112803715781,0.9441794003938475,0.42482689576627497,2.222503824035902
0.28,0.66,0.4303679743816539,0.990003458878281,0.4347136068284857,2.277369383721367
0.28,0.67,0.46154396898820144,1.0383911468279263,0.4444798767768045,2.3361938325710847
0.28,0.6799999999999999,0.494811083016435,1.0895907490032448,0.4541256278736645,2.399315700602485
0.28,0.69,0.5303619969343799,1.1438820346065817,0.46365095428462494,2.4671189049346336
0.28,0.7,0.5684154912432917,1.201581558729569,0.4730561043598879,2.540040277792165
0.28,0.71,0.6092209307484602,1.263049055850206,0.4823414640363043,2.6185786419455335
0.28,0.72,0.6530637103451198,1.3286951986652709,0.49150754138432134,2.703305822984988
0.28,0.73,0.7002719116411082,1.3989910765522093,0.500554952335305,2.7948801026247203
0.28,0.74,0.7512244960843507,1.4744798563694763,0.509484407561895,2.894062771077736
0.28,0.75,0.8063614653076653,1.555791238532575,0.518296700313229,3.00173865199671
0.28,0.76,0.8661965619919951,1.6436595220067736,0.5269926955032878,3.118941753902392
0.28,0.77,0.9313332846170487,1.738946378579126,0.5355733196201431,3.246887615336176
0.28,0.78,1.0024852704139282,1.8426698343614936,0.5440395515897187,3.38701447160798
0.28,0.79,1.0805025029450586,1.956041528697702,0.5523924145232428,3.5410361859981663
0.28,0.8,1.1664053818409548,2.0805151462308036,0.5606329682117867,3.711011061063503
0.28,0.8099999999999999,1.2614295531436317,2.2178501419907253,0.568762302403075,3.8994323861129625
0.28,0.82,1.3670856825159252,2.370196703591216,0.5767815305981053,4.109349169231185
0.28,0.83,1.4852403263013303,2.540210697910349,0.5846917846315394,4.344529484899702
0.28,0.84,1.6182271299495727,2.7312117209593834,0.5924942096327647,4.609685084774453
0.28,0.85,1.7690025060602388,2.9474043638052807,0.600189959607832,4.9107858547502765
0.28,0.86,1.9413680320752205,3.1941943049446886,0.6077801932931683,5.255509047830948
0.28,0.87,2.1402954949926043,3.478650289873251,0.6152660706433323,5.6538958604298095
0.28,0.88,2.372414457809864,3.8101970976304274,0.6226487494007266,6.119336305256508
0.28,0.89,2.64676577304974,4.201686487213916,0.6299293821907155,6.670091292775777
0.28,0.9,2.976007204544518,4.671110709284602,0.6371091138193778,7.331727969298639
0.28,0.91,3.3784227988171955,5.244458358799633,0.6441890787727521,8.14117862536707
0.28,0.92,3.8814392852241686,5.960712113187659,0.6511703990261088,9.153843789739993
0.28,0.93,4.528156535423776,6.881130246804519,0.6580541819458476,10.456783705039623
0.28,0.94,5.390408482901419,8.107809655802816,0.6648415184541816,12.19510128467041
0.28,0.95,6.597497148577806,9.824524513550879,0.6715334812873576,14.629984635638504
0.29000000000000004,0.32,0.00209901822731386,0.05789356905937252,0.03625650070323387,1.596777624328449
0.29000000000000004,0.33,0.0037347273492707436,0.07720246103786203,0.04837575511276953,1.5958915960669573
0.29000000000000004,0.33999999999999997,0.0058421173937525115,0.096553416937817,0.06050658359936651,1.5957505976065038
0.29000000000000004,0.35,0.008424673734971145,0.11597034263350371,0.07264507065910196,1.5963965838468543
0.29000000000000004,0.36,0.011486796591384274,0.13547853679211094,0.08478683681837018,1.597872286264579
0.29000000000000004,0.37,0.015033847719428796,0.15510474087049927,0.0969270677031137,1.6002211203333108
0.29000000000000004,0.38,0.019072202688870825,0.17487718885716608,0.10906055165633056,1.6034871106120532
0.29000000000000004,0.39,0.023609309179485102,0.1948256568457624,0.1211817250444374,1.6077148330271724
0.29000000000000004,0.4,0.028653752076131078,0.21498151534833404,0.1332847246411091,1.612949390316159
0.29000000000000004,0.41000000000000003,0.03421532612275058,0.2353777858658145,0.1453634462440574,1.6192364170468818
0.29000000000000004,0.42000000000000004,0.04030511693920302,0.25604920488918115,0.15741160749414232,1.626622133940849
0.29000000000000004,0.43000000000000005,0.046935591454287835,0.2770322978288962,0.16942281395390474,1.6351534445902252
0.29000000000000004,0.44000000000000006,0.05412069886970152,0.29836546708697087,0.18139062606037384,1.6448780930259497
0.29000000000000004,0.45000000000000007,0.06187598352825823,0.3200890974642628,0.1933086256871543,1.6558448766910523
0.29000000000000004,0.45999999999999996,0.0702187110553601,0.3422456829278668,0.2051704800324966,1.6681039244712936
0.29000000000000004,0.47,0.07916800957661083,0.3648799788105777,0.21697000157333868,1.6817070385983452
0.29000000000000004,0.48,0.08874502815578564,0.38803918426970563,0.22870120274787414,1.6967081047557482
0.29000000000000004,0.49,0.09897311443142354,0.41177315852935775,0.24035834386317131,1.713163570322184
0.29000000000000004,0.5,0.10987801447604303,0.4361346762756633,0.25193597403063067,1.7311329910457232
0.29000000000000004,0.51,0.12148809780417275,0.461179726980887,0.2634289642337372,1.7506796502896624
0.29000000000000004,0.52,0.13383461128500962,0.4869678634408624,0.27483253276581465,1.7718712502489968
0.29000000000000004,0.53,0.1469519660490612,0.5135626053645461,0.28614226291797307,1.7947806805168325
0.29000000000000004,0.54,0.16087806273127797,0.5410319055930458,0.29735411362650294,1.8194868703670224
0.29000000000000004,0.55,0.17565466061355245,0.5694486858382259,0.3084644235414989,1.8460757299021742
0.29000000000000004,0.56,0.19132779778214354,0.5988914519563265,0.31946990920834833,1.8746411937211531
0.29000000000000004,0.5700000000000001,0.2079482707445897,0.6294450001413063,0.33036765833060344,1.9052863810034701
0.29000000000000004,0.58,0.22557218297638154,0.6612012264433828,0.3411551188278033,1.938124887925605
0.29000000000000004,0.59,0.24426157466789186,0.6942600571852989,0.3518300846201471,1.973282239166261
0.29000000000000004,0.6,0.2640851474058799,0.728730518804426,0.3623906788467496,2.0108975239746627
0.29000000000000004,0.61,0.2851191008970122,0.7647319713915829,0.37283533520663575,2.0511252533715645
0.29000000000000004,0.62,0.30744810285718843,0.8023955360058211,0.3831627782821538,2.0941374827774957
0.29000000000000004,0.63,0.3311664161875229,0.841865749548574,0.39337200303623376,2.140126249582203
0.29000000000000004,0.64,0.35637921522745303,0.8833024934620195,0.4034622542846662,2.189306395038377
0.29000000000000004,0.65,0.38320412782849606,0.9268832482246165,0.41343300632792546,2.2419188454669103
0.29000000000000004,0.66,0.41177305042099654,0.9728057423344497,0.4232839430335408,2.2982344554878735
0.29000000000000004,0.67,0.44223429364226485,1.0212910781406643,0.43301493874536245,2.3585585317213313
0.29000000000000004,0.6799999999999999,0.4747551307819427,1.0725874391771333,0.44262604002352013,2.4232361908037277
0.29000000000000004,0.69,0.5095248402135548,1.1269745108217337,0.4521174483724877,2.49265874360427
0.29000000000000004,0.7,0.5467583567866603,1.184768780109765,0.46148950408366185,2.567271345558018
0.29000000000000004,0.71,0.5867006793672579,1.246329927868136,0.4707426711407126,2.6475822233153528
0.29000000000000004,0.72,0.6296322233884315,1.3120685860436883,0.479877523237544,2.734173872515804
0.29000000000000004,0.73,0.6758753635322873,1.3824558148106236,0.4888947308777985,2.8277167404288814
0.29000000000000004,0.74,0.7258024867183082,1.4580347621480978,0.49779504958372583,2.9289860623711688
0.29000000000000004,0.75,0.7798459785283373,1.5394351186835065,0.5065793089060133,3.0388827408051933
0.29000000000000004,0.76,0.8385107068807883,1.6273911817099325,0.5152484026610912,3.158459440737679
0.29000000000000004,0.77,0.9023897627340859,1.7227646283640712,0.5238032798426971,3.2889534958265876
0.29000000000000004,0.78,0.9721844944265116,1.8265734963385396,0.5322449364207383,3.4318287903722537
0.29000000000000004,0.79,1.0487302669488756,1.940029441955088,0.5405744079285751,3.5888296106896345
0.29000000000000004,0.8,1.133029948964862,2.0645861714927225,0.5487927627383393,3.7620506531298834
0.29000000000000004,0.8099999999999999,1.2262979763480446,2.202003165781084,0.556901095967797,3.9540291475892793
0.29000000000000004,0.82,1.3300191030885815,2.3544306416736873,0.564900523951351,4.167867689703984
0.29000000000000004,0.83,1.446027889191265,2.524524498408209,0.5727921793205139,4.407400431694051
0.29000000000000004,0.84,1.5766179972083771,2.7156043669379684,0.5805772064603515,4.677421601675334
0.29000000000000004,0.85,1.7246952078667166,2.9318748756035684,0.5882567575506316,4.984005432952839
0.29000000000000004,0.86,1.8939960139522556,3.178741742091754,0.5958319887622963,5.334963214537805
0.29000000000000004,0.87,2.089407106002752,3.463273752849935,0.6033040571174527,5.740511292758796
0.29000000000000004,0.88,2.317444600031731,3.7948957293462473,0.6106741173705346,6.2142730818303935
0.29000000000000004,0.89,2.586994663942442,4.1864594743149315,0.6179433193643359,6.77482763082777
0.29000000000000004,0.9,2.9104985200397717,4.655957283422256,0.6251128055669091,7.448187338283386
0.29000000000000004,0.91,3.3059274508927574,5.229377797603919,0.6321837088166629,8.271927486699077
0.29000000000000004,0.92,3.800239059918032,5.945703741336435,0.6391571503130158,9.302412933070737
0.29000000000000004,0.93,4.4357960430541885,6.866193436911448,0.6460342377201505,10.628219119070513
0.29000000000000004,0.94,5.283203732629753,8.092943829405453,0.652816063474134,12.396974097629743
0.29000000000000004,0.95,6.469552696960113,9.809729141944585,0.6595037032467601,14.874411005807762
0.30000000000000004,0.33,0.002117911634017497,0.05785600339254976,0.03660660104099458,1.5804800704593864
0.30000000000000004,0.33999999999999997,0.0037695991959345214,0.07720319049802445,0.04882698722186855,1.581158185067106
0.30000000000000004,0.35,0.00589866981681979,0.09662058727753854,0.06104982367656403,1.5826513732361445
0.30000000000000004,0.36,0.008509174969393426,0.11613379004063765,0.07327044925009238,1.585001746669258
0.30000000000000004,0.37,0.011606118956004143,0.135769806336961,0.08548379988993599,1.5882518852902
0.30000000000000004,0.38,0.015195510026937956,0.15555709732855336,0.09768445341226313,1.5924447739093865
0.30000000000000004,0.39,0.019284417462679275,0.17552562090820278,0.10986668135909763,1.5976237630633428
0.30000000000000004,0.4,0.023881035335131553,0.1957068786536395,0.12202450674917778,1.6038325732052854
0.30000000000000004,0.41000000000000003,0.02899475368919342,0.21613396820914302,0.1341517667465232,1.6111153319174942
0.30000000000000004,0.42000000000000004,0.03463623797977686,0.23684164489831594,0.1462421779524769,1.619516668954974
0.30000000000000004,0.43000000000000005,0.04081751775260549,0.2578663948171051,0.15828940324525734,1.6290818559569704
0.30000000000000004,0.44000000000000006,0.04755208569319693,0.27924652398356675,0.1702871176867194,1.6398570119514393
0.30000000000000004,0.45000000000000007,0.05485500836451592,0.30102226634903956,0.1822290723866611,1.6518893632423162
0.30000000000000004,0.45999999999999996,0.06274305002779555,0.32323591490721504,0.1941091541322256,1.6652275692625467
0.30000000000000004,0.47,0.07123481126876732,0.34593197935727915,0.20592143981923078,1.6799221084553282
0.30000000000000004,0.48,0.08035088454784116,0.3691573751697765,0.21766024452548885,1.6960257302593755
0.30000000000000004,0.49,0.09011402863848632,0.3929616469379461,0.22932016226183147,1.7135939686335704
0.30000000000000004,0.5,0.10054936492753136,0.41739723144862456,0.2408960993309978,1.7326857205566846
0.30000000000000004,0.51,0.11168459840093707,0.4425197644186061,0.25238329986836,1.7533638899618909
0.30000000000000004,0.52,0.1235502670812715,0.4683884363404951,0.2637773640326522,1.7756960990879973
0.30000000000000004,0.53,0.13618002389021552,0.49506640280940206,0.27507425896288124,1.799755472125826
0.30000000000000004,0.54,0.149610956162629,0.5226212566932597,0.2862703233872473,1.82562149827278
0.30000000000000004,0.55,0.16388394837814266,0.5511255691729218,0.2973622665050444,1.853380980883708
0.30000000000000004,0.56,0.17904409498796414,0.5806575093193141,0.30834716181979915,1.8831290870082844
0.30000000000000004,0.5700000000000001,0.19514117170545334,0.611301553706801,0.3192224369824667,1.9149705123652592
0.30000000000000004,0.58,0.21223017454386117,0.6431492985201535,0.32998586025389376,1.949020779330694
0.30000000000000004,0.59,0.23037193868592024,0.6763003917936953,0.34063552451141405,1.9854076956997881
0.30000000000000004,0.6,0.24963385064497992,0.7108636042977217,0.35116982939589214,2.0242730006749183
0.30000000000000004,0.61,0.27009067058982056,0.7469580635477895,0.36158746222911675,2.0657742360394287
0.30000000000000004,0.62,0.29182548551471327,0.7847146810665143,0.3718873783756538,2.110086888385473
0.30000000000000004,0.63,0.3149308170490116,0.8242778067597133,0.3820687812608033,2.1574068523464485
0.30000000000000004,0.64,0.3395099150794049,0.8658071567776768,0.39213110266144957,2.20795328628951
0.30000000000000004,0.65,0.3656782733795922,0.9094800670378929,0.40207398340304296,2.261971936956242
0.30000000000000004,0.66,0.3935654135346047,0.9554941409343385,0.4118972547019005,2.319739036925244
0.30000000000000004,0.67,0.4233169937402198,1.0040703737757646,0.42160092040994496,2.3815658960124035
0.30000000000000004,0.6799999999999999,0.4550973136199062,1.0554568588365356,0.43118514016913473,2.4478043432167604
0.30000000000000004,0.69,0.48909230452391056,1.109933206572119,0.44065021356952383,2.5188532137111936
0.30000000000000004,0.7,0.5255131183575559,1.1678158430232863,0.4499965653806233,2.5951661254025473
0.30000000000000004,0.71,0.5646004597110016,1.2294644006817685,0.4592247318408867,2.6772608603923285
0.30000000000000004,0.72,0.606629846717806,1.2952894744640782,0.4683353479489957,2.765730752838973
0.30000000000000004,0.73,0.6519180418174642,1.3657620977127556,0.47732913580573993,2.861258605987513
0.30000000000000004,0.74,0.7008309669028612,1.4414254005937224,0.4862068939635651,2.9646338184208028
0.30000000000000004,0.75,0.7537935188911017,1.5229090639648775,0.4949694874942882,3.0767736243185118
0.30000000000000004,0.76,0.8113018397782491,1.6109473823934854,0.5036178391952487,3.1987496411320206
0.30000000000000004,0.77,0.8739387881057207,1.70640203657633,0.5121529213942825,3.3318213472859433
0.30000000000000004,0.78,0.9423936305540881,1.8102910732019712,0.5205757485657925,3.477478691985551
0.30000000000000004,0.79,1.0174873605637884,1.923826162374112,0.528887370628202,3.637496883483962
0.30000000000000004,0.8,1.100205612590048,2.048461028368094,0.5370888668878052,3.8140076152351265
0.30000000000000004,0.8099999999999999,1.191741971924438,2.1859551735964535,0.5451813405504188,4.0095927923532715
0.30000000000000004,0.82,1.2935557206774608,2.3384588396908565,0.5531659136871823,4.227409501976771
0.30000000000000004,0.83,1.40744996615195,2.5086279533974087,0.5610437228230098,4.4713590961765295
0.30000000000000004,0.84,1.5356790679750134,2.699782175575982,0.5688159148051956,4.746319688506933
0.30000000000000004,0.85,1.6810990365261167,2.9161261665367424,0.5764836432034859,5.058471651219798
0.30000000000000004,0.86,1.8473823881649847,3.1630656777371544,0.5840480648781834,5.4157626194633215
0.30000000000000004,0.87,2.039332166513726,3.447669531039065,0.5915103370998287,5.828587118093263
0.30000000000000004,0.88,2.263352973763243,3.7793625846422993,0.5988716147427966,6.310806008505613
0.30000000000000004,0.89,2.528178929783012,4.170996679342365,0.6061330478406485,6.881322003810151
0.30000000000000004,0.9,2.846038407002638,4.640564149878784,0.6132957793670365,7.566600498487315
0.30000000000000004,0.91,3.234595257052412,5.214053677392599,0.6203609431711762,8.404870962280881
0.30000000000000004,0.92,3.72034595745076,5.930448027420528,0.627329662151839,9.453479382878474
0.30000000000000004,0.93,4.344928600464137,6.851005564286812,0.6342030465007285,10.802542816670217
0.30000000000000004,0.94,5.177740871614351,8.077823275926018,0.6409821922008795,12.602258493625175
0.30000000000000004,0.95,6.343699604931081,9.794675429189695,0.6476681795933581,15.122983863958446
0.31,0.33999999999999997,0.0021386599160463393,0.05789330442674186,0.03694140345283967,1.5671658089723068
0.31,0.35,0.0038078224773474595,0.07730766678134837,0.04925543139359309,1.5695257272968313
0.31,0.36,0.005960548763298307,0.0968223593639299,0.061561697137477944,1.5727694957419511
0.31,0.37,0.008601484620044992,0.11646464324121049,0.07385490034284838,1.576938601237828
0.31,0.38,0.011736270338118632,0.1362631898272689,0.08612942609809637,1.5820747449550296
0.31,0.39,0.015371596529963921,0.15624811828041807,0.09837940257543815,1.588219832506156
0.31,0.4,0.01951526655675764,0.17645103771906506,0.11059876331148985,1.5954160104133277
0.31,0.41000000000000003,0.024176266282067677,0.1969050968344607,0.12278131277827109,1.6037057462486057
0.31,0.42000000000000004,0.029364841938054925,0.21764504421736755,0.13492079290685588,1.6131319682328082
0.31,0.43000000000000005,0.03509258707581162,0.23870730199344314,0.1470109493205849,1.62373825280794
0.31,0.44000000000000006,0.04137253972665455,0.26013005723768395,0.15904559498425036,1.6355690785616765
0.31,0.45000000000000007,0.0482192910597789,0.28195337388791286,0.17101867019668257,1.6486701338727998
0.31,0.45999999999999996,0.05564910688866368,0.3042193289700851,0.18292429700985852,1.6630886871944053
0.31,0.47,0.06368006375489041,0.3269721765584016,0.1947568274009281,1.6788740139276035
0.31,0.48,0.07233220164400297,0.35025854376348753,0.20651088440784865,1.6960778835838233
0.31,0.49,0.08162769527738825,0.3741276614542498,0.2181813955164341,1.7147551035169237
0.31,0.5,0.09159104688347736,0.3986316346327162,0.22976361865476583,1.7349641208066326
0.31,0.51,0.10224930326007385,0.4238257564049052,0.2412531605615521,1.7567676851088236
0.31,0.52,0.11363230078070467,0.4497688704611409,0.2526459882921628,1.7802335730778471
0.31,0.53,0.1257729422991403,0.4765237873982104,0.26393843418783475,1.8054353806580776
0.31,0.54,0.13870751105633802,0.5041577621658583,0.2751271952264535,1.8324533921515567
0.31,0.55,0.15247602707008698,0.5327430395185313,0.28620932749846495,1.861375532987787
0.31,0.56,0.1671226527543121,0.5623574770540737,0.29718223651935616,1.8922984214685592
0.31,0.5700000000000001,0.18269615603340714,0.5930852575877206,0.3080436643738112,1.9253285367622792
0.31,0.58,0.19925044003573197,0.6250177032190675,0.31879167423501775,1.9605835212568805
0.31,0.59,0.2168451512404431,0.658254208716662,0.32942463317204806,1.9981936456247842
0.31,0.6,0.23554637935499667,0.6929033130780938,0.33994119368346754,2.03830346528489
0.31,0.61,0.2554274654523107,0.7290839336441615,0.3503402745080586,2.0810737066068916
0.31,0.62,0.2765699387101875,0.766926792979528,0.3606210413326505,2.126683429634062
0.31,0.63,0.2990646051843453,0.8065760726545296,0.3707828874715948,2.1753325191317527
0.31,0.64,0.32301281919558567,0.8481913402355501,0.3808254150600998,2.2272445763676068
0.31,0.65,0.34852797291163107,0.8919498016237187,0.3907484168696103,2.2826702889019135
0.31,0.66,0.3757372496592553,0.9380489476241052,0.4005518588458783,2.34189138536751
0.31,0.67,0.4047836965650063,0.9867096771424247,0.4102358636405454,2.4052252974327817
0.31,0.6799999999999999,0.43582868642273903,1.0381800019189062,0.41980069507906237,2.4730306883445787
0.31,0.69,0.46905485672460273,1.092739464429551,0.42924674361373616,2.5457140460286594
0.31,0.7,0.5046696370454655,1.1507044351264857,0.43857451282873705,2.623737589548061
0.31,0.71,0.5429095069193519,1.2124345020274738,0.44778460693050254,2.7076288091690635
0.31,0.72,0.5840451666757831,1.278340225634409,0.4568777192205899,2.7979920487591126
0.31,0.73,0.6283878580411568,1.3488926137983508,0.4658546214970201,2.895522662120846
0.31,0.74,0.67629714383561,1.424634779226875,0.4747161544116064,3.0010244353126314
0.31,0.75,0.7281905555196172,1.5061963923906398,0.483463218474339,3.1154311948357347
0.31,0.76,0.7845556532728558,1.594311743764414,0.49209676610698466,3.239833816379524
0.31,0.77,0.8459652326705391,1.6898425154631278,0.5006177942201253,3.3755142844964308
0.31,0.78,0.913096679342287,1.7938067604957348,0.5090273375321342,3.5239890438742774
0.31,0.79,0.9867568543525961,1.9074161595616088,0.5173264625058999,3.687064741135015
0.31,0.8,1.067914445263613,2.0321244512424057,0.5255162618661019,3.8669106908820603
0.31,0.8099999999999999,1.1577425349511035,2.1696911555606815,0.5335978496220236,4.066154234125178
0.31,0.82,1.257675359578918,2.3222665346299936,0.5415723564992524,4.2880078843780485
0.31,0.83,1.369485100230384,2.49250653816593,0.5494409259355834,4.536441354312497
0.31,0.84,1.495387472096241,2.6837308522089907,0.5572047103253223,4.816418099987171
0.31,0.85,1.6381895496965253,2.9001441640941277,0.5648648677464005,5.134226484406116
0.31,0.86,1.801500946297014,3.147152254102057,0.5724225588224733,5.4979528769377
0.31,0.87,1.9900424625994155,3.4318239742661403,0.5798789441189115,5.918173110217986
0.31,0.88,2.210109059407402,3.76358421438191,0.5872351815489709,6.408989673361482
0.31,0.89,2.47028536237158,4.155284847969048,0.5944924241665324,6.989634651433417
0.31,0.9,2.7825904699827273,4.624918243589272,0.6016518181353265,7.687034434505794
0.31,0.91,3.164385968555832,5.198473117122377,0.6087145008277901,8.540084243192792
0.31,0.92,3.641714958839611,5.914932269860068,0.6156815991615344,9.607128551373494
0.31,0.93,4.255503107350837,6.835554102639777,0.6225542280043447,10.979853312621103
0.31,0.94,5.073960749924922,8.062435640770566,0.629333488786768,12.811070417233584
0.31,0.95,6.219867522224668,9.779351189344453,0.6360204682087514,15.375843511587625
0.32,0.35,0.0021613458571225303,0.05801118609220105,0.0372573981453742,1.5570380375421786
0.32,0.36,0.003849549900618108,0.07752350569549896,0.049656550823934324,1.5611939292838042
0.32,0.37,0.006028001984496441,0.09716818362365538,0.062036787760113433,1.566299402854151
0.32,0.38,0.008701973450473403,0.11697408443941222,0.07439231939430711,1.572394642239958
0.32,0.39,0.011877775611722654,0.13697146780966982,0.08671715213147559,1.5795199039977872
0.32,0.4,0.015562820882277664,0.15719202737205354,0.09900515403012422,1.5877155983639482
0.32,0.41000000000000003,0.019765691103814587,0.17766893853046978,0.11125012209393496,1.5970224138761262
0.32,0.42000000000000004,0.02449621385892261,0.19843691888976484,0.12344584866554334,1.6074815073562962
0.32,0.43000000000000005,0.029765547729731296,0.21953230379155497,0.1355861857942946,1.619134740795937
0.32,0.44000000000000006,0.03558627759097931,0.24099314115831816,0.14766510540480998,1.6320249831377438
0.32,0.45000000000000007,0.04197252120878955,0.262859308307199,0.1596767543789509,1.6461964631581336
0.32,0.45999999999999996,0.048940048479753584,0.2851726541253311,0.17161550300066583,1.6616951798592736
0.32,0.47,0.05650641500122737,0.3079771697805977,0.18347598635795767,1.678569364274957
0.32,0.48,0.06469111200229044,0.331319191913397,0.19525313830657878,1.6968699954679993
0.32,0.49,0.07351573452358855,0.3552476406020972,0.20694221754432826,1.7166513668290087
0.32,0.5,0.08300417073393944,0.3798142968736775,0.2185388265190707,1.7379717047237517
0.32,0.51,0.09318281511001532,0.4050741232940811,0.23003892312905214,1.7608938425904297
0.32,0.52,0.10408080910045844,0.43108563251292564,0.2414388261880606,1.7854859523594027
0.32,0.53,0.11573031313748919,0.4579113088740203,0.25273521508360197,1.8118223403198814
0.32,0.54,0.12816681502605717,0.48561809033792236,0.26392512465273055,1.8399843174343204
0.32,0.55,0.14142948009291437,0.5142779175957422,0.27500593600071255,1.8700611524051236
0.32,0.56,0.15556154973461211,0.5439683599332477,0.2859753639967252,1.9021511235474007
0.32,0.5700000000000001,0.17061079645632318,0.5747733296819811,0.2968314423195683,1.9363626885024565
0.32,0.58,0.18663004440234834,0.606783897663643,0.30757250665508346,1.9728157898849517
0.32,0.59,0.20367776692532763,0.6400992273044314,0.318197176683137,2.0116433275014463
0.32,0.6,0.22181877440543518,0.6748276465239725,0.32870433739343735,2.0529928259396484
0.32,0.61,0.2411250084111518,0.7110878816161733,0.33909312005587633,2.0970283369329317
0.32,0.62,0.26167646231587444,0.7490104837058736,0.34936288344213795,2.143932624800213
0.32,0.63,0.2835622513015334,0.7887394816959793,0.3595131952717854,2.1939096869579617
0.32,0.64,0.3068818618802548,0.8304343083153456,0.3695438143720344,2.247187683892104
0.32,0.65,0.33174661589508736,0.8742720514573709,0.3794546735676626,2.304022357235441
0.32,0.66,0.35828139369405687,0.920450099519629,0.389245863389052,2.3647010439765093
0.32,0.67,0.3866266712223872,0.9691892634620509,0.39891761681440224,2.429547411823052
0.32,0.6799999999999999,0.41694093962149215,1.0207374802979725,0.40847029492811343,2.4989270773719587
0.32,0.69,0.4494035938969627,1.0753742299364766,0.41790437355329724,2.573254308857644
0.32,0.7,0.48421839979718545,1.1334158311762137,0.4272204309116479,2.6530000654641253
0.32,0.71,0.5216176787533744,1.1952218303316475,0.4364191361938537,2.7387017002864424
0.32,0.72,0.561867390070358,1.261202755051471,0.4455012390513114,2.830974741478126
0.32,0.73,0.6052733433094065,1.3318295883566045,0.4544675599648424,2.93052729321238
0.32,0.74,0.6521888447005455,1.4076454252263308,0.4633189814797872,3.0381777598027053
0.32,0.75,0.703024179451149,1.4892799247017943,0.47205644002212616,3.1548768292028577
0.32,0.76,0.7582584653520024,1.5774673714714926,0.48068091870875523,3.2817349515537577
0.32,0.77,0.8184545990346892,1.6730694468158898,0.48919344059048775,3.42005699176258
0.32,0.78,0.8842782792587741,1.7771042072737304,0.4975950625964429,3.5713863357100646
0.32,0.79,0.9565224662445984,1.8907833409644401,0.5058868700190159,3.7375616032362475
0.32,0.8,1.0361391788656724,2.015560597262029,0.5140699715370408,3.9207903765232857
0.32,0.8099999999999999,1.1242813347289027,2.153195509968265,0.5221454946956828,4.123746219860026
0.32,0.82,1.2223585364787282,2.305838357617498,0.5301145817271107,4.349698040950106
0.32,0.83,1.3321125488743477,2.476145108639375,0.5379783859300291,4.60268511412172
0.32,0.84,1.455721080353541,2.667435469772628,0.5457380682118719,4.887757745235851
0.32,0.85,1.595943077879354,2.883914150939334,0.5533947941409877,5.211314203661631
0.32,0.86,1.7563262911386643,3.130986956499817,0.5609497310401097,5.581582062075972
0.32,0.87,1.9415106378544702,3.415722763994634,0.5684040456444728,6.009321696719786
0.32,0.88,2.157683251091678,3.7475464900091366,0.575758901682476,6.508881545831249
0.32,0.89,2.4132817360112133,4.139310035922818,0.5830154579066692,7.099828966431025
0.32,0.9,2.7201193808419313,4.609005799245924,0.5901748661906581,7.809559612382695
0.32,0.91,3.0952605103572326,5.182622525748968,0.597238269810113,8.677646406344223
0.32,0.92,3.564302354699273,5.899143047410346,0.6042068019123489,9.763450243756315
0.32,0.93,4.167469950853189,6.819825796714984,0.6110815840575577,11.160254170043233
0.32,0.94,4.971805946124556,8.046767831376007,0.6178637249528262,13.023531737504701
0.32,0.95,6.097988168684863,9.76374348960631,0.6245543192707067,15.633137404297281
0.33,0.36,0.00218606022291761,0.05821545132772158,0.037551202868999004,1.5502952470207627
0.33,0.37,0.003894948859412835,0.07785832788043612,0.050026104662742696,1.55635399568541
0.33,0.38,0.006101301060056097,0.09766737911867503,0.0624702036146833,1.563423415762948
0.33,0.39,0.0088110478539392,0.11767298434308937,0.07487740625536912,1.5715419407259659
0.33,0.4,0.012031210098149026,0.13790689867338574,0.08724153913897637,1.5807481164872517
0.33,0.41000000000000003,0.015769965404800187,0.15840230051433782,0.09955641650149372,1.5910807769176907
0.33,0.42000000000000004,0.02003672292243066,0.17919385338180124,0.1118159052014982,1.6025792847527764
0.33,0.43000000000000005,0.02484220690952984,0.20031778450777343,0.12401398593026984,1.6152838166205499
0.33,0.44000000000000006,0.030198550199983007,0.22181198435336208,0.13614480880291208,1.6292357108853468
0.33,0.45000000000000007,0.03611939876093432,0.2437161291294989,0.14820274263318137,1.6444778605259958
0.33,0.45999999999999996,0.04262002870417571,0.2660718295978244,0.16018241678796716,1.6610551578206154
0.33,0.47,0.04971747738498241,0.2889228088336032,0.17207875551845317,1.6790149833610348
0.33,0.48,0.057430690566378534,0.312315112656924,0.18388700462748905,1.6984077438729261
0.33,0.49,0.06578068755864047,0.33629735468753197,0.19560275048776427,1.7192874530083293
0.33,0.5,0.07479074711963558,0.360921000570981,0.20722193222704072,1.7417123597493598
0.33,0.51,0.08448661681275961,0.38624069462897637,0.21874084732039348,1.7657456271221397
0.33,0.52,0.09489674939916366,0.412314633841663,0.23015615166258174,1.79145606521147
0.33,0.53,0.10605257003044323,0.4392049940289737,0.24146485461740239,1.8189189260063863
0.33,0.54,0.11798877920155287,0.4669784155445805,0.25266431011368445,1.8482167716305757
0.33,0.55,0.13074369677663558,0.49570655538862346,0.26375220451570447,1.8794404251476422
0.33,0.56,0.14435965354707833,0.5254667152593046,0.2747265418625811,1.912690021491059
0.33,0.5700000000000001,0.1588834383581463,0.556342557546703,0.28558562742130084,1.9480761779582727
0.33,0.58,0.17436680957577305,0.5884249217028227,0.29632804992551803,1.985721303976195
0.33,0.59,0.19086708230701407,0.6218127587512174,0.30695266319451403,2.0257610808125763
0.33,0.6,0.20844780430887597,0.6566142031965915,0.31745856744202405,2.0683461419465576
0.33,0.61,0.227179536422887,0.6929478065271755,0.32784509061574996,2.113643993343622
0.33,0.62,0.24714075729323579,0.7309439629901922,0.3381117702678829,2.1618412231288837
0.33,0.63,0.268418914957427,0.7707465618285503,0.3482583358148482,2.2131460544229964
0.33,0.64,0.2911116548309265,0.812514912290182,0.3582846916746295,2.2677913155945117
0.33,0.65,0.3153282585095408,0.8564259938978958,0.3681909012060354,2.326037908847317
0.33,0.66,0.34119133736730434,0.902677100821681,0.37797717152315896,2.388178887058456
0.33,0.67,0.3688388345908512,0.9514889626911084,0.3876438393438213,2.4545442649152585
0.33,0.6799999999999999,0.3984264032840681,1.0031094471244673,0.39719135775882164,2.5255067300169327
0.33,0.69,0.43013024550919526,1.0578179753919466,0.4066202839385688,2.6014884578452535
0.33,0.7,0.46415051972107785,1.1159308175197589,0.41593126781164413,2.6829692881495792
0.33,0.71,0.5007154538881702,1.1778074798707907,0.4251250416096019,2.77049659415826
0.33,0.72,0.5400863405512273,1.2438584581307894,0.4342024102668747,2.8646972672636113
0.33,0.73,0.5825636426920231,1.3145547104981732,0.44316424264399806,2.9662923674872816
0.33,0.74,0.6284945090415812,1.3904393134905044,0.45201146353078386,3.0761151556409803
0.33,0.75,0.6782820939126878,1.4721419134215825,0.46074504620020673,3.1951334595182934
0.33,0.76,0.7323972075823105,1.5603967872640827,0.46936600585192,3.3244776311226327
0.33,0.77,0.7913930064911596,1.6560656131298324,0.4778753934727803,3.46547580342021
0.33,0.78,0.8559236904702581,1.760166448300986,0.4862742903072859,3.619698765461574
0.33,0.79,0.9267685430386244,1.8739109852011369,0.4945638028474172,3.789017664479735
0.33,0.8,1.0048631837410333,1.9987529806303788,0.502745058283347,3.975679020009147
0.33,0.8099999999999999,1.09134069133871,2.1364519785355336,0.5108192003860474,4.182403435346454
0.33,0.82,1.187586434345857,2.2891582700424244,0.5187873856899584,4.412517214538613
0.33,0.83,1.2953122549430767,2.4595278383079306,0.5266507801896672,4.6701304371412125
0.33,0.84,1.4166584725213422,2.6508804067260177,0.5344105561785765,4.960381818955332
0.33,0.85,1.5543366891794532,2.8674207035086092,0.5420678895418273,5.289781517832099
0.33,0.86,1.7118337979597955,3.114554552867961,0.5496239571027888,5.66670086450669
0.33,0.87,1.893710150737204,3.3993508535173067,0.5570799344756612,6.102088126216336
0.33,0.88,2.1060468096321876,3.7312345443902655,0.564436993862669,6.610542159641113
0.33,0.89,2.357136755327011,4.123057550360637,0.5716963022068018,7.211971696240198
0.33,0.9,2.658590820887301,4.592812293394493,0.5788590194968252,7.9342502037660365
0.33,0.91,3.0271809163099817,5.1664875446192084,0.5859262971538041,8.817640665243976
0.33,0.92,3.488065672161093,5.883066162341867,0.592899276654166,9.922538943783227
0.33,0.93,4.080780922225097,6.803806606025627,0.5997790881667701,11.343854329469073
0.33,0.94,4.871220670233342,8.030805961277416,0.6065668494197441,13.239770635272716
0.33,0.95,5.977995218744162,9.747838594912507,0.6132636646101359,15.89502062071361
0.33999999999999997,0.37,0.002212902479822405,0.05851182495381116,0.037819748086292924,1.5471236037930591
0.33999999999999997,0.38,0.003944202807373905,0.07831954009475438,0.050360392854733774,1.5551812774906204
0.33999999999999997,0.39,0.006180743607002314,0.09832887496706696,0.06285786966516609,1.5643049230088342
0.33999999999999997,0.4,0.008929153203526628,0.11857162299209628,0.07530598787638945,1.5745311406939504
0.33999999999999997,0.41000000000000003,0.012197204393020335,0.13908094201313256,0.08769860353597995,1.5858968832505076
0.33999999999999997,0.42000000000000004,0.015993887712662597,0.1598914189610303,0.10002968149629547,1.5984397487754847
0.33999999999999997,0.43000000000000005,0.0203294933715039,0.18103915281488925,0.1122933523241274,1.6121983097657606
0.33999999999999997,0.44000000000000006,0.025215702881761858,0.20256185961363937,0.1244839622318711,1.6272125017705963
0.33999999999999997,0.45000000000000007,0.030665691627000523,0.22449900156157088,0.13659611585662298,1.643524050107065
0.33999999999999997,0.45999999999999996,0.03669424366482137,0.2468919428357927,0.14862471105112826,1.66117694083092
0.33999999999999997,0.47,0.04331788038740713,0.26978413458583933,0.16056496596401712,1.6802179290238097
0.33999999999999997,0.48,0.05055500496645585,0.2932213325171939,0.17241243852369245,1.70069709023285
0.33999999999999997,0.49,0.058426064498268315,0.3172518487805678,0.18416303867997194,1.722668408680365
0.33999999999999997,0.5,0.06695373252305353,0.34192684232102205,0.19581303435719508,1.746190407821838
0.33999999999999997,0.51,0.07616311464171598,0.3673006511553345,0.20735905150765974,1.77132682892199
0.33999999999999997,0.52,0.08608198067531263,0.39343117100334984,0.21879806944574728,1.798147360257693
0.33999999999999997,0.53,0.09674102712817467,0.4203802854585943,0.23012741195187003,1.8267284279306746
0.33999999999999997,0.54,0.10817417480116827,0.448214354791176,0.24134473526972783,1.857154059276453
0.33999999999999997,0.55,0.12041890673859593,0.477004770405492,0.2524480135413117,1.8895168304718424
0.33999999999999997,0.56,0.13351665297442628,0.5068285846608764,0.2634355224138817,1.9239189157816068
0.33999999999999997,0.5700000000000001,0.14751322980904039,0.5377692278338057,0.2743058214826462,1.9604732591059038
0.33999999999999997,0.58,0.16245934239784962,0.5699173251393767,0.2850577359762125,1.9993048888416596
0.33999999999999997,0.59,0.17841116176435584,0.6033716313416847,0.2956903382541082,2.0405524066300864
0.33999999999999997,0.6,0.19543098898385022,0.6382401024038243,0.3062029293486764,2.0843696817709207
0.33999999999999997,0.61,0.21358802211215308,0.6746411284940028,0.31659502080601615,2.1309277915250866
0.33999999999999997,0.62,0.23295924529643947,0.7127049591643091,0.32686631726205284,2.180417257838545
0.33999999999999997,0.63,0.2536304621665403,0.7525753545574967,0.3370166995644858,2.233050633781714
0.33999999999999997,0.64,0.27569750268877397,0.794411509606632,0.34704620886634796,2.2890655172451986
0.33999999999999997,0.65,0.29926763718038657,0.8383903032820808,0.356955031575188,2.3487280725036777
0.33999999999999997,0.66,0.32446124072980725,0.884708941874022,0.36674348519923616,2.4123371718338698
0.33999999999999997,0.67,0.35141376081890274,0.9335880788536495,0.37641200522869017,2.480229285690411
0.33999999999999997,0.6799999999999999,0.38027805453912833,0.9852755163683945,0.38596113292329337,2.552784289199944
0.33999999999999997,0.69,0.4112271788354401,1.040050619980989,0.39539150396637124,2.630432393078044
0.33999999999999997,0.7,0.44445773942116706,1.098229612834973,0.40470383809251204,2.7136624599639365
0.33999999999999997,0.71,0.48019393325416126,1.16017196238565,0.41389892948864526,2.8030320441248633
0.33999999999999997,0.72,0.5186924578554023,1.2262881326293347,0.42297763800686267,2.89917958407399
0.33999999999999997,0.73,0.5602485123474036,1.2970490564894468,0.43194088114427615,3.002839307669534
0.33999999999999997,0.74,0.6052031838212386,1.3729977910259927,0.44078962674003414,3.114859578661886
0.33999999999999997,0.75,0.6539526072198384,1.454763968245347,0.44952488616321634,3.23622565296005
0.33999999999999997,0.76,0.7069594158305915,1.5430818554117829,0.4581477083352354,3.3680881238473437
0.33999999999999997,0.77,0.7647671794824067,1.6388131250483444,0.4666591741263033,3.511798794305483
0.33999999999999997,0.78,0.8280187810168076,1.742975832492409,0.47506039130374106,3.668956335654589
0.33999999999999997,0.79,0.897480044193815,1.8567816714780758,0.48335248994534896,3.841464997290106
0.33999999999999997,0.8,0.9740704499810987,1.9816844029790464,0.4915366183014754,4.031610930283967
0.33999999999999997,0.8099999999999999,1.0589035543624765,2.119443577694263,0.4996139390105656,4.242162622387207
0.33999999999999997,0.82,1.153340878447773,2.2722094957520382,0.5075856256229794,4.476504812293036
0.33999999999999997,0.83,1.2590648199823469,2.44263815135385,0.5154528595586299,4.7388196729482175
0.33999999999999997,0.84,1.3781789074334962,2.634049280756925,0.523216827225594,5.0343359458146955
0.33999999999999997,0.85,1.513348156156097,2.8506476266003937,0.5308787175358027,5.369677729467738
0.33999999999999997,0.86,1.6679995777168508,3.0978390289841427,0.5384397194659365,5.753362757221558
0.33999999999999997,0.87,1.8466152338999704,3.382692403827586,0.54590102008994,6.196530651784219
0.33999999999999997,0.88,2.0551718173637417,3.7146327084057766,0.5532638025593026,6.714035314116933
0.33999999999999997,0.89,2.30182000517771,4.106511887020798,0.5605292444064103,7.326133164326717
0.33999999999999997,0.9,2.597971424942996,4.57632238201511,0.5676985159858912,8.061184331383464
0.33999999999999997,0.91,2.9601102666503323,5.150052985874282,0.5747727789926453,8.960154645632898
0.33999999999999997,0.92,3.412963603996706,5.866686579002788,0.581753185215638,10.084494125851991
0.33999999999999997,0.93,3.995389135691758,6.7874816438787615,0.5886408752640929,11.530768468692507
0.33999999999999997,0.94,4.772150669429978,8.014535289754075,0.5954369775538676,13.45992202680933
0.33999999999999997,0.95,5.859824188825318,9.731621907950995,0.6021426072911529,16.16165637527371
0.35,0.38,0.0022419816156640272,0.05890578643493188,0.03806046487708895,1.5476896203228214
0.35,0.39,0.003997512749385606,0.07891413261620274,0.05065648720777845,1.557828759276566
0.35,0.4,0.006266655749842881,0.09916099389352505,0.0631967823615378,1.5690829530883748
0.35,0.41000000000000003,0.009056777623073829,0.1196794837351764,0.07567527315804953,1.581487304118785
0.35,0.42000000000000004,0.012376449739191022,0.14050409017224935,0.08808604592235186,1.5950777299744408
0.35,0.43000000000000005,0.01623552812369614,0.16167076427008248,0.10042340182528944,1.6098913334099902
0.35,0.44000000000000006,0.020645243292107113,0.1832170315107936,0.11268190037720849,1.6259668225106705
0.35,0.45000000000000007,0.02561830085170223,0.20518212810587982,0.12485639508759969,1.6433449641239708
0.35,0.45999999999999996,0.031168994127133646,0.22760716406576018,0.13694206091917346,1.6620690716791495
0.35,0.47,0.037313330404528784,0.2505353154768284,0.14893441403066318,1.6821855251348907
0.35,0.48,0.04406917271841214,0.27401204908470883,0.16082932435131156,1.7037443276585789
0.35,0.49,0.05145639901239622,0.2980853804374178,0.1726230214205334,1.7267996932532008
0.35,0.5,0.05949708136155835,0.3228061701246919,0.18431209458783313,1.7514106757159122
0.35,0.51,0.06821568786998247,0.3482284607979383,0.1958934881820732,1.7776418401119969
0.35,0.52,0.07763931068892023,0.37440986003631577,0.2073644927016335,1.8055639861884916
0.35,0.53,0.08779792381199857,0.40141197377710536,0.21872273262269626,1.835254931957868
0.35,0.54,0.0987246753989513,0.42930089761923695,0.2299661518213594,1.8668003713551866
0.35,0.55,0.11045621979999307,0.45814777322679967,0.24109299718305796,1.9002948180984933
0.35,0.56,0.1230330955230899,0.4880294193010229,0.25210180095147394,1.935842653480138
0.35,0.5700000000000001,0.13650015683715835,0.5190290493149182,0.26299136246290816,1.9735593004052412
0.35,0.58,0.15090706758399572,0.5512370887243044,0.273760729585941,2.013572544016968
0.35,0.59,0.16630886816943588,0.5847521095810467,0.28440918030819934,2.0560240318100194
0.35,0.6,0.18276662816834469,0.6196819016799868,0.2949362046444405,2.101070983899866
0.35,0.61,0.20034820001876652,0.6561447051058803,0.3053414871136343,2.1488881557116835
0.35,0.62,0.219129092671082,0.6942706344980616,0.3156248900394674,2.1996701033662025
0.35,0.63,0.23919348718113873,0.7342033295625154,0.32578643755765213,2.2536338070629127
0.35,0.64,0.2606354226838686,0.7761018782479525,0.33582630062982477,2.311021729961036
0.35,0.65,0.28356018601428373,0.8201430650562175,0.3457447829481394,2.3721053953812987
0.35,0.66,0.30808594745431117,0.8665240133744893,0.3555423077711805,2.4371895958220695
0.35,0.67,0.33434569444793405,0.9154653044102737,0.3652194057352218,2.506617364888796
0.35,0.6799999999999999,0.3624895285792892,0.9672146777615803,0.37477670357339565,2.58077588211713
0.35,0.69,0.3926874077972521,1.0220514452672869,0.38421491365785065,2.6601035226275456
0.35,0.7,0.4251324377121926,1.0802917843698268,0.3935348244457748,2.7450983172613235
0.35,0.71,0.46004484457782985,1.14229512409903,0.4027372916790519,2.8363281665243556
0.35,0.72,0.4976768001851454,1.2084718965440167,0.4118232303195462,2.934443245482598
0.35,0.73,0.5383183197636366,1.2792930086433962,0.4207936071928408,3.0401911691997814
0.35,0.74,0.5823045213948255,1.3553014966973145,0.42964943432426106,3.154435659455457
0.35,0.75,0.6300246285168652,1.4371269767468196,0.4383917626701523,3.2781796993483194
0.35,0.76,0.6819332236994128,1.525503704329694,0.4470216766855078,3.412594475598391
0.35,0.77,0.7385644387470802,1.6212933439810435,0.45554028917034506,3.5590558783150263
0.35,0.78,0.8005500155516861,1.7255139464878648,0.4639487366538745,3.7191909583216987
0.35,0.79,0.8686425280962426,1.8393772039988232,0.47224817520180506,3.8949376632589527
0.35,0.8,0.9437455711856817,1.9643368786617807,0.4804397766174483,4.088622496021786
0.35,0.8099999999999999,1.0269534840215766,2.1021525247170585,0.4885247249886402,4.303062705303074
0.35,0.82,1.1196043147233192,2.254974448002188,0.4965042134802198,4.541702541044042
0.35,0.83,1.2233514796179616,2.4254586503537157,0.5043794415705891,4.808797604440558
0.35,0.84,1.340262295418514,2.616924877334482,0.512151612385474,5.109668336580063
0.35,0.85,1.472955924921781,2.833577882526313,0.5198219304311297,5.451054902928396
0.35,0.86,1.6248004426296274,3.0808235182957575,0.5273915993501732,5.841624178488625
0.35,0.87,1.8002008557869096,3.3657307140991475,0.5348618201229867,6.292710729147255
0.35,0.88,2.0050311355459205,3.6977244419232993,0.5422337891957797,6.819428290161744
0.35,0.89,2.247301903159177,4.089656661798692,0.549508696940535,7.442387508274967
0.35,0.9,2.5382287283703056,4.559519832797641,0.5566877262189455,8.19044433360541
0.35,0.91,2.8940126283006697,5.133302764941967,0.563772051020526,9.105280681526855
0.35,0.92,3.3389559412952914,5.849988357114529,0.5707628353199342,10.249420591365919
0.35,0.93,3.9112489512833473,6.770835110975599,0.5776612319126143,11.721117390131276
0.35,0.94,4.674543138077978,7.997940155780737,0.5844683814868658,13.684128019781456
0.35,0.95,5.743412330176124,9.715077903535276,0.5911854117079308,16.433216569854928
0.36,0.39,0.002273417034013349,0.05940242648072642,0.03827145065784434,1.552134174682792
0.36,0.4,0.004055098932598931,0.07964852645505982,0.05091241625024846,1.564422439971529
0.36,0.41000000000000003,0.006359394904914455,0.10017131512054808,0.06348518932052992,1.5778690461927087
0.36,0.42000000000000004,0.009194456183195986,0.12100515882624129,0.07598400161102943,1.5925083736137007
0.36,0.43000000000000005,0.012569704072385864,0.14218584096674067,0.08840334583895805,1.6083762398060897
0.36,0.44000000000000006,0.016495918011394373,0.16375068059637454,0.10073801190515227,1.6255103460901184
0.36,0.45000000000000007,0.020985334221060966,0.1857386762186936,0.11298311503174639,1.6439507457951048
0.36,0.45999999999999996,0.02605175618479032,0.2081906763472264,0.12513411571486735,1.6637403409763418
0.36,0.47,0.03171067852087478,0.23114957897362912,0.13718683227405973,1.684925405317756
0.36,0.48,0.03797942612899851,0.2546605627550408,0.14913744679631094,1.7075561384851337
0.36,0.49,0.044877310426996254,0.2787713511388547,0.16098250499436392,1.7316872485529693
0.36,0.5,0.05242580530340404,0.303532513664674,0.1727189112969992,1.7573785718388066
0.36,0.51,0.06064874537079042,0.3289978074082488,0.1843439196405715,1.7846957363699292
0.36,0.52,0.06957254988136834,0.3552245632712198,0.19585512116809484,1.8137108754299276
0.36,0.53,0.07922647592618341,0.38227412217727114,0.20725042928603968,1.8445034034147643
0.36,0.54,0.08964290557613643,0.410212328425044,0.21852806306506806,1.8771608674484102
0.36,0.55,0.1008576720287023,0.43911008744810254,0.22968652944148646,1.9117798876401568
0.36,0.56,0.11291043092546559,0.46904399764268845,0.24072460471283816,1.9484672046806926
0.36,0.5700000000000001,0.12584508439614372,0.5000970685358452,0.2516413158841055,1.987340857676039
0.36,0.58,0.13971026621800167,0.5323595379681555,0.26243592206731314,2.0285315126623886
0.36,0.59,0.1545598989213266,0.5659298064495459,0.2731078963502271,2.072183975683409
0.36,0.6,0.1704538350559318,0.6009155078670482,0.28365690820820766,2.118458921599642
0.36,0.61,0.18745859776259116,0.6374347412720404,0.2940828066391643,2.167534880929521
0.36,0.62,0.2056482392816665,0.6756174944311533,0.30438560424610556,2.2196105367877212
0.36,0.63,0.22510533896233925,0.7156072934696299,0.31456546211388303,2.2749073870371586
0.36,0.64,0.2459221686996984,0.7575631251234883,0.32462267571380454,2.333672850972909
0.36,0.65,0.26820205856699975,0.8016616842196403,0.3345576617249395,2.396183904700816
0.36,0.66,0.29206100427717574,0.8481000150240955,0.3443709457650205,2.4627513599907225
0.36,0.67,0.31762956755865657,0.8970986293665384,0.35406315109737924,2.5337249205009935
0.36,0.6799999999999999,0.34505513349116995,0.9489052063292719,0.36363498818388307,2.6094991878213576
0.36,0.69,0.3745046054819909,1.00379900535443,0.37308724504041296,2.6905208331249653
0.36,0.7,0.40616763983272935,1.0620961588232385,0.38242077843756384,2.7772972043061785
0.36,0.71,0.44026055027630767,1.1241560573565146,0.3916365057993755,2.870406718244975
0.36,0.72,0.4770310497926952,1.1903891006417784,0.400735397808592,2.970511482517843
0.36,0.73,0.5167640469583134,1.2612661686322988,0.4097184716519319,3.0783727263919456
0.36,0.74,0.5597887803993639,1.3373302755444076,0.41858678490732737,3.1948697946603466
0.36,0.75,0.606487666328371,1.4192110196781553,0.42734142979379386,3.3210237078182914
0.36,0.76,0.657307358673528,1.5076426427960046,0.4359835282016937,3.4580266117268135
0.36,0.77,0.7127726949841104,1.60348679919596,0.44451422695934734,3.6072789169526525
0.36,0.78,0.7735044465206502,1.7077615325754547,0.4529346936127186,3.7704365699035516
0.36,0.79,0.8402421407063282,1.821678530857255,0.4612461125679089,3.9494718355789953
0.36,0.8,0.9138737304907527,1.9466915544920642,0.4694496816313579,4.146752315875957
0.36,0.8099999999999999,0.9954746344686971,2.0845601583084425,0.47754660881386835,4.365144930012337
0.36,0.82,1.0863597902742874,2.2374346507897944,0.4855381094106199,4.608154555583184
0.36,0.83,1.1881540810491824,2.4079710382430366,0.4934254034534039,4.880111606313822
0.36,0.84,1.3028891726244036,2.599489072416376,0.5012097132661891,5.186429958582636
0.36,0.85,1.4331390861187812,2.816193514499281,0.5088922613947546,5.533968048130175
0.36,0.86,1.5822138735366216,3.0634902258983443,0.5164742685192182,5.931544730547115
0.36,0.87,1.75444268409198,3.348448146264833,0.523956951834254,6.390693232607524
0.36,0.88,1.9555983634042322,3.6804922589863227,0.531341523305592,6.926792086733922
0.36,0.89,2.193553653825574,4.0724745364529795,0.5386291882713902,7.560812939830972
0.36,0.9,2.479331115617227,4.542387451080083,0.5458211441271252,8.322117052361996
0.36,0.91,2.8288529969905554,5.116219827166176,0.5529185790590685,9.253116138496782
0.36,0.92,3.2660035075947986,5.832954578589968,0.5599226710221199,10.417428835203452
0.36,0.93,3.8283158994252773,6.753850222865748,0.5668345866575751,11.915028443643207
0.36,0.94,4.578346630101016,7.981003905838142,0.5736554804530212,13.912538409875326
0.36,0.95,5.628698524362114,9.698190056798877,0.5803864939124529,16.709882394785325
0.37,0.4,0.002307339582862226,0.06000635472384634,0.03845158722739903,1.5605689920932122
0.37,0.41000000000000003,0.004117202769463336,0.08052849947209875,0.051127275392606204,1.5750594737098864
0.37,0.42000000000000004,0.006459352922406115,0.1013666455600866,0.06372266623518909,1.5907470849691103
0.37,0.43000000000000005,0.009342775665960552,0.12255638832615359,0.07623246567202241,1.6076665925175793
0.37,0.44000000000000006,0.012777798855776654,0.14413482410600395,0.08865171158344927,1.6258549500234696
0.37,0.45000000000000007,0.016776189286404994,0.1661407017042312,0.10097579409692443,1.6453517715815773
0.37,0.45999999999999996,0.021351261062489336,0.18861460056396304,0.11320046803719572,1.6661998296861065
0.37,0.47,0.026517997129615,0.2115991371228557,0.12532185853961447,1.688445571974731
0.37,0.48,0.032293185810178586,0.2351392022664963,0.13733646069607283,1.712139668335141
0.37,0.49,0.03869557415964611,0.25928223082592644,0.14924113401980502,1.7373375814171879
0.37,0.5,0.04574604069544369,0.2840785075101778,0.16103309291641757,1.764100175717457
0.37,0.51,0.0534677900514233,0.30958151204460493,0.1727098937475297,1.79249436918279
0.37,0.52,0.061886572859189276,0.3358483084559711,0.1842694195594034,1.8225938371054715
0.37,0.53,0.07103093440619934,0.36293998337913064,0.19570986294998466,1.8544797789362464
0.37,0.54,0.08093249667681905,0.3909221410896477,0.20702970788819897,1.8882417652869175
0.37,0.55,0.09162627870400199,0.4198654621585558,0.21822771092660326,1.9239786751911152
0.37,0.56,0.10315106133376001,0.44984633582966393,0.229302882157561,1.9617997453715423
0.37,0.5700000000000001,0.11554980382340604,0.4809475783693134,0.24025446643308976,2.001825753791995
0.37,0.58,0.12887012048073726,0.5132592500190607,0.2510819249257592,2.0441903580706695
0.37,0.59,0.1431648280314006,0.5468795889607819,0.26178491741381715,2.0890416238010405
0.37,0.6,0.15849257569957903,0.581916081465292,0.27236328527042475,2.136543774200394
0.37,0.61,0.17491857287519424,0.6184866929027212,0.28281703532578084,2.1868792033346853
0.37,0.62,0.19251543271962693,0.6567212906101977,0.2931463247380783,2.24025080715908
0.37,0.63,0.2113641528111937,0.6967632925287783,0.30335144672171976,2.296884686256189
0.37,0.64,0.231555260417341,0.7387715887708406,0.31343281731042194,2.357033303373481
0.37,0.65,0.25319015444647297,0.7829227881249514,0.3233909630512182,2.420979178694468
0.37,0.66,0.27638268509195657,0.8294138585837557,0.3332265095785676,2.4890392413038134
0.37,0.67,0.3012610213611218,0.8784652446846406,0.3429401711495954,2.561569972219561
0.37,0.6799999999999999,0.32796986937967537,0.9303245664294488,0.3525327409534197,2.638973514668168
0.37,0.69,0.3566731208288497,0.985271031631729,0.3620050822342311,2.721704970413153
0.37,0.7,0.3875570316530525,1.043620727827558,0.37135812016670694,2.810281157603514
0.37,0.71,0.42083405921295985,1.105733006953159,0.38059283440635067,2.9052911852055314
0.37,0.72,0.4567475222637538,1.1720182355793844,0.38971025227944667,3.007409296327606
0.37,0.73,0.4955772973350624,1.2429472656017404,0.3987114425929741,3.117410570206803
0.37,0.74,0.5376468300915951,1.3190630876696134,0.4075975100186109,3.236190249566012
0.37,0.75,0.5833318303377513,1.40099528067486,0.41636958980815414,3.364787714973086
0.37,0.76,0.6330711413915191,1.4894780706099149,0.42502884324593493,3.504416451445523
0.37,0.77,0.6873804455758203,1.58537309934935,0.43357645330170347,3.656501840163748
0.37,0.78,0.7468697082823839,1.6896984011582568,0.4420136207564726,3.8227292594885807
0.37,0.79,0.8122656070075016,1.8036656572417873,0.4503415606690874,4.0051059346199835
0.37,0.8,0.8844406892177514,1.9287286237003598,0.4585614991915809,4.206041342547518
0.37,0.8099999999999999,0.9644517396160437,2.0666468532537845,0.4666746706616009,4.428453017010578
0.37,0.82,1.0535909362140496,2.219570654233393,0.4746823148902842,4.6759076220196105
0.37,0.83,1.153455062921268,2.3901560345485735,0.4825856748465881,4.952811820011843
0.37,0.84,1.2660406776535054,2.5817227491857886,0.490385994411206,5.264674722787704
0.37,0.85,1.393877348162266,2.798475564052842,0.49808451646567464,5.618475322040448
0.37,0.86,1.5402179894638677,3.0458203465310514,0.5056824809835072,6.0231873973707835
0.37,0.87,1.7093170513787648,3.3308260435478356,0.5131811235503859,6.490546691397942
0.37,0.88,1.9068477993990651,3.6629176467904334,0.520581673756686,7.036201678706116
0.37,0.89,2.140547205095979,4.054947138051301,0.5278853539197231,7.681492028414843
0.37,0.9,2.4212477711907594,4.524907000033625,0.5350933778689301,8.456294148237415
0.37,0.91,2.7645972418100824,5.09878606820848,0.5422069498164801,9.403763765724984
0.37,0.92,3.194068095887717,5.815567268462364,0.5492272633847856,10.588635445047109
0.37,0.93,3.746546608450267,6.736509131103027,0.5561555006512421,12.112635986185103
0.37,0.94,4.483510974144587,7.9637088154864575,0.5629928313584021,14.145311222296451
0.37,0.95,5.515623182031108,9.68094076512012,0.5697404122028705,16.99184498373441
0.38,0.41000000000000003,0.002343892697498839,0.06072167554359528,0.038600593223354546,1.5730762268922023
0.38,0.42000000000000004,0.0041840889572035776,0.08155920723273856,0.05130124604158793,1.5898094788306247
0.38,0.43000000000000005,0.006566959582603116,0.1027531068212108,0.06391008297227983,1.6077761448968644
0.38,0.44000000000000006,0.009502379892236906,0.12434023070588204,0.07642240840548312,1.627012721794318
0.38,0.45000000000000007,0.01300164677941224,0.14635906540069338,0.08883390136317888,1.647558681480563
0.38,0.45999999999999996,0.01707758498456949,0.16884991298832622,0.1011406205803031,1.669456960215739
0.38,0.47,0.02174466632069326,0.19185510417968246,0.11333900348217073,1.6927544647934287
0.38,0.48,0.027019143628195574,0.21541924140864685,0.12542586006484305,1.7175026051029567
0.38,0.49,0.03291920130061452,0.2395894733464486,0.13739836246066228,1.743757851663218
0.38,0.5,0.03946512481184559,0.26441580466956266,0.14925403139636342,1.7715823297755504
0.38,0.51,0.04667949184782008,0.28995144454032856,0.1609907200904721,1.8010444600619482
0.38,0.52,0.05458738817810021,0.3162531980996942,0.1726065965691589,1.8322196508461943
0.38,0.53,0.06321665187645949,0.3433819066802747,0.18410012480745228,1.8651910586123337
0.38,0.54,0.07259815029222841,0.37140294383265166,0.19547004539883242,1.900050430104776
0.38,0.55,0.08276609470845382,0.4003867746606172,0.2067153561168684,1.9368990392482255
0.38,0.56,0.09375839867459547,0.43040958854059536,0.21783529263951884,1.9758487402353648
0.38,0.5700000000000001,0.10561708720707327,0.4615540171996524,0.2288293098343611,2.017023158151156
0.38,0.58,0.11838876508716517,0.49390995149203526,0.2396970636641936,2.060559040406036
0.38,0.59,0.13212515461024818,0.5275754747914994,0.2504383939804343,2.1066078024470825
0.38,0.6,0.14688371464341718,0.5626579324454384,0.2610533081885603,2.1553373000698666
0.38,0.61,0.16272835558973708,0.5992751620935557,0.2715419658329386,2.20693387210082
0.38,0.62,0.17973026828588184,0.637556915686666,0.28190466429543387,2.26160470696757
0.38,0.63,0.1979688875932647,0.6776465073527431,0.2921418253399389,2.319580589202616
0.38,0.64,0.21753301774660203,0.7197027340712085,0.3022539827187581,2.3811191091595276
0.38,0.65,0.23852215101356566,0.7639021213811281,0.3122417706895745,2.446508421003629
0.38,0.66,0.2610480199432733,0.8104415631550412,0.3221059133825958,2.51607166923509
0.38,0.67,0.28523643251019126,0.8595414381503927,0.3318472150964336,2.5901722209740803
0.38,0.6799999999999999,0.3112294519935939,0.9114493081742367,0.3414665513510905,2.669219882790508
0.38,0.69,0.3391879995649661,0.9664443298234572,0.3509648606732749,2.753678325429716
0.38,0.7,0.36929497798003896,1.0248425457455919,0.36034313711221855,2.84407399557726
0.38,0.71,0.401759042351101,1.0870032687127646,0.36960242339185084,2.941006876354619
0.38,0.72,0.43681917954399735,1.15333683138511,0.37874380463458845,3.0451635571909828
0.38,0.73,0.4747503060236763,1.2243140563844206,0.38776840268066826,3.157333212094275
0.38,0.74,0.5158701580817742,1.3004779094475276,0.39667737093737127,3.278427267919075
0.38,0.75,0.5605478364780558,1.38245794833388,0.4054718895092763,3.409503800638323
0.38,0.76,0.6092144880369593,1.4709883814477194,0.41415316104494426,3.5517980298310134
0.38,0.77,0.662376774261174,1.5669308361813725,0.42272240673710487,3.7067607754132177
0.38,0.78,0.7206340140290527,1.6713033352104858,0.43118086277156575,3.8761074052953077
0.38,0.79,0.7847002250854364,1.7853175506826502,0.4395297770894546,4.061880772913586
0.38,0.8,0.8554327781877441,1.9104272320035645,0.44777040646065713,4.266533036661104
0.38,0.8099999999999999,0.933870101514983,2.0483919272565694,0.4559040138210874,4.4930333253447285
0.38,0.82,1.0212819530442336,2.2013619420699873,0.4639318657811902,4.74501129247337
0.38,0.83,1.1192374375039111,2.371993283405825,0.47185523050759015,5.026951340253649
0.38,0.84,1.2296985304498507,2.563605706818457,0.4796753756551581,5.344459684462624
0.38,0.85,1.3551510126027433,2.7804039802497846,0.4873935666287602,5.704638244368895
0.38,0.86,1.4987915193325727,3.02779397440095,0.49501106482289925,6.1166187779746055
0.38,0.87,1.6648009227700231,3.3128446407286423,0.5025291262689152,6.592343543000651
0.38,0.88,1.8587544046184303,3.6449809765606065,0.5099490001652479,7.147736293981277
0.38,0.89,2.0882552067363833,4.037054970278277,0.5172719277073502,7.804512006231016
0.38,0.9,2.3639486326954233,4.5070591121833035,0.524499140982041,8.593072438106484
0.38,0.91,2.7012120519742298,5.080982246168612,0.5316318619320344,9.557332075063218
0.38,0.92,3.1231124079597437,5.797807307390098,0.5386713014726983,10.763163531339439
0.38,0.93,3.665898734846292,6.7187928361908,0.5456186586227092,12.31408187753489
0.38,0.94,4.389987192543225,7.9460360026555055,0.5524751198051613,14.382613293894204
0.38,0.95,5.404128146092968,9.663311261759157,0.5592418581691401,17.2793061188144
0.39,0.42000000000000004,0.002383233688961693,0.06155204024681347,0.03871900394211663,1.589711355664813
0.39,0.43000000000000005,0.004256047899347305,0.08274529877301266,0.05143552518944334,1.6087188469107994
0.39,0.44000000000000006,0.006682686581502747,0.1043363295958365,0.06404946970426512,1.6289959944647072
0.39,0.45000000000000007,0.009673975788935045,0.12636334333692437,0.0765568204628868,1.650582437631181
0.39,0.45999999999999996,0.013242250451723142,0.1488663555742062,0.08895395068042902,1.6735215742020848
0.39,0.47,0.017401471320802137,0.17188740613511508,0.10123761660073807,1.6978610511249623
0.39,0.48,0.022167356382073962,0.1954708073769629,0.11340494613768343,1.7236532799869628
0.39,0.49,0.027557528571716096,0.2196634229742349,0.1254534241458507,1.750955978043746
0.39,0.5,0.03359168217629176,0.24451498119553508,0.13738087544594654,1.7798327489312091
0.39,0.51,0.0402917704437007,0.27007842581732844,0.14918544612279633,1.8103537096710067
0.39,0.52,0.047682217538708174,0.29641030961671955,0.1608655839277817,1.842596174889644
0.39,0.53,0.055790158362973144,0.32357123586370834,0.17242001815783325,1.8766454111349837
0.39,0.54,0.06464571053533257,0.3516263550119993,0.18384773955048536,1.9125954764074824
0.39,0.55,0.07428228345442739,0.38064592449522977,0.1951479805095307,1.950550159429601
0.39,0.56,0.08473693023310312,0.41070594126002335,0.20632019583922948,1.9906240375036142
0.39,0.5700000000000001,0.09605074968686288,0.4418888597639789,0.2173640442942268,2.0329436784210384
0.39,0.58,0.10826934635034524,0.4742844081639158,0.2282793709569442,2.0776490060215327
0.39,0.59,0.12144335875553255,0.5079905210638433,0.23906619064702936,2.1248948656812323
0.39,0.6,0.1356290676480388,0.5431144083646605,0.2497246722958859,2.1748528223961476
0.39,0.61,0.15088909841809123,0.5797737847226166,0.2602551243159117,2.2277132342603023
0.39,0.62,0.16729323550322114,0.6180982907913181,0.2706579810939852,2.2836876573637235
0.39,0.63,0.18491936917720958,0.6582311402744532,0.28093379037051697,2.3430116377468426
0.39,0.64,0.20385460126609198,0.7003310397989541,0.2910832016307789,2.405947975958025
0.39,0.65,0.22419654085538374,0.7445744338049044,0.3011069554318439,2.472790549580779
0.39,0.66,0.24605482954856886,0.7911581436417997,0.3110058735108859,2.543868817365301
0.39,0.67,0.26955294468718183,0.8403024833048779,0.32078084980427546,2.6195531429559735
0.39,0.6799999999999999,0.2948303414070867,0.8922549570415081,0.3304328421829894,2.700261121584848
0.39,0.69,0.322045010007981,0.9472946703866093,0.33996286485655847,2.7864651357915347
0.39,0.7,0.3513765454732934,1.005737620858986,0.34937198150466686,2.878701424560434
0.39,0.71,0.3830298528220856,1.0679430815258826,0.35866129894751553,2.9775810344180997
0.39,0.72,0.4172396471103478,1.1343213502267668,0.36783196139871277,3.0838031200807348
0.39,0.73,0.4542759542437627,1.2053432192367741,0.37688514523806027,3.198171205382522
0.39,0.74,0.49445088177589913,1.281551627969666,0.38582205428527816,3.321613198975096
0.39,0.75,0.5381270155100789,1.3635761115334033,0.39464391533299203,3.455206221494248
0.39,0.76,0.5857279160040897,1.4521508590013301,0.40335197433061826,3.6002076385302026
0.39,0.77,0.6377513538865751,1.5481374814507016,0.4119474927310475,3.758094195906298
0.39,0.78,0.6947861555774932,1.6525539879600235,0.42043174422105517,3.930611830992337
0.39,0.79,0.7575338629748113,1.7666120395006966,0.4288060117539534,4.119839720237806
0.39,0.8,0.8268368914061114,1.891765376645156,0.4370715848877721,4.328273541577655
0.39,0.8099999999999999,0.9037155809115734,2.029773540630855,0.44522975732095615,4.55893503804517
0.39,0.82,0.9894175979968941,2.1827868320654904,0.45328182462079675,4.815518102654018
0.39,0.83,1.0854847746675464,2.3534612545988662,0.4612290822916313,5.102586426045859
0.39,0.84,1.193845012821022,2.545116562031537,0.4690728238662999,5.425845268659122
0.39,0.85,1.3169409510640313,2.7619575219036037,0.4768143393300146,5.79252194005849
0.39,0.86,1.4579137749696474,3.009390005868804,0.48445491349624886,6.211909348076218
0.39,0.87,1.6208718648245244,3.2944829674389497,0.49199582479084736,6.696160417295146
0.39,0.88,1.8112937670244347,3.626661407131773,0.49943834388910796,7.261479723184837
0.39,0.89,2.0366509697305597,4.018777317531479,0.5067837326656273,7.9299651083769955
0.39,0.9,2.30740434448043,4.488823194008703,0.5140332431805633,8.732554272626926
0.39,0.91,2.6386648839978823,5.0627878864750375,0.5211881167383948,9.713935763075453
0.39,0.92,3.053099993856697,5.779654336857934,0.5282495830912426,10.941143205520781
0.39,0.93,3.5863308934824643,6.700681093043577,0.5352188596478159,12.519516030232476
0.39,0.94,4.297727419275804,7.927965333424089,0.5420971508486171,14.624620920831967
0.39,0.95,5.294156593998098,9.645281521941936,0.5488856475525866,17.57247901261229
0.4,0.43000000000000005,0.0024255352071652406,0.06250076749936863,0.03880808675173058,1.6105088586100296
0.4,0.44000000000000006,0.004333398432964207,0.08409111077296831,0.051532182095485025,1.6318173877666229
0.4,0.45000000000000007,0.006807052039023897,0.1061217271672233,0.06414381126965221,1.6544343883948742
0.4,0.45999999999999996,0.009858340218386488,0.12863233570666635,0.07663967356440982,1.67840401353694
0.4,0.47,0.013500712247511409,0.15166467926617927,0.08901685160205934,1.7037749205530273
0.4,0.48,0.01774935139343207,0.17526277750502445,0.10127279531972058,1.7306007694535908
0.4,0.49,0.022621319852278585,0.19947320926713666,0.11340530357630071,1.7589407459495774
0.4,0.5,0.02813572205715636,0.22434542871678292,0.12541250436029747,1.7888601289091648
0.4,0.51,0.03431388882002279,0.24993211821844472,0.13729283400876033,1.8204309061206876
0.4,0.52,0.04117958543570439,0.27628958337739107,0.14904501621929098,1.8537324520189542
0.4,0.53,0.048759247122723746,0.30347819517733426,0.16066804105722257,1.8888522769083198
0.4,0.54,0.057082246126034936,0.3315628872739089,0.1721611444373702,1.9258868681285213
0.4,0.55,0.06618119521679314,0.3606137156878823,0.1835237883022569,1.9649426323630854
0.4,0.56,0.07609229336857955,0.39070649122484363,0.1947556415815727,2.0061369624622536
0.4,0.5700000000000001,0.08685572057142285,0.42192349690334474,0.20585656217036893,2.0495994514576448
0.4,0.58,0.09851608972958743,0.4543543036694078,0.2168265799046301,2.0954732757822074
0.4,0.59,0.11112296560023516,0.4880967023861731,0.2276658806686973,2.1439167825786707
0.4,0.6,0.12473146229738737,0.5232577719414326,0.23837479151929025,2.1951053154842026
0.4,0.61,0.13940293338288434,0.5599551078821755,0.2489537668655702,2.2492333212396804
0.4,0.62,0.15520577197826632,0.5983182428515211,0.2594033757663349,2.306516794871913
0.4,0.63,0.1722163410013781,0.6384902929161239,0.2697242901138381,2.367196119588068
0.4,0.64,0.19052005950693526,0.6806298764811156,0.2799172738227887,2.431539387283444
0.4,0.65,0.210212675812762,0.7249133586581878,0.2899831728882262,2.499846289141767
0.4,0.66,0.23140176610105312,0.7715374894194337,0.2999229062416374,2.572452698220498
0.4,0.67,0.2542085062382617,0.8207225188256435,0.3097374574320246,2.6497360882022494
0.4,0.6799999999999999,0.2787697765024395,0.8727158939413541,0.3194278670043021,2.7321219720933123
0.4,0.69,0.3052406744207442,0.9277966692542485,0.3289952255013945,2.8200915920292466
0.4,0.7,0.33379753088836944,0.9862807968900094,0.3384406671415653,2.914191149722149
0.4,0.71,0.3646415510519524,1.0485275095996873,0.3477653640114481,3.0150429516758055
0.4,0.72,0.3980032360610847,1.1149470695750763,0.35697052077348385,3.1233589461651023
0.4,0.73,0.4341477882711729,1.1860102376967252,0.36605736988772,3.239957272436579
0.4,0.74,0.47338176433373075,1.2622599258125697,0.37502716726825897,3.3657826311811387
0.4,0.75,0.5160613259006479,1.3443256449699852,0.3838811881864904,3.501931551584415
0.4,0.76,0.5626025537440691,1.432941563343876,0.3926207237866659,3.6496839736928357
0.4,0.77,0.6134944531412211,1.52896927401825,0.401247077731595,3.8105430765056405
0.4,0.78,0.6693155069577182,1.6334267706881311,0.40976156321703266,3.9862859704656506
0.4,0.79,0.7307549591141136,1.747525701362855,0.4181655002522794,4.179028878060414
0.4,0.8,0.7986404833994671,1.8727197957464023,0.42646021322221156,4.391311868454659
0.4,0.8099999999999999,0.8739745913051188,2.010768586256369,0.43464702864305066,4.626210358630317
0.4,0.82,0.9579831757509063,2.163822366503393,0.442727273079698,4.887483780819327
0.4,0.83,1.0521811892411113,2.334537134694836,0.4507022713856507,5.1797767238169765
0.4,0.84,1.1584629522032852,2.526232640764691,0.45857334495235497,5.508895509456972
0.4,0.85,1.2792285852452807,2.743113649759588,0.4663418102845993,5.882195396731679
0.4,0.86,1.417564627201452,2.990586032074003,0.4740089775041035,6.309133737974643
0.4,0.87,1.5775080174310738,3.2757187411732174,0.48157614925940817,6.802078438084571
0.4,0.88,1.7644420689720473,3.6079367785584404,0.48904461947834754,7.377520649152509
0.4,0.89,1.9857084287717466,4.000092138806646,0.4964156724060226,8.057948935050819
0.4,0.9,2.2515862147840204,4.470177320239153,0.5036905817113226,8.874847937500489
0.4,0.91,2.5769239125962167,5.044181176512561,0.5108706096036477,9.873696160415301
0.4,0.92,2.9839951955516213,5.761086654186127,0.5179570061462949,11.122712089657362
0.4,0.93,3.5078025923806155,6.682152306471619,0.5249510085221092,12.729096997610947
0.4,0.94,4.206684823961896,7.9094753178328405,0.5318538404788282,14.871520549164291
0.4,0.95,5.185652946766278,9.626830158952718,0.538666711798561,17.87158914425875
0.41000000000000003,0.44000000000000006,0.002470986872417426,0.06357101565058951,0.03886970889373405,1.6354898829931142
0.41000000000000003,0.45000000000000007,0.004416490910529048,0.08560091414589029,0.0515939689966627,1.6591263632272075
0.41000000000000003,0.45999999999999996,0.006940625555320551,0.10811481490094837,0.06419680375607496,1.684115229657636
0.41000000000000003,0.47,0.010056327692787012,0.1311541570692882,0.0766756305518726,1.71050640373358
0.41000000000000003,0.48,0.013778245496759576,0.1547626641874197,0.08902822634323436,1.7383550200220381
0.41000000000000003,0.49,0.018122880630084978,0.17898662962139286,0.10125270624079565,1.7677219332363632
0.41000000000000003,0.5,0.023108748479377206,0.20387523477067138,0.11334750150194077,1.7986742722086428
0.41000000000000003,0.51,0.02875655890537372,0.22948090365033283,0.12531133723087903,1.8312860489831602
0.41000000000000003,0.52,0.035089420504763484,0.2558596987031848,0.1371432104493708,1.8656388301310811
0.41000000000000003,0.53,0.04213307176371649,0.283071763440536,0.1488423686333775,1.9018224853555434
0.41000000000000003,0.54,0.04991614332298851,0.3111818198266996,0.16040828911787755,1.9399360315976235
0.41000000000000003,0.55,0.05847045600874757,0.3402597277537432,0.17184065947135688,1.9800885820649397
0.41000000000000003,0.56,0.06783136030669808,0.3703811169959374,0.1831393588767704,2.0224004237404642
0.41000000000000003,0.5700000000000001,0.07803812414937666,0.40162810414506644,0.19430444071012923,2.067004246929336
0.41000000000000003,0.58,0.08913437675571434,0.4340901074991314,0.20533611620230877,2.114046547327511
0.41000000000000003,0.59,0.10116861838077444,0.46786477836649787,0.2162347393065029,2.1636892382186605
0.41000000000000003,0.6,0.11419480724749617,0.503059068290381,0.2270007926416694,2.216111505321841
0.41000000000000003,0.61,0.1282730374973022,0.5397904570033328,0.23763487448335946,2.2715119494850575
0.41000000000000003,0.62,0.14347032518198521,0.5781883718957787,0.24813768687801704,2.330111073293
0.41000000000000003,0.63,0.1598615221718954,0.6183958336218044,0.25851002461582356,2.392154170968084
0.41000000000000003,0.64,0.17753038344893046,0.6605713742913805,0.2687527651941835,2.4579147076462413
0.41000000000000003,0.65,0.19657081788750438,0.7048912809812772,0.2788668596011837,2.527698278631475
0.41000000000000003,0.66,0.2170883606609137,0.7515522333583969,0.28885332386124324,2.601847274291435
0.41000000000000003,0.67,0.2392019140576457,0.8007744181987281,0.298713231368841,2.680746395227331
0.41000000000000003,0.6799999999999999,0.26304581538907834,0.8528052256105989,0.3084477058647717,2.7648292057146375
0.41000000000000003,0.69,0.2887723059915475,0.9079236590636182,0.3180579150116775,2.854585961271499
0.41000000000000003,0.7,0.3165544946517703,0.9664456249871073,0.32754506458238997,2.9505730035019644
0.41000000000000003,0.71,0.34658993496098484,1.0287303152960958,0.33691039313955384,3.0534241039871355
0.41000000000000003,0.72,0.37910496993601955,1.0951879558169961,0.34615516717695477,3.163864242584411
0.41000000000000003,0.73,0.414360042937489,1.1662892750868152,0.3552806767486096,3.282726450985853
0.41000000000000003,0.74,0.45265623477903405,1.2425771562815355,0.36428823151201883,3.4109725453498205
0.41000000000000003,0.75,0.49434337058454897,1.3246810851600699,0.37317915694766207,3.5497188428073296
0.41000000000000003,0.76,0.5398301541379327,1.413335207647546,0.381954791203754,3.700268304511467
0.41000000000000003,0.77,0.5895969466017443,1.5094010973585272,0.390616482016309,3.864151071063885
0.41000000000000003,0.78,0.6442120311480857,1.6138967310416494,0.3991655839914212,4.043176054667917
0.41000000000000003,0.79,0.7043525255615664,1.72803374210243,0.4076034561134254,4.23949727654312
0.41000000000000003,0.8,0.7708315689475184,1.853265847725072,0.4159314595333057,4.455700104542518
0.41000000000000003,0.8099999999999999,0.8446340952302012,1.9913525697460117,0.4241509555176011,4.694914732222915
0.41000000000000003,0.82,0.926964531084546,2.144444192906305,0.4322633035407915,4.9609674828757235
0.41000000000000003,0.83,1.0193113299181893,2.3151967082616167,0.44026985969738486,5.258585518102339
0.41000000000000003,0.84,1.1235357067838458,2.5069298599691203,0.44817197510172263,5.593678318239593
0.41000000000000003,0.85,1.2419958680591578,2.723848408695116,0.4559709946025033,5.973731752541967
0.41000000000000003,0.86,1.3777244828582844,2.9713582217213848,0.4636682554081726,6.408371043442824
0.41000000000000003,0.87,1.5346880664072005,3.2565282504973556,0.4712650861151946,6.91018356004701
0.41000000000000003,0.88,1.7181760549338203,3.588783495618908,0.47876280556665624,7.495953014502201
0.41000000000000003,0.89,1.9354021049121428,3.9809759517447283,0.4861627219988406,8.188566855511029
0.41000000000000003,0.9,2.1964661724873586,4.45109811816752,0.4934661322162957,9.020068101079971
0.41000000000000003,0.91,2.515957980971118,5.0251388504040895,0.5006743208237522,10.036741732901943
0.41000000000000003,0.92,2.9157630895693902,5.742081097594845,0.5077885595852524,11.30801588417986
0.41000000000000003,0.93,3.4302741661102845,6.66318341640695,0.5148101067822657,12.942992627036912
0.41000000000000003,0.94,4.116813533599685,7.89054299536929,0.5217402067279417,15.123509542908902
0.41000000000000003,0.95,5.078562775406189,9.607934309956383,0.5285800892855235,18.176875188286665
0.42000000000000004,0.45000000000000007,0.002519797154214056,0.06476598397860389,0.038906181909418656,1.66467077467
0.42000000000000004,0.45999999999999996,0.004505710688601942,0.0872791837662284,0.051624115787679614,1.6906668992683855
0.42000000000000004,0.47,0.007084033980006431,0.11032154299956534,0.06421260786784265,1.7180666953539792
0.42000000000000004,0.48,0.010268879208424711,0.1339364853025,0.0766697676531687,1.7469269752895162
0.42000000000000004,0.49,0.014076187168766604,0.15817001734395666,0.08899402936876784,1.777310438305268
0.42000000000000004,0.5,0.018523884484747528,0.1830710486618226,0.10118412834880144,1.8092862156280178
0.42000000000000004,0.51,0.023632060985482473,0.20869174721400852,0.11323907773529895,1.8429304740703925
0.42000000000000004,0.52,0.0294231701869917,0.23508793560953192,0.1251581460813964,1.8783270843325122
0.42000000000000004,0.53,0.03592225622393344,0.2623195339812573,0.13694083577664512,1.9155683729658903
0.42000000000000004,0.54,0.04315721131528322,0.2904510569626552,0.14858686267694374,1.9547559705473516
0.42000000000000004,0.55,0.051159068413780186,0.31955217283497267,0.16009613691533378,1.9960017711355933
0.42000000000000004,0.56,0.05996233456861182,0.34969833486305,0.17146874488863223,2.0394290229987786
0.42000000000000004,0.5700000000000001,0.06960537173889864,0.3809714973958389,0.1827049325597629,2.0851735750003515
0.42000000000000004,0.58,0.08013083273387918,0.4134609301142468,0.19380508990713483,2.1333853012444823
0.42000000000000004,0.59,0.09158616186676777,0.44726414837388084,0.20476973663046272,2.1842297388946452
0.42000000000000004,0.6,0.10402417148720902,0.4824879797002302,0.2155995089283659,2.237889975252863
0.42000000000000004,0.61,0.11750370789935156,0.5192497907519964,0.22629514733010953,2.294568826942353
0.42000000000000004,0.62,0.13209042349393796,0.5576789061318651,0.23685748562758938,2.354491371274213
0.42000000000000004,0.63,0.14785767451828088,0.5979182530955641,0.24728744063722208,2.4179078870921216
0.42000000000000004,0.64,0.16488756957463496,0.6401262790377518,0.25758600290945194,2.48509729491308
0.42000000000000004,0.65,0.18327219841159115,0.6844791943211146,0.26775422822510414,2.5563711873325294
0.42000000000000004,0.66,0.20311507844621,0.731173609200844,0.2777932298024407,2.6320785777278863
0.42000000000000004,0.67,0.2245328650188025,0.7804296477072776,0.2877041712580094,2.7126115144413334
0.42000000000000004,0.6799999999999999,0.24765738305272797,0.8324946433772141,0.2974882601623073,2.798411752191537
0.42000000000000004,0.69,0.27263805273259256,0.887647548647785,0.30714674213647186,2.889978719856922
0.42000000000000004,0.7,0.29964480104585434,0.9462042240628046,0.3166808955462508,2.987879083866658
0.42000000000000004,0.71,0.328871576469517,1.0085238203126463,0.32609202662914355,3.092758295067471
0.42000000000000004,0.72,0.3605406175351047,1.0750165262205087,0.3353814650670312,3.205354613158631
0.42000000000000004,0.73,0.3949076707939766,1.1461530372218154,0.3445505599768785,3.3265162514863693
0.42000000000000004,0.74,0.4322684135649563,1.2224762069485062,0.35360067632233644,3.4572224795014743
0.42000000000000004,0.75,0.47296641892408653,1.3046154947888071,0.3625331914371068,3.598609797953176
0.42000000000000004,0.76,0.5174031128617417,1.3933050232893145,0.37134949218819047,3.7520046549120445
0.42000000000000004,0.77,0.5660503294536805,1.4894063453327158,0.38005097213899114,3.918964703471445
0.42000000000000004,0.78,0.6194662911130512,1.5939374194248368,0.38863902908847076,4.10133131292377
0.42000000000000004,0.79,0.6783161555052707,1.7081098629495424,0.3971150628063017,4.3012970872441985
0.42000000000000004,0.8,0.743398726907316,1.8333773791302581,0.4054804730164062,4.521493638131564
0.42000000000000004,0.8099999999999999,0.8156816042505899,1.9714994776931818,0.413736657544036,4.765107083805707
0.42000000000000004,0.82,0.8963480451524258,2.1246264330211786,0.42188501056999267,5.036032046150863
0.42000000000000004,0.83,0.9868603716670056,2.295414227373334,0.4299269212059734,5.339080002095578
0.42000000000000004,0.84,1.0890471539224758,2.487182597569655,0.4378637720393492,5.6802657730408015
0.42000000000000004,0.85,1.2052252679699946,2.7041362982480845,0.44569693796530085,6.067208607250094
0.42000000000000004,0.86,1.3383742647386871,2.9516811919170114,0.45342778495311037,6.509705161147655
0.42000000000000004,0.87,1.4923912189173996,3.2368862263752165,0.4610576691750559,7.020566932910565
0.42000000000000004,0.88,1.6724730021956056,3.5691763996159827,0.4685879359662782,7.616876418843266
0.42000000000000004,0.89,1.8857070708891939,3.9614037046791024,0.4760199190660241,8.321928444615475
0.42000000000000004,0.9,2.142016726819766,4.431560640132392,0.48335493988767203,9.16833629788133
0.42000000000000004,0.91,2.4557365538626748,5.005636061621898,0.4905943068236129,10.203208622683043
0.42000000000000004,0.92,2.8483694326287803,5.722612919237731,0.4977393146849764,11.497208981491895
0.42000000000000004,0.93,3.3537067126702094,6.64374977128505,0.5047912441201903,13.161380766151284
0.42000000000000004,0.94,4.028068558311912,7.871143808667725,0.5117513612032081,15.380797014709303
0.42000000000000004,0.95,4.972832712088677,9.588569509892007,0.5186209170156689,18.488590018829324
0.43000000000000005,0.45999999999999996,0.0025721954770746677,0.0660891216931647,0.038920103810983125,1.6980715676949087
0.43000000000000005,0.47,0.004601482086309423,0.08913086777004944,0.05162613358798299,1.7264680032284352
0.43000000000000005,0.48,0.007237967988965121,0.11274861903814881,0.06419562430752376,1.7563287257404958
0.43000000000000005,0.49,0.010497032225145123,0.13698809424085018,0.07662733234823615,1.7877184294802537
0.43000000000000005,0.5,0.014396012368957184,0.16189793173295974,0.0889202982080246,1.820708375878448
0.43000000000000005,0.51,0.01895437857391806,0.18753004547794874,0.10107382273389823,1.8553769948097032
0.43000000000000005,0.52,0.024193930324568506,0.21394002136372212,0.1130874446508356,1.8918105544278148
0.43000000000000005,0.53,0.030139019178568878,0.24118755972137934,0.1249609192670865,1.9301039167763694
0.43000000000000005,0.54,0.03681680152473617,0.2693369719207023,0.13669419858026663,1.9703613958609079
0.43000000000000005,0.55,0.044257525889339164,0.29845773871238845,0.14828741275155322,2.0126977278404388
0.43000000000000005,0.56,0.05249486028236932,0.32862514091006423,0.15974085286656675,2.057239178412102
0.43000000000000005,0.5700000000000001,0.06156626613776067,0.3599209745833481,0.17105495507459945,2.1041248084651016
0.43000000000000005,0.58,0.07151342642174427,0.3924343643612858,0.18223028591835314,2.153507922042733
0.43000000000000005,0.59,0.0823827373596272,0.426262693061252,0.19326752892209872,2.20555773356562
0.43000000000000005,0.6,0.09422587465238953,0.46151266710636435,0.20416747224550913,2.2604612871505823
0.43000000000000005,0.61,0.10710044758737393,0.49830154277972244,0.21493099738348265,2.3184256754303636
0.43000000000000005,0.62,0.12107075743590608,0.5367585441365813,0.22555906889317992,2.3796806165695736
0.43000000000000005,0.63,0.13620867933945188,0.5770265069422701,0.23605272496273594,2.444481448089029
0.43000000000000005,0.64,0.15259469226474384,0.6192637954826001,0.24641306883736822,2.513112629960841
0.43000000000000005,0.65,0.17031908607938137,0.6636465446042337,0.25664126102088175,2.585891847493049
0.43000000000000005,0.66,0.1894833825742283,0.7103712961066788,0.266738512117152,2.663174846662872
0.43000000000000005,0.67,0.2102020155558682,0.7596581119368729,0.27670607639524014,2.745361149394479
0.43000000000000005,0.6799999999999999,0.23260432672978465,0.8117542694076716,0.2865452458901307,2.8329008456797795
0.43000000000000005,0.69,0.2568369487171717,0.866938670144854,0.2962573450256379,2.926302705068223
0.43000000000000005,0.7,0.28306666533831876,0.9255271287090732,0.30584372576214014,3.0261439119037914
0.43000000000000005,0.71,0.31148386455669874,0.9878787543403151,0.3153057631699967,3.1330818200354353
0.43000000000000005,0.72,0.3423067319789714,1.054403698443413,0.32464485138311755,3.2478682287774765
0.43000000000000005,0.73,0.37578637718147645,1.1255726227887821,0.33386239996705586,3.371366835258624
0.43000000000000005,0.74,0.41221314363219946,1.2019283507350833,0.34295983065887037,3.504574714846409
0.43000000000000005,0.75,0.45192443381055036,1.2841003145227732,0.35193857419036995,3.6486489651690754
0.43000000000000005,0.76,0.4953144915260699,1.3728226123763507,0.360800067729568,3.80494000739858
0.43000000000000005,0.77,0.5428467366969523,1.468956775460864,0.36954575230890774,3.975033581857938
0.43000000000000005,0.78,0.5950694650644834,1.5735207429323335,0.3781770705834752,4.160804198162007
0.43000000000000005,0.79,0.6526360344752269,1.6877261150078666,0.38669546478646794,4.364483860548568
0.43000000000000005,0.8,0.7163311074238077,1.8130265797347682,0.3951023749075986,4.5887514094512225
0.43000000000000005,0.8099999999999999,0.7871051822187459,1.9511816335016483,0.403399237008081,4.836850084231968
0.43000000000000005,0.82,0.8661206345858349,2.104341539010273,0.4115874816562306,5.112744271381602
0.43000000000000005,0.83,0.9548140106893234,2.2751622683821324,0.41966853263978027,5.421331578212472
0.43000000000000005,0.84,1.0549816807800463,2.4669635497104974,0.42764380564271015,5.768734440109271
0.43000000000000005,0.85,1.1688997551868536,2.683950130280668,0.4355147072217093,6.162708367307417
0.43000000000000005,0.86,1.2994953932760065,2.93152786634658,0.44328263367167114,6.613225160807659
0.43000000000000005,0.87,1.450597180316722,3.2167657006802024,0.45094897026848596,7.133325304557198
0.43000000000000005,0.88,1.6273106924600307,3.5490886271977797,0.45851509032190363,7.740396558608612
0.43000000000000005,0.89,1.8365989173321864,3.9413486358644705,0.4659823545219969,8.4581499655872
0.43000000000000005,0.9,2.0882109274363714,4.4115382230563265,0.47335211027360263,9.319781463541823
0.43000000000000005,0.91,2.396229671090907,4.985646243050358,0.4806256910889101,10.373241246748234
0.43000000000000005,0.92,2.781780607328165,5.702655645399025,0.4878044161008638,11.690455143849869
0.43000000000000005,0.93,3.27806202984119,6.623824988539027,0.49488958955182333,13.384450043771631
0.43000000000000005,0.94,3.9404057164101634,7.851251464219766,0.5018825004354575,15.643604742958047
0.43000000000000005,0.95,4.868410360261499,9.568709552479804,0.5087844221376553,18.807001818721016
0.44000000000000006,0.47,0.002628434617282678,0.06754432818139715,0.03891421660489021,1.735723703940865
0.44000000000000006,0.48,0.004704272921646862,0.0911616402527846,0.05160364500465605,1.7665736644099335
0.44000000000000006,0.49,0.007403189529384444,0.11540380459624089,0.06415030730820108,1.7989594974471381
0.44000000000000006,0.5,0.010741932094907196,0.14031918938037077,0.07655355010488596,1.8329546988757486
0.44000000000000006,0.51,0.014739350862064977,0.16595945685408167,0.0888129615597888,1.8686400491482082
0.44000000000000006,0.52,0.0194165917251828,0.1923799592574242,0.10092834929443661,1.9061042868758045
0.44000000000000006,0.53,0.024797314841424032,0.21964018082081463,0.11289971966310663,1.9454448733462057
0.44000000000000006,0.54,0.030907942721429688,0.24780423352573755,0.124727258617313,1.9867688608955014
0.44000000000000006,0.55,0.037777942290326064,0.27694141471738215,0.1364113140278363,2.030193878646086
0.44000000000000006,0.56,0.04544014625235011,0.3071268366587144,0.14795237937101574,2.0758492561214013
0.44000000000000006,0.5700000000000001,0.05393112027010608,0.33844214092938596,0.1593510788048067,2.1238773120824153
0.44000000000000006,0.58,0.06329158335561241,0.3709763107486814,0.1706081534637111,2.1744348275101006
0.44000000000000006,0.59,0.0735668907421991,0.4048265996068178,0.1817244489706208,2.2276947427820555
0.44000000000000006,0.6,0.08480758996201869,0.4400995957965376,0.1927009040045246,2.283848112026522
0.44000000000000006,0.61,0.09707006326990615,0.47691244782479547,0.20353853985704107,2.343106362852772
0.44000000000000006,0.62,0.11041727252071593,0.51539428150411,0.21423845099421307,2.405703920618954
0.44000000000000006,0.63,0.12491962535338227,0.5556878430674012,0.2248017963895431,2.4719012569832364
0.44000000000000006,0.64,0.14065598685677455,0.5979514153004237,0.2352297916814963,2.5419884574401888
0.44000000000000006,0.65,0.15771486523053654,0.6423610589187909,0.24552370203760324,2.616289399303738
0.44000000000000006,0.66,0.1761958076204419,0.6891132482743265,0.2556848356372054,2.695166674851685
0.44000000000000006,0.67,0.19621105047427523,0.7384279840384077,0.26571453779583437,2.7790274110097415
0.44000000000000006,0.6799999999999999,0.21788748014412662,0.7905524879158508,0.27561418561662837,2.8683301846280407
0.44000000000000006,0.69,0.24136897374582145,0.8457656110044982,0.28538518308772637,2.963593280680283
0.44000000000000006,0.7,0.26681920894994393,0.9043831220549912,0.29502895669222795,3.065404603651963
0.44000000000000006,0.71,0.29442505594665325,0.9667640888029482,0.3045469513779849,3.1744336445616237
0.44000000000000006,0.72,0.3244006969453442,1.0333186250526822,0.31394062690857344,3.291446013942018
0.44000000000000006,0.73,0.3569926620627036,1.1045173585982102,0.3232114545630846,3.4173212087773637
0.44000000000000006,0.74,0.39248602791491555,1.1809030820276807,0.33236091419203834,3.5530744789844757
0.44000000000000006,0.75,0.4312121048084485,1.263105199878983,0.3413904913460593,3.699883950776484
0.44000000000000006,0.76,0.4735580465179765,1.351857785361825,0.35030167495853026,3.859124526087013
0.44000000000000006,0.77,0.5199789676689528,1.4480223471746705,0.35909595503378616,4.032410632524198
0.44000000000000006,0.78,0.5710133666857203,1.5526168043048916,0.36777482061413325,4.221650633157092
0.44000000000000006,0.79,0.6273029562849891,1.6668527388600438,0.37633975795246316,4.429116785132731
0.44000000000000006,0.8,0.689618443538078,1.7921838227754439,0.3847922488610062,4.657536184994237
0.44000000000000006,0.8099999999999999,0.7588934524640973,1.9303695380633974,0.39313376920848075,4.910210440456243
0.44000000000000006,0.82,0.8362697542678875,2.0835601347107664,0.40136578749812557,5.191175231198541
0.44000000000000006,0.83,0.9231584626440346,2.254411573608125,0.40948976373756996,5.505416186796093
0.44000000000000006,0.84,1.0213241780673,2.446243573018109,0.4175071482383981,5.859165725280697
0.44000000000000006,0.85,1.1330027906787463,2.6632608716322426,0.42541938070991847,6.260318622973704
0.44000000000000006,0.86,1.2610697706669007,2.910869318361536,0.43322788924675226,6.719025692050036
0.44000000000000006,0.87,1.4092861331847109,3.196137849676251,0.4409340896630797,7.248561462141516
0.44000000000000006,0.88,1.5826673856352227,3.5284914542391204,0.44853938465227405,7.866625707739244
0.44000000000000006,0.89,1.7880537207316756,3.9207821176661706,0.45604516320228666,8.597354898218798
0.44000000000000006,0.9,2.0350223261489746,4.3910023329213,0.4634528000341758,9.474540519762744
0.44000000000000006,0.91,2.3374079022333456,4.9651409516415015,0.47076365505003154,10.546992951513683
0.44000000000000006,0.92,2.7159635690589954,5.682180921494918,0.47797907292688874,11.887928244850292
0.44000000000000006,0.93,3.203302552906785,6.603380799823379,0.4851003826695054,13.612400723093645
0.44000000000000006,0.94,3.8537815605968966,7.830837777913302,0.4921288973022019,15.912168175535147
0.44000000000000006,0.95,4.765244206135104,9.548326335961855,0.4990659135923922,19.13239529269949
0.45000000000000007,0.48,0.002688793446499018,0.06913613628110571,0.038891288856039825,1.7776766549707403
0.45000000000000007,0.49,0.004814599621247135,0.09337812896765377,0.05156024943394311,1.811048821384893
0.45000000000000007,0.5,0.0075805403449812426,0.11829618310035195,0.06408102228074923,1.8460408228520047
0.45000000000000007,0.51,0.011004845094561623,0.1439417119980294,0.07645348205051415,1.8827358563331962
0.45000000000000007,0.52,0.015108005997360577,0.17036983791044813,0.08867770365140475,1.9212251884665181
0.45000000000000007,0.53,0.0199129923452246,0.19763983292405918,0.10075394241441163,1.9616089275310502
0.45000000000000007,0.54,0.02544549409267586,0.22581561392624658,0.11268261591949343,2.003996908339273
0.45000000000000007,0.55,0.03173419870603919,0.25496629900182616,0.12446428735984398,2.048509692299786
0.45000000000000007,0.56,0.03881110665509056,0.28516683607382215,0.13609965025892212,2.0952797125584666
0.45000000000000007,0.5700000000000001,0.0467118918952477,0.31649871618261516,0.14758951460736924,2.1444525854332754
0.45000000000000007,0.58,0.0554763146303184,0.3490507848156784,0.15893479414353276,2.196188611163729
0.45000000000000007,0.59,0.06514869545576063,0.382920169523023,0.17013649486500498,2.2506645022095433
0.45000000000000007,0.6,0.075778461428878,0.4182133435960653,0.18119570451121053,2.308075374768007
0.45000000000000007,0.61,0.08742077694464215,0.45504735053185924,0.19211358299848305,2.368637050173867
0.45000000000000007,0.62,0.10013727525892768,0.49355122030426773,0.20289135380355133,2.4325887281630867
0.45000000000000007,0.63,0.11399690920136067,0.5338676117787828,0.21353029606260743,2.5001960921847455
0.45000000000000007,0.64,0.12907694475983605,0.5761547280654572,0.22403173743489888,2.5717549426803035
0.45000000000000007,0.65,0.14546412561491265,0.6205885572451149,0.23439704763595645,2.6475954518375797
0.45000000000000007,0.66,0.16325604412784522,0.6673655075316102,0.24462763251232686,2.728087177551299
0.45000000000000007,0.67,0.18256276233837726,0.716705519342355,0.25472492873488095,2.8136449891337723
0.45000000000000007,0.6799999999999999,0.20350873773002465,0.7688557595312209,0.26469039895611374,2.904736108916058
0.45000000000000007,0.69,0.2262351225207162,0.8240950292577673,0.2745255273830228,3.0018885205818235
0.45000000000000007,0.7,0.2509025236083513,0.8827390518863056,0.2842318158148812,3.1057010607891598
0.45000000000000007,0.71,0.2776943343430834,0.9451468538246408,0.2938107800066864,3.216855602790107
0.45000000000000007,0.72,0.3068207810253816,1.0117285113762464,0.3032639463802554,3.3361318529689785
0.45000000000000007,0.73,0.33852386951278407,1.0829546182231067,0.3125928490597586,3.4644254386512774
0.45000000000000007,0.74,0.37308347401046243,1.1593679360502196,0.3217990272195192,3.602770170151392
0.45000000000000007,0.75,0.41082488805755923,1.2415978413223576,0.3308840224947655,3.7523656535637024
0.45000000000000007,0.76,0.452128264133146,1.330378381850379,0.33984937691508177,3.9146118022243743
0.45000000000000007,0.77,0.49744051644348763,1.426571043348592,0.3486966308217255,4.091152357815411
0.45000000000000007,0.78,0.5472904707910464,1.5311937240230555,0.35742732105320835,4.283930281297984
0.45000000000000007,0.79,0.6023083439695426,1.6454579873031827,0.36604297929033947,4.495258973395121
0.45000000000000007,0.8,0.6632510674090317,1.770817488211406,0.3745451306102363,4.72791485855459
0.45000000000000007,0.8099999999999999,0.7310356092839667,1.9090316936706082,0.3829352921209817,4.985259214675578
0.45000000000000007,0.82,0.8067834040731704,2.062250840114426,0.3912149717094577,5.271400608987918
0.45000000000000007,0.83,0.8918804645953602,2.2331308763345517,0.39938566702337114,5.59141466687605
0.45000000000000007,0.84,0.9880600369294869,2.4249915098805563,0.4074488644202116,5.95164625954045
0.45000000000000007,0.85,1.097518318081094,2.642037469949039,0.41540603816730254,6.360132562360523
0.45000000000000007,0.86,1.2230797675544607,2.8896745971087303,0.4232586495303712,6.827207430527371
0.45000000000000007,0.87,1.368438718668926,3.174971820575596,0.43100814621429906,7.366384715608105
0.45000000000000007,0.88,1.53852179541477,3.5073541227135725,0.43865596161258025,7.995683245292944
0.45000000000000007,0.89,1.7400480131108802,3.899673483821524,0.44620351430184424,8.739674518079891
0.45000000000000007,0.9,1.982424940160939,4.369922392347763,0.45365220756148744,9.632759015628661
0.45000000000000007,0.91,2.2792423027330977,4.944089696241055,0.46100342889531,10.724626730192535
0.45000000000000007,0.92,2.6508857940254256,5.661158340262462,0.4682585496985985,12.089813082764532
0.45000000000000007,0.93,3.129391293206353,6.582386879464928,0.4754189248537053,13.845445638266174
0.45000000000000007,0.94,3.768153305274696,7.809872503612783,0.48248589250741014,16.186737529310946
0.45000000000000007,0.95,4.6632835311540095,9.527389691931953,0.4894607738259097,19.465072997495472
0.45999999999999996,0.49,0.0027535800451068885,0.07086987534469032,0.0388540269291329,1.8240033516719423
0.45999999999999996,0.5,0.004933033126041406,0.09578812003733601,0.051499425232676276,1.859984254281709
0.45999999999999996,0.51,0.007770951733850727,0.12143640236512727,0.0639919462574782,1.8976825908140906
0.45999999999999996,0.52,0.011287173390126755,0.14786961891413813,0.07633192993268446,1.9371921952522524
0.45999999999999996,0.53,0.015503976405103714,0.17514683440356213,0.08851987795212127,1.9786158595733236
0.45999999999999996,0.54,0.020446318812551635,0.20333177532917304,0.10055643678638604,2.0220662329266363
0.45999999999999996,0.55,0.026142110093437976,0.23249338530184782,0.11244238221873495,2.067666841579155
0.45999999999999996,0.56,0.03262252084601971,0.2627064524451697,0.12417860521651429,2.11555325482294
0.45999999999999996,0.5700000000000001,0.039922336658985855,0.29405232160640893,0.13576609917884674,2.165874422149003
0.45999999999999996,0.58,0.04808036333592111,0.32661970454930606,0.14720594828247108,2.2187942020016806
0.45999999999999996,0.59,0.05713989242820624,0.3605056066578063,0.1584993169952103,2.2744931239590165
0.45999999999999996,0.6,0.06714923739898784,0.39581638957113807,0.1696474405007412,2.333170417442335
0.45999999999999996,0.61,0.07816235311356261,0.43266899482843035,0.18065161601088825,2.395046357085189
0.45999999999999996,0.62,0.09023955418063878,0.4711923593355194,0.19151319496754068,2.460364986419767
0.45999999999999996,0.63,0.10344835036499038,0.5115290569653766,0.20223357589633928,2.5293972808332073
0.45999999999999996,0.64,0.11786442234059014,0.5538372132474266,0.212814197965304,2.6024448488052525
0.45999999999999996,0.65,0.13357276536595747,0.5982927454855649,0.22325653515579888,2.6798442655577728
0.45999999999999996,0.66,0.15066903572755314,0.6450919972808931,0.23356209093064775,2.761972179262781
0.45999999999999996,0.67,0.16926114277074364,0.6944548501208743,0.2437323934612634,2.8492513459489928
0.45999999999999996,0.6799999999999999,0.18947114025753112,0.7466284170529919,0.2537689912813531,2.942157799828296
0.45999999999999996,0.69,0.21143748465032233,0.8018914502300413,0.2636734493049733,3.04122941594528
0.45999999999999996,0.7,0.23531774580331125,0.8605596282354661,0.2734473452883426,3.1470761850989266
0.45999999999999996,0.71,0.26129187937353887,0.9229919367091848,0.2830922665534254,3.260392620209556
0.45999999999999996,0.72,0.2895662012135975,0.9895984147581051,0.29260980706439216,3.381972821370039
0.45999999999999996,0.73,0.32037824586482005,1.0608496221726404,0.3020015647539933,3.5127288927684703
0.45999999999999996,0.74,0.35400274696459755,1.1372882897985221,0.3112691391795755,3.6537136087313966
0.45999999999999996,0.75,0.3907590537774041,1.2195437659970385,0.32041412917882367,3.8061485276025673
0.45999999999999996,0.76,0.43102040282945253,1.3083500730269038,0.3294381310594305,3.971459128970344
0.45999999999999996,0.77,0.4752256088735085,1.404568673382926,0.3383427367270837,4.151319123826466
0.45999999999999996,0.78,0.5238939451893451,1.5092174441988455,0.3471295320651753,4.347706849428998
0.45999999999999996,0.79,0.5776442764153312,1.6235079297406936,0.35580009548064995,4.562977779833079
0.45999999999999996,0.8,0.6372199317379148,1.7488937677787273,0.3643559966179357,4.7999587875937175
0.45999999999999996,0.8099999999999999,0.7035214341520643,1.8871344095431692,0.37279879514378106,5.0620721797540655
0.45999999999999996,0.82,0.7776501397584871,2.0403800773404046,0.3811300396405255,5.3535010760759025
0.45999999999999996,0.83,0.8609672805861236,2.2112867072840783,0.38935126673083964,5.679413157817594
0.45999999999999996,0.84,0.9551751492519915,2.4031739955171565,0.397464000123903,6.046268328120298
0.45999999999999996,0.85,1.062430758450809,2.620246661051402,0.40546974994502893,6.4622494314474475
0.45999999999999996,0.86,1.1855082121933571,2.867910535386498,0.41337001191830786,6.937877573841201
0.45999999999999996,0.87,1.3280360197642191,3.153234539678097,0.4211662669088338,7.486911434815007
0.45999999999999996,0.88,1.4948530665545625,3.485643649254743,0.4288599802432969,8.127696240804049
0.45999999999999996,0.89,1.6925587527334336,3.8779898382293156,0.4364526013060037,8.885248539303348
0.45999999999999996,0.9,1.9303932158281063,4.348265589696537,0.44394556312344,9.794591839377146
0.45999999999999996,0.91,2.2217043701585237,4.922459747074688,0.4513402819553446,10.906316018922757
0.45999999999999996,0.92,2.5865152268881584,5.639555251297822,0.4586381570236284,12.296306281832717
0.45999999999999996,0.93,3.056291776021912,6.560810654269891,0.46584057017905617,14.083811231271886
0.45999999999999996,0.94,3.6834787523071966,7.788323143256476,0.4729488857298556,16.46757900959534
0.45999999999999996,0.95,4.562478322626494,9.505867195608886,0.4799644502433268,19.805356815051013
0.47,0.5,0.0028231352940687915,0.07275181738722125,0.0388050140251846,1.8748045636578057
0.47,0.51,0.005060205629974603,0.09840074368822506,0.05142446530696416,1.9135005702217605
0.47,0.52,0.007975455765264526,0.12483689987963759,0.06388700594899523,1.9540264569496693
0.47,0.53,0.011590472215329982,0.1521191490168739,0.07619338058513794,1.9964877243751777
0.47,0.54,0.015929481034723216,0.18031103281275532,0.08834446115821012,2.0409998595140952
0.47,0.55,0.021019614475614883,0.20948132588224092,0.10034123274277433,2.08768937909352
0.47,0.56,0.026891214903197836,0.23970466176113536,0.11218478066144086,2.1366950164526592
0.47,0.5700000000000001,0.03357818212779887,0.27106224394286677,0.1238762788921511,2.1881690858574983
0.47,0.58,0.041118371206344914,0.30364265509796623,0.13541697951850218,2.2422790419459857
0.47,0.59,0.049554049428947165,0.3375427825647785,0.14680820325179708,2.2992092750147233
0.47,0.6,0.05893242273909581,0.37286888023166687,0.15805133081226985,2.3591631801857647
0.47,0.61,0.06930624394117262,0.40973779111209796,0.16914779511322028,2.4223655462835745
0.47,0.62,0.08073451804125648,0.4482783621777431,0.18009907426503252,2.489065332551681
0.47,0.63,0.0932833225364016,0.48863308507762665,0.1909066851696753,2.5595388901302023
0.47,0.64,0.10702676557590433,0.5309600102772549,0.20157217776159342,2.6340937334379557
0.47,0.65,0.12204810901345674,0.575434986458706,0.2120971297983722,2.713072953913789
0.47,0.66,0.13844109062563947,0.6222542945345887,0.2224831420877306,2.7968604214031574
0.47,0.67,0.15631148752590185,0.6716377586799088,0.23273183424518762,2.8858869301581023
0.47,0.6799999999999999,0.1757789735689401,0.7238324395919542,0.24284484081430766,2.9806375015618953
0.47,0.69,0.19697933710053644,0.7791170415444322,0.2528238077170886,3.0816601038469797
0.47,0.7,0.22006714306487596,0.8378071994040942,0.262670389107903,3.1895761157148526
0.47,0.71,0.24521894675973807,0.9002618588016182,0.27238624447131504,3.3050929592607408
0.47,0.72,0.2726371970469256,0.966891022354265,0.2819730359922944,3.4290194413507247
0.47,0.73,0.3025550078535797,1.038165216459142,0.2914324262235452,3.562284505921144
0.47,0.74,0.3352420315255799,1.1146271414515243,0.30076607598933097,3.705960314124866
0.47,0.75,0.37101174265132947,1.1969061178730536,0.3099756422923387,3.8612908711848037
0.47,0.76,0.4102305438048842,1.2857361425677767,0.3190627767417366,4.029727803718413
0.47,0.77,0.4533292473650535,1.3819786548353563,0.3280291238789512,4.21297547758391
0.47,0.78,0.5008176896857999,1.4866515106795677,0.33687631976162963,4.413048420059646
0.47,0.79,0.553303521715413,1.6009662351164113,0.34560599066924136,4.632345151240736
0.47,0.8,0.611516637370068,1.7263764483625377,0.3542197519840412,4.873744162184148
0.47,0.8099999999999999,0.6763413175806526,1.8646415857647862,0.3627192071355901,5.140730209712204
0.47,0.82,0.7488590891900939,2.017911855177882,0.3711059466093879,5.437562705784017
0.47,0.83,0.8304067120682185,2.188843179602778,0.37938154720564193,5.769503539971399
0.47,0.84,0.9226559121963027,2.38075524336808,0.38754757120308236,6.1431303413343255
0.47,0.85,1.027725008913051,2.5978527547930828,0.395605565795398,6.566775039097044
0.47,0.86,1.1483383830096625,2.8455415358180494,0.40355706235703676,7.0511503855197795
0.47,0.87,1.2880595476554093,3.130890498993494,0.411403576097436,7.610265639139657
0.47,0.88,1.4516407546850025,3.463324611995229,0.41914660544877697,8.26280009660838
0.47,0.89,1.6455632972175684,3.8556958421510563,0.4267876317493769,9.0342258194006
0.47,0.9,1.8789019945439156,4.325996666567861,0.4343281188967235,9.960203998665158
0.47,0.91,2.164766002093973,4.900215923443294,0.4417695129999151,11.092245569793846
0.47,0.92,2.5228202300538607,5.617336549171362,0.4491132421869957,12.507617281149974
0.47,0.93,2.9839679797243743,6.538617091793057,0.4563607163156411,14.327738690090568
0.47,0.94,3.5997162182784472,7.766154735348537,0.46351332685839103,16.754976147042246
0.47,0.95,4.462779185742394,9.483723954562075,0.470572446765029,20.1535895689566
0.48,0.51,0.0028978369557723167,0.07478931056831935,0.03874667293697233,1.930212451788471
0.48,0.52,0.0051968183088836216,0.10122664894159186,0.05133844064997356,1.971751530821846
0.48,0.53,0.008195198108177239,0.12851212063234688,0.0637698457379162,2.0152490435763477
0.48,0.54,0.011916469644130215,0.15670908939709166,0.07604198129142703,2.0608233338438677
0.48,0.55,0.016386987944368575,0.1858861671573764,0.08815603761680071,2.1086039275652557
0.48,0.56,0.02163626802119481,0.21611783892488487,0.10011329064193925,2.1587327470619493
0.48,0.5700000000000001,0.027697325731713095,0.24748517250054589,0.11191509152594588,2.211365501525503
0.48,0.58,0.03460706822653167,0.28007662663148564,0.12356285721787971,2.266673278181189
0.48,0.59,0.04240674252006071,0.31398897548058124,0.1350580620072865,2.324844372960433
0.48,0.6,0.051142452239337485,0.3493283694908211,0.1464022298385969,2.3860863996125112
0.48,0.61,0.060865754732908915,0.38621155723675926,0.1575969273638188,2.4506287254266983
0.48,0.62,0.0716343535181735,0.4247672993277402,0.16864375772698587,2.5187253003184846
0.48,0.63,0.0835129036668505,0.4651380084769076,0.17954435489009626,2.5906579394358045
0.48,0.64,0.09657395254991213,0.5074816629567175,0.19030037851465936,2.666740165824866
0.48,0.65,0.11089904255218384,0.5519740454725779,0.20091350936118116,2.747321706875853
0.48,0.66,0.1265800093353169,0.5988113765226009,0.21138544506349974,2.8327937921303863
0.48,0.67,0.14372051700440072,0.6482134250565901,0.22171789637317935,2.9235954140822473
0.48,0.6799999999999999,0.16243788194186284,0.7004272011684656,0.23191258373587,3.0202207654509876
0.48,0.69,0.18286525056144576,0.7557313628514276,0.24197123415850083,3.12322812039878
0.48,0.7,0.20515421338895098,0.8144415025754291,0.2518955784303867,3.2332504907405766
0.48,0.71,0.2294779609112982,0.8769165271903462,0.26168734856275205,3.351008491646907
0.48,0.72,0.2560351164542298,0.9435664037131646,0.2713482754861438,3.477325964289561
0.48,0.73,0.28505442178121365,1.0148616260331613,0.2808800869685257,3.61314907363612
0.48,0.74,0.31680050471182536,1.091344864666062,0.2902845058136252,3.7595698110279128
0.48,0.75,0.35158103186163364,1.1736454128595866,0.2995632479873172,3.9178551466008806
0.48,0.76,0.389755650538897,1.2624972424792942,0.30871802125563,4.0894834624309135
0.48,0.77,0.4317472640274495,1.3587617699570205,0.31775052372948814,4.276190496899954
0.48,0.78,0.47805638285128726,1.4634568303726687,0.32666244260143323,4.480027819293138
0.48,0.79,0.5292795774891733,1.577793929656881,0.33545545304783525,4.703438013368324
0.48,0.8,0.5861334673668421,1.7032266705305998,0.3441312172408892,4.949352413263788
0.48,0.8099999999999999,0.649486286893071,1.8415144724114056,0.3526913834364761,5.22131971149526
0.48,0.82,0.720399973661315,1.9948075286026508,0.3611375851212826,5.523677431505018
0.48,0.83,0.8001871128823957,2.1657617488844503,0.3694714403809926,5.8617839220567465
0.48,0.84,0.8904892367725558,2.3576968055303684,0.3776945511754377,6.242337354862255
0.48,0.85,0.9933864447103804,2.574817395959897,0.38580850287445106,6.67382231541379
0.48,0.86,1.1115540040337455,2.822529332188461,0.3938148636251362,7.167147796826596
0.48,0.87,1.2484912303710354,3.107901517882036,0.4017151840840355,7.736579649007961
0.48,0.88,1.4088648079665265,3.4403589126451712,0.4095109968870369,8.40113925828026
0.48,0.89,1.5990393777841378,3.8327534765934517,0.41720381640756177,9.186765139389994
0.48,0.9,1.8279264791245637,4.3030776804091175,0.42479513847650846,10.129771484301207
0.48,0.91,2.1083994542191133,4.877320356559743,0.4322864401112027,11.282612416214318
0.48,0.92,2.459769532372377,5.594464436414438,0.4396791793619612,12.723969428192675
0.48,0.93,2.9123842739174135,6.515768463641772,0.4469747950941819,14.577485207569335
0.48,0.94,3.516824460104486,7.74332961845975,0.45417470692717693,17.04923127676797
0.48,0.95,4.3641372533566685,9.460922372299459,0.46128031513442963,20.510136812454892
0.49,0.52,0.0029781044119684395,0.07699090836561061,0.038681247892623435,1.9903936031053662
0.49,0.53,0.005343650244941869,0.10427817749232321,0.05124418524993172,2.0349270260368155
0.49,0.54,0.008431452924265517,0.13247874093085144,0.06364381835925204,2.081564939787946
0.49,0.55,0.01226708948689816,0.1616610554872955,0.07588153776381966,2.130439896862179
0.49,0.56,0.01687924767432583,0.1918994646308734,0.08795880544426624,2.181697030349822
0.49,0.5700000000000001,0.022300060406006586,0.2232749070294673,0.09987714563492563,2.2354954740656026
0.49,0.58,0.028565488943537005,0.25587572347690546,0.11163813649603706,2.2920099842941086
0.49,0.59,0.035715763152051626,0.28979858051540525,0.12324340267137034,2.3514328088470244
0.49,0.6,0.04379588868902144,0.32514953024711,0.13469460852592055,2.413975836193462
0.49,0.61,0.052856233122363545,0.362045231371682,0.14599345203942324,2.479873078649564
0.49,0.62,0.062953205652207,0.4006143623076164,0.1571416593493661,2.5493835559986557
0.49,0.63,0.07415004777081126,0.44099926068022444,0.16814097977497205,2.622794640963949
0.49,0.64,0.08651775678583315,0.4833578360037641,0.17899318132738284,2.700425973879368
0.49,0.65,0.10013616843065398,0.5278658080669923,0.18970004667918464,2.782634044153421
0.49,0.66,0.1150952314683281,0.5747193397383579,0.2002633694573868,2.8698175871881055
0.49,0.67,0.13149651493466818,0.6241381471811117,0.21068495096568846,2.9624239620358885
0.49,0.6799999999999999,0.14945499883193133,0.6763691921601989,0.22096659718429743,3.0609567273015132
0.49,0.69,0.1691012123150114,0.731691088315943,0.23111011602480228,3.165984686872899
0.49,0.7,0.19058380036030553,0.790419387461614,0.24111731491348457,3.278152743801186
0.49,0.71,0.21407262238435573,0.8529129591771413,0.25098999854672743,3.3981950042457663
0.49,0.72,0.23976251564381024,0.9195817362791066,0.2607299668803326,3.5269506887989115
0.49,0.73,0.2678778959540793,0.9908961812579726,0.2703390133303372,3.6653835828244294
0.49,0.74,0.29867842084821383,1.067398935847252,0.2798189231949503,3.8146059732478976
0.49,0.75,0.33246601280880284,1.1497192668918867,0.2891714720129727,3.975908338704685
0.49,0.76,0.36959363929430405,1.238591121973794,0.298398424417355,4.150796454077246
0.49,0.77,0.41047638396477243,1.334875895313287,0.3075015328435728,4.341038182701819
0.49,0.78,0.455605538230679,1.439591401562228,0.3164825364587905,4.548723028038795
0.49,0.79,0.5055667200829431,1.5539491279537303,0.32534316020285864,4.776338703370339
0.49,0.8,0.5610634290773974,1.679402660082322,0.3340851139594448,5.0268706683117514
0.49,0.8099999999999999,0.6229480412530305,1.8177114016106344,0.34271009176762035,5.303933106361981
0.49,0.82,0.6922631359916129,1.9710255315034573,0.3512197710922441,5.611943557089184
0.49,0.83,0.7702974102889582,2.142000946381607,0.3596158123039999,5.956359184147538
0.49,0.84,0.8586625617870691,2.3339573065079993,0.36789985806200365,6.344001649803975
0.49,0.85,0.9594009260069067,2.551099298353485,0.3760735329377879,6.78351193295887
0.49,0.86,1.0751392444621466,2.7988327239569446,0.38413844287990606,7.286000075842316
0.49,0.87,1.2093134048841154,3.0842264779004402,0.3920961750212794,7.865994810413686
0.49,0.88,1.3665055515100715,3.4167055116027085,0.39994829723240355,8.54286800380429
0.49,0.89,1.5529650757247786,3.8091217777164252,0.40769635793996156,9.343036069695199
0.49,0.9,1.7774422019899419,4.27946774025177,0.41534188592466675,10.303482228199744
0.49,0.91,2.052577299411064,4.853732225650406,0.42288639009870727,11.477626944952002
0.49,0.92,2.3973321783895156,5.570898159909815,0.43033135942810435,12.94560119279559
0.49,0.93,2.8415053575576623,6.492224081957557,0.43767826274734534,14.833325377425167
0.49,0.94,3.4347625999010054,7.719807167776417,0.44492854876455945,17.350667178386587
0.49,0.95,4.266504094698285,9.43742188517984,0.4520836460006348,20.875388810606495
0.5,0.53,0.003064404088086794,0.07936650020539662,0.03861080027664403,2.055551805109982
0.5,0.54,0.005501568725530871,0.10756954536275214,0.05114429652907956,2.1032559378657285
0.5,0.55,0.008685640034002125,0.1367559076485001,0.0635119914258226,2.1532297221103684
0.5,0.56,0.012644477735318429,0.16699979713193502,0.07571552751844902,2.2056215231577627
0.5,0.5700000000000001,0.017409331975983555,0.198382030872827,0.08775659720483367,2.2605939290214416
0.5,0.58,0.023015219292083066,0.23099083869918918,0.09963693548060987,2.318325403977743
0.5,0.59,0.029501354631848237,0.26492278581096,0.11135831348572411,2.379012195123829
0.5,0.6,0.03691164911504225,0.3002838318197779,0.12292253262971417,2.442870525002428
0.5,0.61,0.045295285268873726,0.3371905508636195,0.13433141929055392,2.510139121915244
0.5,0.62,0.0547073841784445,0.37577154404404595,0.1455868200920291,2.581082159817154
0.5,0.63,0.06520978156985664,0.41616907826822364,0.15669059758406295,2.6559926676197216
0.5,0.64,0.07687193432586699,0.4585409982988405,0.16764462634978608,2.735196518271375
0.5,0.65,0.08977198321429869,0.5030629646170904,0.17845078952021287,2.8190570967471635
0.5,0.66,0.10399800411935846,0.549931085774044,0.18911097555610676,2.907980798876936
0.5,0.67,0.1196494876589786,0.5993650280852593,0.1996270754088084,3.0024235282605996
0.5,0.6799999999999999,0.13683909713919004,0.6516117076328898,0.21000097993371777,3.102898414276718
0.5,0.69,0.15569476764084175,0.7069496961205372,0.22023457750280342,3.209985026586201
0.5,0.7,0.17636222581761757,0.7656945068774103,0.2303297519226602,3.324340431428564
0.5,0.71,0.19900803194241895,0.8282049740969791,0.24028838049349363,3.4467125393081783
0.5,0.72,0.22382327467214103,0.8948909981355774,0.25011233227114377,3.577956312707671
0.5,0.73,0.2510280878550892,0.966223011633403,0.2598034665213835,3.7190535775775597
0.5,0.74,0.2808772104583995,1.0427436288863472,0.269363631363902,3.871137404877173
0.5,0.75,0.31366688182075303,1.1250820915040665,0.2787946623534176,4.035522351851348
0.5,0.76,0.34974346170734094,1.2139723239052111,0.2880983815036705,4.213742255576484
0.5,0.77,0.38951429986236946,1.3102756989777946,0.29727659618983027,4.4075978929101405
0.5,0.78,0.4334615709171801,1.4150100117908295,0.30633109822918725,4.619217637290498
0.5,0.79,0.4821600632264102,1.529386731530174,0.3152636630657845,4.8511354485246985
0.5,0.8,0.5363003049708869,1.6548594272602433,0.32407604908096427,5.106392255623951
0.5,0.8099999999999999,0.5967189946842003,1.7931874874240117,0.3327699969295525,5.388669363132609
0.5,0.82,0.6644395756805956,1.9465210770285744,0.3413472289212936,5.70246632199084
0.5,0.83,0.7407271323261488,2.1175160798712587,0.34980944861168833,6.053341578608535
0.5,0.84,0.8271638733450736,2.309492144481082,0.35815834027481763,6.4482433738915335
0.5,0.85,0.9257548094739891,2.5266539465569804,0.36639556862762956,6.895972994490108
0.5,0.86,1.0390787221903657,2.774407278316111,0.37452277836476144,7.40784656791693
0.5,0.87,1.1705088125489864,3.0598210253377003,0.38254159405280963,7.998662296877693
0.5,0.88,1.3245436744597858,3.3923201308470405,0.39045361975582654,8.688151317353535
0.5,0.89,1.507318800838607,3.784756540049192,0.3982604389182232,9.503219928972998
0.5,0.9,1.7274249943937297,4.255122710178449,0.4059636142247201,10.481537165109177
0.5,0.91,1.9972723873675124,4.829407461558999,0.413564687441545,11.677514082344391
0.5,0.92,2.335477477417315,5.546593714664969,0.42106517938070853,13.172767510300309
0.5,0.93,2.7712961961968103,6.467940003472949,0.42846658978109997,15.095552740243681
0.5,0.94,3.353490048641711,7.695543499572795,0.43577039735112594,17.65962889253361
0.5,0.95,4.169831622008369,9.413178666823264,0.4429780597605074,21.249762735229876
0.51,0.54,0.003157255760869462,0.08192745177402312,0.03853721423654165,2.125930828086118
0.51,0.55,0.005671541178417463,0.11111704151549034,0.051041146354016416,2.177009127984575
0.51,0.56,0.008959344836007722,0.14136550462131137,0.06337716446461202,2.2305432219241332
0.51,0.5700000000000001,0.01305103337757625,0.17275354513064162,0.07554712331782626,2.2866991824939324
0.51,0.58,0.017980678865122408,0.2053692898561002,0.08755290957923287,2.345659223012422
0.51,0.59,0.023786482648811683,0.239309209967519,0.09939643631785078,2.407623641578597
0.51,0.6,0.03051126378586455,0.2746791792029292,0.11107963797766868,2.472813057404368
0.51,0.61,0.03820302352632943,0.3115956932329846,0.12260446583825046,2.541470990494476
0.51,0.62,0.046915600023625555,0.350187281411796,0.13397288397934723,2.6138668588024094
0.51,0.63,0.056709429997435064,0.3905961449770864,0.14518686558148658,2.6902994524519377
0.51,0.64,0.06765243844420506,0.4329800685888286,0.15624838959608076,2.771100999556729
0.51,0.65,0.07982108168624243,0.47751465760049394,0.16715943775913084,2.856641922238162
0.51,0.66,0.0933015755022625,0.5243959700583788,0.17792199183352916,2.9473364402812234
0.51,0.67,0.10819134744702691,0.5738436259549275,0.18853803118748028,3.043649190249066
0.51,0.6799999999999999,0.12460076239867726,0.6261044988134892,0.19900953057325763,3.1461030886810373
0.51,0.69,0.1426551830187022,0.6814571212659313,0.20933845808771373,3.255288719956071
0.51,0.7,0.16249744319733778,0.7402169707350705,0.21952677339452253,3.371875599905938
0.51,0.71,0.18429083418568173,0.8027428484082126,0.2295764260636125,3.496625773701101
0.51,0.72,0.20822273148764656,0.8694446242867103,0.23948935409022956,3.6304103269623416
0.51,0.73,0.2345090287220026,0.9407927030777021,0.2492674825759506,3.774229567994482
0.51,0.74,0.263399595505119,1.0173296733590025,0.25891272259407366,3.929237865046839
0.51,0.75,0.2951850461675379,1.0996847530680078,0.2684269699511626,4.096774453282707
0.51,0.76,0.3302052016844616,1.188591844828173,0.27781210440005777,4.278401934267648
0.51,0.77,0.36885975985601643,1.2849123014515613,0.28706998869830785,4.4759548264793425
0.51,0.78,0.41162187649902066,1.389663899529818,0.29620246783289805,4.691601355306039
0.51,0.79,0.45905562809595385,1.504058091198017,0.3052113683523391,4.927922899194623
0.51,0.8,0.5118387139050061,1.6295484298513954,0.31409849779775034,5.188017266165565
0.51,0.8099999999999999,0.5707923285589224,1.7678942895040766,0.32286564414382435,5.475634591571926
0.51,0.82,0.6369209926871324,1.921245821840313,0.33151457530668405,5.795358530052469
0.51,0.83,0.7114664428617702,2.092258898464008,0.34004703881727055,6.152851398856953
0.51,0.84,0.7959817311898587,2.284253156642751,0.34846476139262167,6.555191255247301
0.51,0.85,0.8924349658488197,2.5014332617421204,0.35676944873887384,7.011343798030659
0.51,0.86,1.0033575125291858,2.7492049965004233,0.3649627851711316,7.532836519787399
0.51,0.87,1.132060598764983,3.0346372377941937,0.37304643357894446,8.134744001384483
0.51,0.88,1.2829602204959802,3.367154920902191,0.3810220351109433,8.83716586081896
0.51,0.89,1.4620792724323661,3.7596099837214765,0.3888912091315165,9.667510849930371
0.51,0.9,1.6778509576421152,4.2299948768566,0.3966555531360269,10.664151411504351
0.51,0.91,1.9424578052738664,4.804298414621306,0.404316642646974,11.882514613221458
0.51,0.92,2.274174952898306,5.5215035119510425,0.4118760312251832,13.405741274933026
0.51,0.93,2.7017219587918158,6.442868697884547,0.4193352504108767,15.364481501547127
0.51,0.94,3.2729664283245463,7.670491139530036,0.42669580979726895,17.976485738574343
0.51,0.95,4.074071994990782,9.388145296728025,0.43395919707492026,21.63370510409351
0.52,0.55,0.0032572398534464527,0.08468676089689299,0.038462208483946825,2.201817426376833
0.52,0.56,0.005854649010568176,0.11493925205499131,0.0509368984563001,2.2565027620124978
0.52,0.5700000000000001,0.009254341509878562,0.14633245750543228,0.06324189224755564,2.313853243552942
0.52,0.58,0.013489444234165492,0.17895441005090293,0.07537922217356072,2.3740548773355643
0.52,0.59,0.018597145277035675,0.2129014950847169,0.08735093790504182,2.437312067744019
0.52,0.6,0.02461917311780257,0.24827950803823387,0.09915910222446281,2.5038498984814597
0.52,0.61,0.03160235046888749,0.2852048730302178,0.11080578719824041,2.573916762307401
0.52,0.62,0.03959923668202267,0.3238060540276886,0.1222930707732739,2.647787417391874
0.52,0.63,0.048668875135870024,0.36422519235202405,0.1336230336555949,2.7257665268309346
0.52,0.64,0.05887766632431692,0.40662001782751156,0.14479775648746557,2.8081928041662074
0.52,0.65,0.07030039145844222,0.4511660855715224,0.15581931733496324,2.89544385951618
0.52,0.66,0.08302141772263222,0.49805940752762884,0.16668978934611692,2.9879419098277915
0.52,0.67,0.09713612359616312,0.5475195613699705,0.17741123870189213,3.086160523854857
0.52,0.6799999999999999,0.11275259237275967,0.5997933817706046,0.1879857227499098,3.190632634205687
0.52,0.69,0.12999363438946238,0.6551593656170218,0.1984152882665973,3.3019601026747907
0.52,0.7,0.1489992146603135,0.7139329575353162,0.2087019699646559,3.420825197079942
0.52,0.71,0.16992938368078334,0.776472928462893,0.21884778908799282,3.5480044450012427
0.52,0.72,0.19296783722235894,0.8431891206093506,0.228854752161539,3.68438545691277
0.52,0.73,0.2183262681554423,0.9145519130376223,0.238724849888823,3.830987488162795
0.52,0.74,0.24624972343378662,0.9911038707428491,0.24846005620906148,3.988986744448394
0.52,0.75,0.2770232476733231,1.073474189913994,0.25806232723258865,4.1597477687879785
0.52,0.76,0.310980188709532,1.1623967530980521,0.2675336006236244,4.344862665431519
0.52,0.77,0.3485126706304552,1.258732894629213,0.2768757947913304,4.546200564689546
0.52,0.78,0.3900849240825326,1.363500374014776,0.2860908082730789,4.76597057502557
0.52,0.79,0.43625042636395256,1.4779106276932623,0.2951805191663427,5.006802724879067
0.52,0.8,0.48767418423999737,1.6034171945064677,0.3041467846988529,5.271853181331741
0.52,0.8099999999999999,0.545162054876087,1.7417794350885798,0.31299144076090335,5.564942705315508
0.52,0.82,0.6096998409137564,1.895147488787178,0.321716301512734,5.890741252078472
0.52,0.83,0.6825061852849511,2.0661772157882625,0.3303231591509782,6.2550177259714665
0.52,0.84,0.7651053025751607,2.2581882428898035,0.33881378356485264,6.664983399229275
0.52,0.85,0.8594288040077357,2.475385225798978,0.34718992221921274,7.129772690337599
0.52,0.86,0.9679611624112987,2.723173938327646,0.35545329983796137,7.661129998143342
0.52,0.87,1.093952317184966,3.008623249192431,0.36360561844312095,8.274413530997382
0.52,0.88,1.2417365817779782,3.341158086133789,0.371648557106991,8.990101057144503
0.52,0.89,1.4172255027950895,3.7336303801533655,0.3795837719578644,9.836116968055778
0.52,0.9,1.6286964356275186,4.204032575552969,0.38741289615561364,10.851555581320449
0.52,0.91,1.8881068388697704,4.778353480837344,0.39513753983284305,12.092886651212016
0.52,0.92,2.213394291156125,5.495576005704936,0.4027592901742073,13.644815004336484
0.52,0.93,2.6327479528090976,6.41695867436216,0.41027971137289426,15.640448446474426
0.52,0.94,3.1931514915479347,7.6445986495657845,0.4177003447694807,18.301633564091656
0.52,0.95,3.979177521758015,9.362270387252352,0.4250227089335143,22.02769449835886
0.53,0.56,0.003365005937188189,0.08765923609451699,0.03838735183090041,2.283544759239019
0.53,0.5700000000000001,0.006052103798145005,0.11905731969335565,0.05083352971268646,2.342102159072433
0.53,0.58,0.00957262009430223,0.1516850876126851,0.06310851148891511,2.4035599007802344
0.53,0.59,0.013962728980948639,0.1856388488307732,0.07521447729767462,2.4681265562223422
0.53,0.6,0.01926306879582348,0.2210243289701429,0.08715361284243793,2.536031746265359
0.53,0.61,0.025519285384325772,0.25795788844161643,0.09892810620560474,2.6075288240684213
0.53,0.62,0.032782662312339755,0.29656793291304534,0.11054014501949457,2.6828979902346193
0.53,0.63,0.04111085415190175,0.3369965504219483,0.12199191386507505,2.7624499013489676
0.53,0.64,0.0505687430988628,0.37940142195971754,0.13328559191386447,2.8465298950310016
0.53,0.65,0.061229443329689985,0.42395805787132307,0.14442335083126062,2.935522929160267
0.53,0.66,0.0731754836355944,0.4708624290347104,0.1554073528134481,3.0298594018259637
0.53,0.67,0.086500206041212,0.52033407548094,0.16623974887914203,3.1300220253534436
0.53,0.6799999999999999,0.10130942760571096,0.5726197972161482,0.1769226773126558,3.236553990216985
0.53,0.69,0.11772342486940517,0.6279980593370762,0.18745826220175849,3.350068713755446
0.53,0.7,0.13587931612210266,0.686784277176914,0.19784861220272296,3.4712615344160698
0.53,0.71,0.15593393751111284,0.7493371947236658,0.20809581935755483,3.600923829402541
0.53,0.72,0.1780673364360679,0.8160666293527209,0.21820195806475445,3.7399601570511196
0.53,0.73,0.20248704224225436,0.8874429372886241,0.228169084156449,3.8894092097075252
0.53,0.74,0.22943332334924152,0.9640086624061739,0.23799923413195687,4.050469598871426
0.53,0.75,0.25918570708764993,1.0463929814511477,0.24769442425751814,4.224531838323717
0.53,0.76,0.29207113055242123,1.135329759038183,0.25725665008539467,4.413218311990449
0.53,0.77,0.32847421862002574,1.2316803129076597,0.26668788579123115,4.618433676705679
0.53,0.78,0.3688503660839421,1.3364623873012669,0.27599008366315914,4.842429008907417
0.53,0.79,0.4137425586835982,1.450887404513233,0.2851651736699769,5.087884280681316
0.53,0.8,0.46380324115065324,1.576408890343457,0.2942150631043467,5.358015574424773
0.53,0.8099999999999999,0.5198230924618688,1.714786193378752,0.303141636239576,5.656716162947469
0.53,0.82,0.5827693933262007,1.868169441836089,0.31194675401254757,5.9887446104374105
0.53,0.83,0.6538379366563215,2.0392144856358834,0.3206322538712434,6.35997926289341
0.53,0.84,0.7345244054777029,2.2312409420595225,0.32919994951316567,6.7777681781518275
0.53,0.85,0.8267243031521786,2.4484534580870037,0.3376516308372489,7.251419020295447
0.53,0.86,0.9328757115030683,2.6962577994415238,0.3459890636927578,7.79289891612248
0.53,0.87,1.0561679396940102,2.9817228273954965,0.35421398997591,8.417857317262603
0.53,0.88,1.2008544976484883,3.3142734628270873,0.3623281274515456,9.147160299527968
0.53,0.89,1.3727367842890352,3.70676163044234,0.37033316979846426,10.009261747900043
0.53,0.9,1.579937989893356,4.177179768724012,0.3782307866477037,11.043997252964951
0.53,0.91,1.8341929350646542,4.751516680877557,0.3860226235648819,12.30890727853657
0.53,0.92,2.1531052905249335,5.46875527172247,0.39371030217023767,13.890302696112375
0.53,0.93,2.56433955871427,6.390154060997777,0.40129542014732994,15.923815075317139
0.53,0.94,3.114005039382701,7.617810207430081,0.4087795514182587,18.63549725273714
0.53,0.95,3.88510055650123,9.335498163268038,0.41616424625177045,22.432244594169827
0.54,0.5700000000000001,0.00348128265173892,0.09086170400088375,0.03831408061315974,2.371496393669837
0.54,0.58,0.006265266139255256,0.12349524562306988,0.05073285297458333,2.434226312581707
0.54,0.59,0.009916418202557002,0.15745552666152832,0.06297916886635338,2.500120746205162
0.54,0.6,0.01447428637251923,0.19284821251865855,0.07505533073644023,2.569413932713889
0.54,0.61,0.01998334016483762,0.22978960864435527,0.08696363722767718,2.6423642797132465
0.54,0.62,0.02649358922587849,0.26840807044727977,0.09870638085408205,2.7192575406454043
0.54,0.63,0.03406130265004693,0.3088456400302941,0.11028584585719231,2.800410493566094
0.54,0.64,0.04274984929803329,0.3512599563204597,0.12170430625184038,2.8861752483400567
0.54,0.65,0.052630683105105894,0.39582649112894386,0.1329640240980258,2.9769442810870896
0.54,0.66,0.06378450332527562,0.4427411800247666,0.14406724787088374,3.0731563666820447
0.54,0.67,0.07630262669718442,0.49222353056266943,0.15501621104940183,3.175303584254189
0.54,0.6799999999999999,0.09028861789574297,0.5445203129840723,0.1658131308287557,3.283939638932626
0.54,0.69,0.10586023655273731,0.5999099650307559,0.1764602069033978,3.3996897972536853
0.54,0.7,0.12315177463685605,0.6587078768174246,0.18695962044946107,3.523262805272364
0.54,0.71,0.1423168784544998,0.7212727691757663,0.19731353315491484,3.655465277232051
0.54,0.72,0.16353197630833569,0.788014438122847,0.2075240863579735,3.7972191659889694
0.54,0.73,0.1870004689113227,0.8594032201907393,0.2175934003014546,3.9495831169517057
0.54,0.74,0.21295788774293725,0.9359816411486435,0.227523573519662,4.113778746832835
0.54,0.75,0.241678292378784,1.0183788609754971,0.23731668207181983,4.291223238437584
0.54,0.76,0.2734822683033901,1.10732872884791,0.2469747791949074,4.483570073258488
0.54,0.77,0.3087470119367336,1.203692548238991,0.2564998947517223,4.692760398221991
0.54,0.78,0.3479191672074049,1.3084880502063008,0.26589403483856866,4.921088398995933
0.54,0.79,0.39153133085204284,1.422926644866991,0.2751591814408967,5.1712853535023005
0.54,0.8,0.44022351008093463,1.5484618467752769,0.2842972921791484,5.446628896484607
0.54,0.8099999999999999,0.4947713578350186,1.6868529941056725,0.29331030004623126,5.751086797292126
0.54,0.82,0.5561238203505572,1.8402502054739347,0.3022001131674016,6.089508657644153
0.54,0.83,0.6254540736272518,2.011309321910742,0.3109686147295689,6.467885267649468
0.54,0.84,0.7042295620877783,2.2033499524905826,0.3196176627737887,6.893705226954295
0.54,0.85,0.7943100539243917,2.420576736580125,0.32814909022327493,7.376454205413605
0.54,0.86,0.8980877208686356,2.668395432923509,0.3365647046864736,7.928328181082592
0.54,0.87,1.0186918725141236,2.953874896314921,0.3448662886112689,8.565275858680724
0.54,0.88,1.1602960579911605,3.286440041640762,0.35305559915582096,9.308562304347687
0.54,0.89,1.3285926797625447,3.6789427881571206,0.3611343682862956,10.187185466769462
0.54,0.9,1.531552376768512,4.149375569240992,0.36910430285505946,11.241742610815287
0.54,0.91,1.7806896649512778,4.723727183453371,0.37696708463367923,12.53087438136327
0.54,0.92,2.093277809653346,5.440980531338575,0.3847243704690051,14.142541905275328
0.54,0.93,2.4964621621925183,6.362394128721018,0.3923777923349685,16.21496999322916
0.54,0.94,3.035486835325926,7.590065130744016,0.39992895753035157,18.978533531591015
0.54,0.95,3.791793392290069,9.30776798637465,0.4073794488475385,22.847907553279832
0.55,0.58,0.0036068893138745586,0.09431325267627398,0.03824371667314925,2.4661110603429117
0.55,0.59,0.00649566784182665,0.12828024578450173,0.05063654035040392,2.5333532839488004
0.55,0.6,0.01028825831315254,0.16368020607647302,0.06285584897385676,2.6040568817159957
0.55,0.61,0.015027953254716939,0.2006293937564344,0.0749040455804845,2.678485416930623
0.55,0.62,0.020763489039107748,0.2392561229758612,0.08678352211367477,2.7569303152096984
0.55,0.63,0.0275497513542709,0.27970239809920683,0.09849665766719441,2.8397146128986397
0.55,0.64,0.03544859939405841,0.3221258235988935,0.11004581687371486,2.927197350614018
0.55,0.65,0.044529832296259904,0.3667018397320672,0.12143334849041358,3.0197787040436928
0.55,0.66,0.05487232721096037,0.41362635314547586,0.13266158404481865,3.117906032282379
0.55,0.67,0.06656538529817244,0.4631188449080362,0.1437328366790832,3.222081019259754
0.55,0.6799999999999999,0.07971033111810231,0.5154260609640947,0.15464940008855124,3.3328681564168052
0.55,0.69,0.09442242259814947,0.5708264166866036,0.16541354751279752,3.4509048700647726
0.55,0.7,0.1108331440042984,0.6296352816645333,0.17602753090852014,3.576913670349378
0.55,0.71,0.12909297434453795,0.692211357882894,0.18649358013911332,3.711716818168994
0.55,0.72,0.14937474998054176,0.7589644239880187,0.1968139022849638,3.8562541323383033
0.55,0.73,0.1718777755589417,0.8303648005137972,0.2069906810266891,4.011604756287222
0.55,0.74,0.19683288457857515,0.906954998469696,0.21702607616771616,4.179013943784376
0.55,0.75,0.22450871549326182,0.9893641642582204,0.22692222298306922,4.359926283341748
0.55,0.76,0.2552195579997976,1.078326134516361,0.23668123198578123,4.5560272163072995
0.55,0.77,0.2893352470504002,1.174702201127559,0.2463051884747271,4.76929539487997
0.55,0.78,0.3272937563510172,1.2795100844858256,0.25579615223004754,5.0020693170361366
0.55,0.79,0.36961739113666336,1.3939611848311255,0.265156157258024,5.257133001345539
0.55,0.8,0.41693383962643554,1.5195090075870679,0.27438721162207075,5.537827359388654
0.55,0.8099999999999999,0.47000387377673564,1.6579128825241625,0.28349129723942884,5.848196747725682
0.55,0.82,0.5297582842384241,1.8113229204577437,0.2924703697254312,6.193184363114113
0.55,0.83,0.5973478527046825,1.9823949552028648,0.30132635837118243,6.578896602071877
0.55,0.84,0.674212064999189,2.1744485892090504,0.3100611660101064,7.012966561372521
0.55,0.85,0.7621753105545132,2.391688455684995,0.31867666908824926,7.505062929544675
0.55,0.86,0.863584311086617,2.6395203076895677,0.3271747175313578,8.067616983383152
0.55,0.87,0.981508980192614,2.9250129947725463,0.33555713494152795,8.716885114906708
0.55,0.88,1.1200437129862983,3.257591427007557,0.34382571850490684,9.474542629250891
0.55,0.89,1.2847730177430472,3.6501075191340666,0.35198223915547566,10.370146879830948
0.55,0.9,1.483516527600213,4.120553700459932,0.3600284416714734,11.445078286953631
0.55,0.91,1.727570688709907,4.694918765749161,0.36796604476163736,12.759108707409283
0.55,0.92,2.033881716043048,5.412185612079982,0.37579674124690593,14.401896073186192
0.55,0.93,2.4290810849436952,6.333612752086128,0.3835221981551711,16.51433158902469
0.55,0.94,2.9575565166146305,7.561297337983555,0.39114405695403476,19.331234115803323
0.55,0.95,3.699208149095951,9.279013816109334,0.39866393373331777,23.275277824144577
0.56,0.59,0.0037427495972780253,0.09803551918971518,0.03817748534625674,2.5678883326276343
0.56,0.6,0.006745038031525837,0.13344317143746295,0.05054614604005305,2.6400266269899557
0.56,0.61,0.010690991765402938,0.1704004357551584,0.06274040156073542,2.715960234813024
0.56,0.62,0.01562807324546439,0.20903559499084376,0.07476273716038141,2.7959863821253563
0.56,0.63,0.021609785502116244,0.24949062492993906,0.08661562136126204,2.880434510644996
0.56,0.64,0.028696480360308203,0.2919231040122009,0.09830150462879718,2.969670760529567
0.56,0.65,0.03695630618390216,0.336508448705472,0.10982281819690073,3.0641032003217017
0.56,0.66,0.04646632398972735,0.38344254396524946,0.12118197294752586,3.164187994622661
0.56,0.67,0.05731382750784686,0.4329448509878356,0.13238135845033341,3.270436684257678
0.56,0.6799999999999999,0.0695979118190304,0.485262097540341,0.14342334209039387,3.3834248349512044
0.56,0.69,0.08343134663669809,0.5406726823749277,0.15431026822036273,3.5038023626711623
0.56,0.7,0.09894282527506817,0.5994919598168789,0.16504445748578733,3.632305918958252
0.56,0.71,0.1162796799925546,0.6620786178652724,0.17562820615997682,3.7697738440839963
0.56,0.72,0.13561118016908041,0.7288424222851966,0.18606378556271203,3.917164321261986
0.56,0.73,0.1571325645606548,0.8002536818238914,0.19635344157683526,4.075577567662563
0.56,0.74,0.1810700050144169,0.8768548966432697,0.20649939426418182,4.246283141738803
0.56,0.75,0.2076867625285182,0.9592752031756856,0.21650383731484985,4.430753815142147
0.56,0.76,0.23729088349590438,1.0482484288528624,0.2263689379010858,4.630707899115139
0.56,0.77,0.2702449045908177,1.144635857109081,0.2360968363103306,4.848162622579777
0.56,0.78,0.3069782055573236,1.2494552005466815,0.2456896457135955,5.085502064678754
0.56,0.79,0.3480028925400388,1.3639178522112394,0.2551494519819081,5.345564498049367
0.56,0.8,0.3939344473161986,1.4894773109385218,0.2644783135823533,5.631755930244648
0.56,0.8099999999999999,0.44551889877111844,1.6278929003390519,0.2736782614374246,5.948199509120541
0.56,0.82,0.5036690522765489,1.781314725632642,0.2827512988181628,6.299934723830233
0.56,0.83,0.5695135074103892,1.9523986154511204,0.2916994013944216,6.693186911313482
0.56,0.84,0.6444640584074302,2.1444641674254754,0.30052451712501116,7.13573783577008
0.56,0.85,0.730310056112939,2.3617160103487627,0.3092285663952846,7.637444489296627
0.56,0.86,0.8293532115457338,2.6095598932169177,0.31781344191466476,8.210980245189264
0.56,0.87,0.9446046188945245,2.8950646618222957,0.32628100897060586,8.872918074380197
0.56,0.88,1.0800802902260345,3.2276552227667157,0.3346331053600576,9.64535537897194
0.56,0.89,1.2412578932474465,3.620183487634029,0.34287154159102323,10.55842509073611
0.56,0.9,1.435807532852489,4.0906418827821165,0.3509981010305335,11.654313430106761
0.56,0.91,1.6748097223307723,4.6650192003175075,0.35901454000806315,12.993956178523398
0.56,0.92,1.9748868345788686,5.382298334827992,0.36692258803264244,14.668757144897189
0.56,0.93,2.3621615138452765,6.30373779672398,0.374723947920689,16.822351044556612
0.56,0.94,2.8801735015057517,7.531434736146941,0.3824202960536095,19.694129244361935
0.56,0.95,3.607296655990958,9.249163597571453,0.3900132825997503,23.714996412220586
0.5700000000000001,0.6,0.00388990763249054,0.10205302934128253,0.03811653272419804,2.6773953989916506
0.5700000000000001,0.61,0.007015333974026484,0.13901900695208508,0.050463128228533674,2.754863042229687
0.5700000000000001,0.62,0.011127850901436991,0.17766309134404087,0.062634567580996,2.8365022415824224
0.5700000000000001,0.63,0.016279578130096718,0.21812723988793584,0.07463340268029085,2.92264900238213
0.5700000000000001,0.64,0.022529360965177596,0.2605690143140889,0.08646216444607949,3.0136767450066313
0.5700000000000001,0.65,0.02994369953652641,0.30516381599192144,0.09812336183828262,3.1100016374781654
0.5700000000000001,0.66,0.038597843136376465,0.35210751612397667,0.10961948089397272,3.212088884680504
0.5700000000000001,0.67,0.048577084606671164,0.40161956350117534,0.12095298392138464,3.3204601530311524
0.5700000000000001,0.6799999999999999,0.05997829848274818,0.4539466745571485,0.13212630875919623,3.435702388269081
0.5700000000000001,0.69,0.07291177794143698,0.509367237777139,0.1431418680550038,3.5584783452833597
0.5700000000000001,0.7,0.08750344018133353,0.5681965981546203,0.1540020487020263,3.6895392168061734
0.5700000000000001,0.71,0.10389748917791312,0.6307934351486958,0.16470921127044,3.8297398808678706
0.5700000000000001,0.72,0.12225965007529287,0.6975675068129532,0.17526568952999663,3.980057412740586
0.5700000000000001,0.73,0.1427811234523998,0.7689891148408059,0.1856737900405235,4.141613712269099
0.5700000000000001,0.74,0.16568345312470859,0.845600752947642,0.19593579185822627,4.315703348163645
0.5700000000000001,0.75,0.19122456328146104,0.9280315516872131,0.20605394604720512,4.503828096913074
0.5700000000000001,0.76,0.2197063061170569,1.017015333137581,0.2160304756067382,4.707740101396413
0.5700000000000001,0.77,0.25148397936487527,1.1134133758630762,0.22586757516716058,4.929496299055137
0.5700000000000001,0.78,0.28697844064200356,1.2182433879639,0.23556741081241772,5.1715276903645515
0.5700000000000001,0.79,0.3266916842847554,1.3327167584165829,0.24513211995090523,5.436728400519271
0.5700000000000001,0.8,0.37122709213893307,1.4582869823082014,0.2545638112680321,5.7285714534371115
0.5700000000000001,0.8099999999999999,0.4213160808176092,1.5967133798837108,0.26386456462730573,6.051261116243407
0.5700000000000001,0.82,0.4778536320999533,1.7501460531961892,0.2730364310037309,6.409936017557579
0.5700000000000001,0.83,0.5419463651138184,1.9212408280294797,0.28208143258628626,6.81094395478082
0.5700000000000001,0.84,0.6149786366225842,2.113317299427414,0.29100156270391,7.262219761952566
0.5700000000000001,0.85,0.6987050827827751,2.33058009380751,0.2997987859929278,7.773814313786074
0.5700000000000001,0.86,0.7953828225277723,2.5784349579692365,0.30847503834427215,8.358650255167765
0.5700000000000001,0.87,0.9079646802596207,2.863950735739267,0.31703222717106166,9.033626522119972
0.5700000000000001,0.88,1.040389020232621,3.196552331905516,0.325472231393887,9.821275130648685
0.5700000000000001,0.89,1.1980276747000587,3.5890916564364836,0.3337969016621742,10.752321661957472
0.5700000000000001,0.9,1.3884026300795882,4.059561134183012,0.3420080605237651,11.869782039540338
0.5700000000000001,0.91,1.6223805060527252,4.633949555887556,0.3501075025712025,13.235790498220284
0.5700000000000001,0.92,1.9162628955379386,5.351239814955544,0.3580969946782059,14.943548520322796
0.5700000000000001,0.93,2.2956684269843715,6.272690420682207,0.36597827615007644,17.139515729370697
0.5700000000000001,0.94,2.8032968915057612,7.500398522233175,0.3737530590136036,20.06779166444275
0.5700000000000001,0.95,3.516010325632641,9.218138563213827,0.38142302825255137,24.167755694892726
0.58,0.61,0.004049547095653938,0.10639360098179478,0.038061942243564656,2.795275141267478
0.58,0.62,0.007308777749444003,0.14504746260152013,0.05038887008677259,2.878561522648551
0.58,0.63,0.011602511037272075,0.1855214309390202,0.06254000402296243,2.9664441798069507
0.58,0.64,0.016988085061718446,0.22797306135603776,0.07451794944836593,3.0593040072043594
0.58,0.65,0.02353035266779212,0.2725777496528281,0.08632528773079182,3.1575654923140317
0.58,0.66,0.031302754207969116,0.31953136219461126,0.09796457534864482,3.261703131539491
0.58,0.67,0.040388586459968547,0.3690533435239031,0.1094383431791145,3.372249001612574
0.58,0.6799999999999999,0.05088251057501185,0.4213904064519815,0.12074909584067628,3.4898017539443087
0.58,0.69,0.06289235298419853,0.4768209362521796,0.1318993110464768,3.6150373528802144
0.58,0.7,0.07654126760258069,0.5356602752066799,0.14289143911791458,3.7487219564263117
0.58,0.71,0.0919703464662828,0.5982671004334185,0.15372790246974014,3.891727466659357
0.58,0.72,0.1093417908914225,0.665051167966835,0.16441109520294114,4.04505040943817
0.58,0.73,0.12884278847521824,0.7364827777742099,0.1749433827422353,4.209835011932728
0.58,0.74,0.15069028584602429,0.8131044221224446,0.18532710159499288,4.387401600330282
0.58,0.75,0.17513690796341133,0.8955452303637151,0.1955645589137709,4.5792818255918375
0.58,0.76,0.2024783584629453,0.9845390235346173,0.20565803246276906,4.787262679432915
0.58,0.77,0.23306275155112793,1.0809470793721643,0.21560977035665377,5.01344200489663
0.58,0.78,0.267302490085563,1.1857871052951074,0.22542199092225684,5.260299141373744
0.58,0.79,0.30568953868509974,1.3002704897481827,0.23509688260655764,5.530785756628803
0.58,0.8,0.34881527969811926,1.4258507273764245,0.24463660395919692,5.8284439217209005
0.58,0.8099999999999999,0.39739664101674493,1.5642871381070915,0.2540432835736447,6.157561483626548
0.58,0.82,0.4523109339068488,1.7177298237898333,0.2633190200475845,6.523379220686077
0.58,0.83,0.5146429881935548,1.8888346100632054,0.2724658821114749,6.932371111662414
0.58,0.84,0.5857499642573955,2.0809210918949246,0.28148590859060435,7.392629713913797
0.58,0.85,0.6673520911991342,2.298193895688467,0.29038110859624244,7.914405681548547
0.58,0.86,0.7616622936988431,2.5460587683209392,0.29915346148947686,8.510878515809855
0.58,0.87,0.8715756490833035,2.8315845536914486,0.3078049171962947,9.199283037722488
0.58,0.88,1.0009535732756654,3.1641961567586687,0.316337396193863,10.00259910725046
0.58,0.89,1.1550630195853735,3.5567454876274422,0.3247527897633935,10.952162998257213
0.58,0.9,1.3412791980953473,4.027224971424107,0.33305296019284575,12.091845600448186
0.58,0.91,1.5702567765302669,4.601623399082164,0.34123974092349,13.485016096392776
0.58,0.92,1.8579794838052086,5.318923664309844,0.34931493683060594,15.226728386049983
0.58,0.93,2.2295665186214144,6.240384276686705,0.3572803243785476,17.466353031170165
0.58,0.94,2.7268853695292306,7.468102385726939,0.36513765193429354,20.45284113036588
0.58,0.95,3.4253000221096666,9.185852435376916,0.37288864002626654,24.634304855009415
0.59,0.62,0.004223013921711091,0.11108882407769743,0.03801475041951513,2.922255778395673
0.59,0.63,0.007627899837793649,0.15157367845214342,0.050324699615982585,3.011914221222798
0.59,0.64,0.01211916453032504,0.1940360703380732,0.062458307412686535,3.106649513506679
0.59,0.65,0.01776001282855075,0.23865140051219044,0.0744182216841571,3.206894697444738
0.59,0.66,0.024622077186555996,0.2856155402767764,0.08620706409285682,3.313133828210752
0.59,0.67,0.032786661351151464,0.3351479390584757,0.0978274294129881,3.425909696999353
0.59,0.6799999999999999,0.0423462183580723,0.3874953144855646,0.1092818849030233,3.545833006352588
0.59,0.69,0.05340611572087707,0.44293605656461477,0.1205729696857187,3.6735933245996715
0.59,0.7,0.06608675480567355,0.5017855122151953,0.13170319428698782,3.8099722252884747
0.59,0.71,0.08052612981231812,0.5644023630543552,0.14267504015493107,3.955859149865805
0.59,0.72,0.09688293623973776,0.6311963695343039,0.15349095925760453,4.112270667844119
0.59,0.73,0.11534037129226288,0.7026378358823987,0.164153373761056,4.280374017199113
0.59,0.74,0.13611081239980133,0.7792692585189246,0.17466467579959835,4.461516073307346
0.59,0.75,0.15944161969286638,0.8617197708093791,0.1850272270567834,4.65725928295366
0.59,0.76,0.18562239036510772,0.9507231976919805,0.19524335875650578,4.869426564606777
0.59,0.77,0.21499410651449755,1.0471408206273496,0.20531537141842401,5.100157934562635
0.59,0.78,0.24796077903591163,1.151990350646435,0.215245534736267,5.351982572172424
0.59,0.79,0.2850044196501242,1.266483179698934,0.22503608750482965,5.627911477405832
0.59,0.8,0.3267045054978309,1.3920728057615828,0.23468923762151628,5.931557918333609
0.59,0.8099999999999999,0.37376359203099374,1.5305185519870952,0.24420716204042794,6.267295926946325
0.59,0.82,0.42704146431724993,1.6839705233098927,0.25359200675192795,6.6404716176926195
0.59,0.83,0.4876013434405963,1.85508454835133,0.2628458869294893,7.057689089306438
0.59,0.84,0.556773421421543,2.0471802249305022,0.27197088690149124,7.5272035483415465
0.59,0.85,0.6362438115611023,2.2644621821704503,0.28096906036702857,8.059471669985278
0.59,0.86,0.7281816213025978,2.5123361695686706,0.28984243037332674,8.66793783895856
0.59,0.87,0.8354246765295947,2.7978710335537054,0.29859298963772585,9.370183261664248
0.59,0.88,0.9617581084703947,3.130491681484227,0.3072227005613401,10.189649644262511
0.59,0.89,1.112344899438441,3.5230500257846766,0.3157334954932104,11.158303050112835
0.59,0.9,1.2944147573630762,3.9935384937560117,0.3241272769467286,12.320896073218679
0.59,0.91,1.5184122420292911,4.567945878501085,0.3324059177617795,13.742071468699688
0.59,0.92,1.800005987976641,5.285255075722483,0.3405712614032321,15.518793494042962
0.59,0.93,2.16382012063784,6.20672459699275,0.3486251221274168,17.803434701198306
0.59,0.94,2.6508970914284093,7.434451593660445,0.3565692853106879,20.849949504715806
0.59,0.95,3.335115918310233,9.152210511479307,0.36440550773248825,25.115456043540338
0.6,0.63,0.0044118433850084985,0.11617463165974971,0.03797596189441625,3.059162319120383
0.6,0.64,0.007975591387268955,0.1586490666735965,0.05027190865029094,3.155819441374608
0.6,0.65,0.01268260961679428,0.20327614901772775,0.06239103642055034,3.2580986096709994
0.6,0.66,0.018602721820797745,0.2502517657376936,0.07433602622527172,3.366493723774227
0.6,0.67,0.0258152398328159,0.2997953812168584,0.08610953153458463,3.4815586134788106
0.6,0.6799999999999999,0.034410411852125684,0.35215372725207894,0.09771417761395439,3.6039164003749287
0.6,0.69,0.04449115221563969,0.4076052073859232,0.10915256088353945,3.734270676624971
0.6,0.7,0.056175118277140015,0.46646518130936454,0.12042724843782943,3.873418909427107
0.6,0.71,0.06959721816399808,0.5290923428099705,0.1315407775405941,4.022268628043423
0.6,0.72,0.08491265706417288,0.5958964638960678,0.14249565521668003,4.181857074799528
0.6,0.73,0.10230066166776255,0.6673478597824529,0.15329435790969836,4.353375224517851
0.6,0.74,0.12196906523235475,0.7439890373087047,0.16393933124816448,4.538197341933067
0.6,0.75,0.14415999419837083,0.8264491397038624,0.1744329896090484,4.737917647092782
0.6,0.76,0.16915697778902375,0.9154620013085327,0.18477771611190424,4.954396128341118
0.6,0.77,0.19729391333131877,1.0118889125190331,0.194975862360393,5.189816320179467
0.6,0.78,0.22896647789494612,1.1167475928256396,0.2050297483208412,5.446758833640546
0.6,0.79,0.2646468017409107,1.2312494421766857,0.21494166224599484,5.728295898110039
0.6,0.8,0.30490254483977935,1.3568479662170743,0.22471386067656143,6.038114258425889
0.6,0.8099999999999999,0.35042199909442345,1.4953024953196783,0.23434856839418786,6.380676893252844
0.6,0.82,0.40204755886728044,1.6487631412879393,0.24384797840229439,6.761438631112416
0.6,0.83,0.46082100632797535,1.8198857392590309,0.25321425207474807,7.187137865848903
0.6,0.84,0.5280457799854541,2.0119898932444356,0.2624495191344891,7.6661976744313085
0.6,0.85,0.6053741521118573,2.229280238248449,0.2715558778682312,8.209287369320641
0.6,0.86,0.6949317689218809,2.4771625293458457,0.2805353951100634,8.830124727662161
0.6,0.87,0.7994996732997506,2.7627056182399294,0.2893901065757044,9.546648470227527
0.6,0.88,0.9227873393896119,3.0953344173233552,0.2981220168732458,10.382776991071465
0.6,0.89,1.0698546375492526,3.4879008437833985,0.30673309978295105,11.371126383984935
0.6,0.9,1.2477869796335577,3.9583973294720782,0.3152252984669358,12.55735928785956
0.6,0.91,1.46682056331928,4.53281267177771,0.32360052566302333,14.007432968442973
0.6,0.92,1.742311551545756,5.250129770508226,0.33186066396547287,15.820283452016643
0.6,0.93,2.0983931224824266,6.171607141083811,0.34000756602176113,18.15138178627712
0.6,0.94,2.5752895722496705,7.3993419385924035,0.3480430548584128,21.25984654859016
0.6,0.95,3.245407344241898,9.11710861223667,0.35596892417032544,25.612091374229845
0.61,0.64,0.00461779265531873,0.12169198436363644,0.03794656385518357,3.206930272476123
0.61,0.65,0.008355167022679407,0.16633231963669726,0.05023177119713567,3.311297126751165
0.61,0.66,0.013298357558433551,0.21332073123916276,0.06233973360762675,3.4219063652377355
0.61,0.67,0.019524683252727437,0.26287670960338533,0.074273157489628,3.5393232021958294
0.61,0.6799999999999999,0.02712218863304751,0.3152470110824551,0.08603472096347173,3.6641835709132065
0.61,0.69,0.03619133838047031,0.37071006241551074,0.0976270731488945,3.797205533859729
0.61,0.7,0.04684705205362033,0.42958124516731083,0.10905283361561699,3.9392029617632267
0.61,0.71,0.05922116101607255,0.49221927382440056,0.12031459181990448,4.091102054862886
0.61,0.72,0.07346539301744352,0.5590339398866255,0.13141490663758731,4.253961397456341
0.61,0.73,0.08975502127516496,0.6304955770033939,0.14235630597402557,4.4289964725442825
0.61,0.74,0.1082933568221079,0.7071467094640929,0.15314128648661524,4.617609827418411
0.61,0.75,0.12931732017389086,0.7896164969595214,0.16377231310621937,4.821428494127651
0.61,0.76,0.15310440729970987,0.8786387894128413,0.17425181900064227,5.042350745329108
0.61,0.77,0.1799814738663209,0.9750748919291018,0.18458220528091238,5.282605061767209
0.61,0.78,0.21033591647433886,1.079942537925533,0.19476584085517568,5.544825176651785
0.61,0.79,0.24463004989433115,1.1944531405299537,0.2048050623281831,5.832146563916187
0.61,0.8,0.283419798559535,1.3200602178467153,0.2147021739825247,6.148331865303605
0.61,0.8099999999999999,0.3273792921972592,1.45852311202016,0.22445944771064696,6.497935938523548
0.61,0.82,0.37733366098588356,1.6119919460179566,0.2340791229869335,6.886525912470799
0.61,0.83,0.4343034071585351,1.783122565542532,0.24356340699798962,7.320978908614339
0.61,0.84,0.49956541718905106,1.9752345845703754,0.25291447461047234,7.809891417296476
0.61,0.85,0.5747383804217226,2.1925326475848523,0.26213446858126205,8.364152411742694
0.61,0.86,0.6619048166689548,2.440422518598083,0.27122549952915137,8.997762094031229
0.61,0.87,0.7637894268176607,2.7259730578223933,0.28018964627178067,9.729028513702579
0.61,0.88,0.8840266191912262,3.0586091856303343,0.28902895582229843,10.582362507342816
0.61,0.89,1.027573961977828,3.4511828268467526,0.29774544367349354,11.591051685853188
0.61,0.9,1.2013737084279934,3.9216864205254254,0.3063410940100188,12.801698816147622
0.61,0.91,1.4154553410650197,4.496108770853107,0.3148178598883065,14.281619131926858
0.61,0.92,1.6848650262237774,5.213432784119818,0.32317766354558125,16.131785615760883
0.61,0.93,2.0332488888222584,6.13491698187568,0.33142239655875766,18.51087025371873
0.61,0.94,2.5000195653909425,7.362658525014147,0.33955392021744474,21.683326525281235
0.61,0.95,3.1561226235343796,9.080431868274045,0.3475740657844149,26.125170897837478
0.62,0.65,0.004842879949138622,0.12768768923170434,0.0379275400649678,3.3666219589507342
0.62,0.66,0.008770440705498388,0.1746906217654569,0.0502055612193868,3.4795073996304695
0.62,0.67,0.013972762381420343,0.22426049368282922,0.06230594676734266,3.5993433262517116
0.62,0.6799999999999999,0.02053568472686799,0.27664409736635487,0.07423142196911921,3.7267789034331145
0.62,0.69,0.028557223930121552,0.3321198934275165,0.08598468352921478,3.862547139743476
0.62,0.7,0.038149565502162204,0.39100329538122947,0.09756839891839339,4.0074788529456775
0.62,0.71,0.04944147073910185,0.45365304783529914,0.10898520570956638,4.162519535396711
0.62,0.72,0.06258120006066373,0.5204789706605496,0.12023771100922821,4.328749826421787
0.62,0.73,0.07774008728392617,0.5919514242741891,0.13132849098090413,4.507410538664166
0.62,0.74,0.09511693994029327,0.6686129582238297,0.14226009049087446,4.699933452289764
0.62,0.75,0.11494349685815772,0.7510927560233787,0.1530350225539653,4.9079795166398466
0.62,0.76,0.13749125157098005,0.8401246901071311,0.1636557682329839,5.1334865808769505
0.62,0.77,0.16308005684775534,0.9365700868055683,0.1741247762930215,5.378729591183996
0.62,0.78,0.1920890772484879,1.0414466996109537,0.1844444629957974,5.64639720106254
0.62,0.79,0.22497087236838448,1.1559659606056742,0.19461721195536752,5.939690271951781
0.62,0.8,0.26226970620091933,1.281581405786104,0.20464537407988287,6.262449916340848
0.62,0.8099999999999999,0.30464563999977573,1.4200523942363315,0.21453126746327306,6.619325989296358
0.62,0.82,0.3529066571258282,1.5735290649451072,0.2242771773256946,7.016001733694166
0.62,0.83,0.4080521277810429,1.744667278700574,0.23388535611498348,7.459497711532033
0.62,0.84,0.4713325743444133,1.9367866638203526,0.2433580234462684,7.958589720580881
0.62,0.85,0.5443333444127351,2.154091878308182,0.25269736629816036,8.52439386236636
0.62,0.86,0.6290941447631163,2.401988698981205,0.2619055389519294,9.171202367820369
0.62,0.87,0.7282837474675082,2.6875459981471006,0.27098466332096843,9.917705176413731
0.62,0.88,0.8454620496038575,3.0201887076827716,0.2799368289316383,10.78882231826779
0.62,0.89,0.9854850771810736,3.412768763229737,0.2887640931899651,11.818535765749198
0.62,0.9,1.1551529929530748,3.8832786141017395,0.2974684815965179,13.054420398625506
0.62,0.91,1.36429011155466,4.457707074247091,0.30605198790122146,14.565195621881797
0.62,0.92,1.6276349282877258,5.175037059139834,0.31451657441043757,16.453940682905056
0.62,0.93,1.9683501748947034,6.0965270990499105,0.3228641721614676,18.882637420670434
0.62,0.94,2.4250429342495354,7.324274363123997,0.33109668125747144,22.12125574713449
0.62,0.95,3.067208896125845,9.042053313938393,0.339215971155326,26.655741718593973
0.63,0.66,0.005089432028706427,0.13421538790089543,0.03791988465930941,3.5394461008189086
0.63,0.67,0.009225817930003044,0.18380111358920642,0.05019457036926693,3.6617728219812387
0.63,0.6799999999999999,0.014713178991045473,0.23619977040425136,0.06229125018142126,3.791861131640915
0.63,0.69,0.021647081545923284,0.29168986474496345,0.07421266270204566,3.930459494709965
0.63,0.7,0.03013697816680401,0.35058685321171046,0.08596151821073864,4.078416255425254
0.63,0.71,0.04030856400346963,0.41324952095976236,0.09754049783252967,4.236696860716083
0.63,0.72,0.05230663931963018,0.48008772613065204,0.10895225283346519,4.406404765805732
0.63,0.73,0.06629860946447547,0.5515718651761562,0.12019940401293235,4.588806988733589
0.63,0.74,0.08247879380126287,0.6282445215922768,0.1312845412359849,4.785365555438875
0.63,0.75,0.10107377002397983,0.710734910992959,0.14221022277176573,4.997776511001062
0.63,0.76,0.12234905598210818,0.7997769360332202,0.15297897509890956,5.228018657571207
0.63,0.77,0.14661753577959824,0.8962319515992627,0.16359329247073773,5.478415025845718
0.63,0.78,0.17425018526032302,1.0011177381438494,0.17405563663610288,5.751711105092681
0.63,0.79,0.20568986333767492,1.1156457532116664,0.18436843661668142,6.051175427229956
0.63,0.8,0.24146924193817793,1.2412695568399426,0.19453408859306662,6.380730317330012
0.63,0.8099999999999999,0.2822343996554562,1.3797485308600488,0.20455495573496205,6.745123949222538
0.63,0.82,0.3287762810234948,1.533232835708855,0.21443336808756294,7.150159741383001
0.63,0.83,0.3820732608561706,1.7043783525105112,0.2241716226290866,7.603006716557378
0.63,0.84,0.4433496715391275,1.8965047287716572,0.23377198317152603,8.112626256757768
0.63,0.85,0.5141577428824787,2.1138166406627885,0.24323668051040803,8.690369545527238
0.63,0.86,0.5964946601744852,2.361719882177075,0.2525679123404872,9.350831070707178
0.63,0.87,0.6929736516779964,2.647283341874945,0.2617678435536092,10.113096039364324
0.63,0.88,0.807080620461158,2.979931967006214,0.2708386061820032,11.002611514710363
0.63,0.89,0.9435707599439589,3.3725177077849042,0.2797822996646927,12.054078159435836
0.63,0.9,1.1091031402005531,3.8430330273139472,0.28860099101873987,13.316077029910149
0.63,0.91,1.3132983541210075,4.41746675254942,0.29729671499238175,14.858780907359229
0.63,0.92,1.5705894005527052,5.134801811339648,0.3058714743545175,16.787449114618003
0.63,0.93,1.9036590409577214,6.056296745666636,0.31432724004480395,19.267489336283347
0.63,0.94,2.350314516168889,7.284048735755785,0.32266595151014227,22.574581240025342
0.63,0.95,2.978611926736081,9.001832254688257,0.3308895169852545,27.20494845743151
0.64,0.67,0.00536014197649061,0.1413367496172474,0.03792461614552727,3.7267812830299745
0.64,0.6799999999999999,0.009726408212810234,0.1937526656116177,0.05020012592914244,3.8596051708137127
0.64,0.69,0.015528156737519222,0.2492590395215148,0.062297266198760685,4.001123239120137
0.64,0.7,0.02287210545810419,0.3081713834323587,0.07421878437692267,4.15220197985593
0.64,0.71,0.03188088433908276,0.37084853467835566,0.08596740005116557,4.313827502723546
0.64,0.72,0.04269583752161588,0.43770040059687076,0.09754580407830024,4.487126891132371
0.64,0.73,0.05548044948795919,0.5091974240038549,0.10895665781596565,4.673394303851721
0.64,0.74,0.070424563196691,0.5858822321295498,0.12020259249152102,4.874123094898119
0.64,0.75,0.08774961186049549,0.6683840818325423,0.13128620840267163,5.091045662485145
0.64,0.76,0.10771516014093298,0.7574369146830603,0.14221007459876048,5.326183231533599
0.64,0.77,0.13062715298224428,0.853902122333437,0.15297672832254208,5.5819086451701105
0.64,0.78,0.15684841551924686,0.9587975199161161,0.1635886746275369,5.8610262727485996
0.64,0.79,0.1868121544439434,1.0733345977610043,0.17404838606119377,6.16687475276921
0.64,0.8,0.2210395110338926,1.1989669468710262,0.18435830246258653,6.503460548593103
0.64,0.8099999999999999,0.26016265890002177,1.3374539783456612,0.19452083070688173,6.875633696840597
0.64,0.82,0.30495560213303796,1.4909458802751145,0.20453834452848582,7.289322125453461
0.64,0.83,0.35637584521277615,1.6620985599827465,0.21441318450842975,7.75184867382724
0.64,0.84,0.41562169048216124,1.8542316897026883,0.22414765791690414,8.272367005458909
0.64,0.85,0.4842124563493637,2.0715499690156305,0.23374403880754768,8.862471871298647
0.64,0.86,0.5641030758929407,2.3194592140512675,0.2432045678904842,9.537070928271904
0.64,0.87,0.6578515898081821,2.6050283343634333,0.25253145277935535,10.3156589236412
0.64,0.88,0.7688703865113384,2.937682297031584,0.2617268679081644,11.224228985395445
0.64,0.89,0.901814485012597,3.3302730710496027,0.2707929547436097,12.298226422481148
0.64,0.9,1.0632027891371973,3.8007931373091375,0.27973182194543667,13.587274807978423
0.64,0.91,1.262453513504371,4.375231339649392,0.2885455454809248,15.163052794168433
0.64,0.92,1.513696181443234,5.092570621835256,0.2972361688914056,17.13307852415435
0.64,0.93,1.8391367664325735,6.014069541010981,0.30580570342447516,19.666309273058655
0.64,0.94,2.275787978333709,7.241825291677498,0.3142561283477946,23.044340709444498
0.64,0.95,2.890275896930635,8.959612360517411,0.3225893912182295,27.774045286121314
0.65,0.6799999999999999,0.005658139957980747,0.14912292178055558,0.0379427916944055,3.9302042659803313
0.65,0.69,0.010278163274246561,0.20464804175824666,0.050223609207012514,4.074737857144534
0.65,0.7,0.01642767794420169,0.26357796553173674,0.06232568762362524,4.22904223894715
0.65,0.71,0.02422624651288729,0.3262715955719305,0.0742517793202943,4.394124942979714
0.65,0.72,0.03381175767919196,0.3931389005915381,0.08600460963877385,4.571137549984269
0.65,0.73,0.04534377909876312,0.4646503812964536,0.09758687590494655,4.761402360590386
0.65,0.74,0.059007685275697365,0.5413487195213363,0.10900124660472514,4.9664452140116095
0.65,0.75,0.07501977748710151,0.6238632236510118,0.12025036040442647,5.188036206734289
0.65,0.76,0.09363368520127313,0.7129278838849198,0.13133682567027688,5.428240558171676
0.65,0.77,0.1151484387390075,0.8094041378374889,0.14226321976392817,5.6894827713067055
0.65,0.78,0.1399187449843284,0.9143098440193084,0.15303208851962619,5.974628281323163
0.65,0.79,0.1683682005683895,1.0288565337651971,0.16364594580765335,6.287088437708671
0.65,0.8,0.20100647030788163,1.154497836849008,0.1741072732162862,6.630956969929818
0.65,0.8099999999999999,0.23845189210870263,1.2929932010075365,0.18441851969746959,7.011189565606722
0.65,0.82,0.28146161806781467,1.4464928490373719,0.1945821012908048,7.433843295152695
0.65,0.83,0.33097239544118023,1.6176527209953482,0.20460040102892518,7.906400539100869
0.65,0.84,0.38815664194902966,1.8097925201542073,0.21447576870079893,8.438214401175221
0.65,0.85,0.45450095295150195,2.027116975466543,0.2242105208787461,9.041132269447854
0.65,0.86,0.5319182558011388,2.2750319308759117,0.23380694072119879,9.730386633768735
0.65,0.87,0.6229117304701812,2.5606063222289013,0.24326727816869662,10.525897035988613
0.65,0.88,0.7308206912782645,2.8932651415527144,0.25259374980270854,11.454223011505766
0.65,0.89,0.8602005886668764,3.285860381452902,0.26178853901471105,12.55158225726702
0.65,0.9,1.0174310137468303,3.756384545179324,0.2708537961196036,13.86867970467942
0.65,0.91,1.211729041597758,4.330826497764177,0.279791638437449,15.478755984097747
0.65,0.92,1.4569225845346407,5.048169203082698,0.288604150519551,17.49167222299084
0.65,0.93,1.774743764999424,5.969671237274784,0.297293384251695,20.08006754775522
0.65,0.94,2.20141566495808,7.197429812953257,0.30586135914742507,23.531674066367103
0.65,0.95,2.802143178144178,8.915219433858157,0.3143100625770599,28.36440984663798
0.66,0.69,0.005987080329477552,0.15765630049814874,0.03797552213619178,4.151524235341525
0.66,0.7,0.010888047700361513,0.21660654902892756,0.05026647508662088,4.309165276770727
0.66,0.71,0.01742345357600091,0.2793191411593581,0.062378301407064754,4.477825379318895
0.66,0.72,0.025727728270100322,0.34620412055597727,0.0743137552169615,4.658681552899901
0.66,0.73,0.03595652282794593,0.41773205866158525,0.08607556466494512,4.853085312743926
0.66,0.74,0.04829074717648336,0.4944457040877718,0.09766643086843563,5.062596223607567
0.66,0.75,0.06294157881303926,0.5769744282208942,0.10908902671322915,5.289023521473264
0.66,0.76,0.08015672524802525,0.6660522808445642,0.12034599618274007,5.534478104557739
0.66,0.77,0.10022832145796626,0.762540755806855,0.13143995346440637,5.801438114578679
0.66,0.78,0.12350298269331503,0.8674577648021763,0.14237348226570998,6.092832394049687
0.66,0.79,0.1503947310930203,0.982014889449656,0.15314913522065335,6.4121477932917745
0.66,0.8,0.18140180165705005,1.107665807070496,0.16376943343300746,6.763568657783777
0.66,0.8099999999999999,0.21712875711114604,1.2461700103920426,0.17423686599779253,7.1521603838296235
0.66,0.82,0.2583159756729692,1.3996777647434817,0.1845538896020905,7.584114145528295
0.66,0.83,0.30587954818697755,1.5708450505048006,0.19472292832999744,8.067077996293715
0.66,0.84,0.3609661381568438,1.7629916090894038,0.20474637332124632,8.610612146586236
0.66,0.85,0.4250297876610741,1.9803222055742682,0.2146265827170387,9.226826334858544
0.66,0.86,0.49994164136817926,2.228242718111552,0.22436588137574287,9.931290374671272
0.66,0.87,0.588150315196151,2.5138221149643507,0.23396656099689522,10.744364939388538
0.66,0.88,0.6929224501677892,2.8464854188675033,0.2434308799106633,11.693197756636852
0.66,0.89,0.8187144802905042,3.239084651553664,0.25276106319042896,12.814808620714471
0.66,0.9,0.9717674629131539,3.709612343868085,0.2619593027070513,14.161025417053194
0.66,0.91,1.161098465127967,4.284057386982487,0.2710277571575196,15.806710839925595
0.66,0.92,1.4002354926605831,5.001402769639753,0.27996855225507883,17.864159132712107
0.66,0.93,1.710439503078761,5.922907091455033,0.2887837807799499,20.509832911870575
0.66,0.94,2.1271484362201245,7.150667587378474,0.2974755028432197,24.03783679339516
0.66,0.95,2.714154084603776,8.86845878234674,0.3060457460778282,28.97755938777685
0.67,0.7,0.0063512495770383535,0.1670327048535268,0.038023988072323,4.392824459544447
0.67,0.71,0.011564251113209446,0.22976730401393358,0.050330272894302495,4.565190904020387
0.67,0.72,0.018529292211387167,0.2966727189441482,0.062457014171483353,4.750030447014279
0.67,0.73,0.027398103386342784,0.3682196061793923,0.07440696510058929,4.9487249705938625
0.67,0.74,0.03834712947404545,0.44495079470509336,0.0861828542175351,5.162869096699769
0.67,0.75,0.05158242765966062,0.5274957318646951,0.09778738394207846,5.394312748740083
0.67,0.76,0.06734579162600074,0.6165885392191481,0.10922322966185505,5.645214311351613
0.67,0.77,0.08592247472218162,0.7130907784958948,0.12049303863305567,5.918107689752192
0.67,0.78,0.10765102098955008,0.8180204255769042,0.13159942908959738,6.215987647028226
0.67,0.79,0.13293590669061806,0.9325891228092902,0.14254498946992633,6.542419528580096
0.67,0.8,0.16226397573886092,1.0582506050011895,0.15333227779130687,6.901681891411821
0.67,0.8099999999999999,0.19622606703705045,1.196764419260132,0.16396382101530227,7.298954195196766
0.67,0.82,0.23554585231767974,1.3502808824579857,0.17444211450946673,7.740567042855399
0.67,0.83,0.28111885397525205,1.521456023766699,0.18476962172017336,8.234340740659668
0.67,0.84,0.3340660961540995,1.713609630823432,0.19494877371433325,8.79005083322277
0.67,0.85,0.3958092181969472,1.9309465124980052,0.20498196901627339,9.420079833191126
0.67,0.86,0.4681777809231213,2.178872588460023,0.21487157321760544,10.14034828261544
0.67,0.87,0.5535661017462474,2.4644568663435185,0.22461991901995274,10.97167551789832
0.67,0.88,0.6551685082702255,2.7971244061903744,0.23422930593299973,11.941820836844727
0.67,0.89,0.777342914962992,3.189727265128325,0.24370200031246841,13.088638012977075
0.67,0.9,0.9261925476694591,3.6602580075655906,0.2530402353481804,14.465122523021364
0.67,0.91,1.1105354870175619,4.234705556539467,0.26224621102702433,16.147823604220093
0.67,0.92,1.3436013721133286,4.952052930975242,0.2713220942589408,18.251565337871696
0.67,0.93,1.6461824244097356,5.873558759220597,0.28027001889195013,20.956785825475592
0.67,0.94,2.0529354992261224,7.101320303425258,0.2890920859091383,24.564215520092805
0.67,0.95,2.626246603103928,8.819112114372981,0.29779036359270145,29.615169570883754
0.6799999999999999,0.71,0.006755700909684146,0.17736406279884345,0.03808945737415866,4.656513246081945
0.6799999999999999,0.72,0.01231645371894515,0.2442932840225651,0.05041666932525045,4.845486369727609
0.6799999999999999,0.73,0.019761563762948478,0.3158621820645736,0.06256388034104224,5.04863477685169
0.6799999999999999,0.74,0.029263005521547383,0.3926136815289103,0.07453384051108922,5.2675895785954685
0.6799999999999999,0.75,0.04102171425520258,0.47517732024128767,0.08632927647803644,5.504243052033228
0.6799999999999999,0.76,0.05527357249397911,0.5642873053306284,0.09795289025967559,5.7608030129043515
0.6799999999999999,0.77,0.07229695970151115,0.6608052794375234,0.10940735788771272,6.039861415131906
0.6799999999999999,0.78,0.092422362556224,0.7657492951087768,0.12069532828377613,6.344481646450841
0.6799999999999999,0.79,0.11604473269246951,0.8803310672242487,0.13181942227526683,6.67831076808948
0.6799999999999999,0.8,0.14363955329946487,1.0060043992962715,0.14278223176751986,7.045725415850501
0.6799999999999999,0.8099999999999999,0.1757839811984634,1.1445289035279005,0.15358631892705035,7.4520237969341725
0.6799999999999999,0.82,0.21318503774627617,1.298054958452856,0.16423421547603048,7.903681670049464
0.6799999999999999,0.83,0.256717751463863,1.4692386516911569,0.17472842221266763,8.408698671260815
0.6799999999999999,0.84,0.30747760577276195,1.6613998262873373,0.18507140840376138,8.977074528242317
0.6799999999999999,0.85,0.3668539678536975,1.8787433436701675,0.1952656115002063,9.621475738794809
0.6799999999999999,0.86,0.4366349884099584,2.126675173337899,0.20531343661883397,10.358187989839594
0.6799999999999999,0.87,0.5191609196598127,2.412264370189646,0.21521725648130244,11.208508135588179
0.6799999999999999,0.88,0.6175540933376832,2.744936039126446,0.2249794110081395,12.200832186493445
0.6799999999999999,0.89,0.7360743442261691,3.137542279860463,0.23460220725978706,13.373882183410583
0.6799999999999999,0.9,0.8806876897859687,3.608075697195627,0.24408791935005195,14.781869200258145
0.6799999999999999,0.91,1.0600141321330014,4.182525252554021,0.25343878832189076,16.503098362519893
0.6799999999999999,0.92,1.2869863143854186,4.8998740012487465,0.262657022212699,18.65502760965911
0.6799999999999999,0.93,1.5819298852012245,5.821380606254144,0.27174479598562806,21.42223399399348
0.6799999999999999,0.94,1.9787242319424279,7.049142362545328,0.28070425169111546,25.112346250822533
0.6799999999999999,0.95,2.538356097617117,8.766933852147814,0.2895374985628805,30.279096475111142
0.69,0.72,0.007206423273356803,0.18878174980251114,0.038173304786588806,4.945386595630428
0.69,0.73,0.01315616109274363,0.2603763857458672,0.05052747412195945,5.1531644965546874
0.69,0.74,0.02113978663174124,0.3371515851583657,0.06270113374021816,5.377121035087565
0.69,0.75,0.03135310610603861,0.41973699265338305,0.07469702850787296,5.619192637751893
0.69,0.76,0.04402608764684094,0.5088669164250975,0.0865178816420881,5.881638648183806
0.69,0.77,0.05943023816892669,0.6054030948975208,0.09816639305252757,6.167111534530736
0.69,0.78,0.07788799377352912,0.7103636713121594,0.10964523795207191,6.478746223549383
0.69,0.79,0.09978479485174035,0.8249604464553982,0.12095706561506674,6.820274965009063
0.69,0.8,0.1255847853527797,0.9506473052932074,0.1321044983281635,7.196176642915556
0.69,0.8099999999999999,0.15585147156253257,1.0891839372299716,0.1430901303584189,7.611873261291555
0.69,0.82,0.19127526870566072,1.2427207940350413,0.1539165270459515,8.073991909030207
0.69,0.83,0.2327107719213744,1.4139140327462287,0.16458622414927376,8.5907191811136
0.69,0.84,0.2812280055805331,1.6060835623035845,0.17510172707151764,9.172288527157725
0.69,0.85,0.338184174390829,1.8234343066423628,0.18546551041564793,9.831662515342355
0.69,0.86,0.40532616651091286,2.0713722946072064,0.19568001733255527,10.585507518056584
0.69,0.87,0.4849403687527586,2.356966637427646,0.20574765932283814,11.455618232474448
0.69,0.88,0.5800773905451517,2.689642493486409,0.215670815712476,12.471054484590704
0.69,0.89,0.6948993676676257,3.0822520132711855,0.22545183348915424,13.671443543258931
0.69,0.9,0.8352356502803375,3.5527878498521916,0.23509302710407717,15.112263828562426
0.69,0.91,1.0095089523612162,4.127239010487206,0.24459667826265463,16.87365110516858
0.69,0.92,1.2303561162174392,4.844588594056192,0.2539650359014919,19.075809301306002
0.69,0.93,1.5176381065679536,5.766095304886375,0.26320031604088445,21.907630627581366
0.69,0.94,1.9044600030063699,6.993856477343955,0.27230470187309647,25.683935786769254
0.69,0.95,2.4504149874747623,8.711646730824441,0.2812803437959041,30.971402456566878
0.7,0.73,0.0077105551690968815,0.201440769078129,0.038277034010460564,5.262705804819625
0.7,0.74,0.014097129457177962,0.2782437878490896,0.0506646691599231,5.4918702216491875
0.7,0.75,0.022687377113649605,0.3608547119589417,0.06287122313157156,5.73958472549159
0.7,0.76,0.03370534219902803,0.45000796833109313,0.07489943416786196,6.008162455841138
0.7,0.77,0.047415653447121155,0.5465654078438348,0.0867520204657167,6.300319057811806
0.7,0.78,0.06413269555600457,0.6515452803935774,0.09843167848175355,6.619264147917131
0.7,0.79,0.084232402627441,0.7661594879153262,0.10994108140151379,6.968818917809706
0.7,0.8,0.10816759135450134,0.89186201127838,0.12128287782933561,7.353569005291682
0.7,0.8099999999999999,0.13648813819108774,1.0304126309422306,0.1324596905089179,7.779065668833476
0.7,0.82,0.16986788387229343,1.183961885022305,0.14347411519002845,8.252093999354326
0.7,0.83,0.20914103579368848,1.3551660125503315,0.1543287197707232,8.781035795305108
0.7,0.84,0.2553522230501699,1.5473450003243443,0.16502604331719467,9.376368536875178
0.7,0.85,0.30982657566585287,1.7647038461928737,0.1755685954525824,10.051363922139966
0.7,0.86,0.37426983939630304,2.0126486492210147,0.1859588555315714,10.823085802866295
0.7,0.87,0.4509147003864106,2.298248587331196,0.19619927229457276,11.713848682785201
0.7,0.88,0.5427402734502117,2.630928882315818,0.20629226319963326,12.753405491362583
0.7,0.89,0.6538113143371482,3.023541744877988,0.21624021412792896,13.982328666624623
0.7,0.9,0.7898209615993467,3.4940798853770993,0.22604547907012298,15.457419895105174
0.7,0.91,0.9589953091068243,4.068532365475113,0.2357103798029724,17.260726357812295
0.7,0.92,1.1736764111536264,4.785882335841627,0.24523720576327715,19.515319141506406
0.7,0.93,1.4532621520491324,5.707388550033051,0.2546282138160572,22.414596028058597
0.7,0.94,1.8300859896362611,6.93514838924042,0.2638856282405665,26.28088704746785
0.7,0.95,2.3623523955297077,8.652936517384127,0.2730116407052841,31.694386711975284
0.71,0.74,0.008276657262911989,0.21552502228591608,0.03840230324594122,5.612294161254382
0.71,0.75,0.015155910361135103,0.2981660171220769,0.05083044173652385,5.865894667364888
0.71,0.76,0.024432614300603377,0.3873467498743788,0.06307685377127127,6.140869855033863
0.71,0.77,0.03636450642080017,0.48392920297211095,0.07514426944574344,6.4400014337956035
0.71,0.78,0.05125791092026685,0.5889317510874269,0.08703540066505541,6.766577123644841
0.71,0.79,0.06947925143430676,0.7035664146343321,0.09875293929488878,7.124511125014656
0.71,0.8,0.09147001917503896,0.8292872869638452,0.11029955554959181,7.518500712280651
0.71,0.8099999999999999,0.11776646983503988,0.9678542553034274,0.12167789642885797,7.9542323109547475
0.71,0.82,0.1490258878845994,1.1214179592170181,0.13289058433543394,8.43865624359365
0.71,0.83,0.18606212279235623,1.2926347340817927,0.14394021596868442,8.980358445224356
0.71,0.84,0.2298944532229718,1.4848246582657572,0.15482936112569917,9.590071595401684
0.71,0.85,0.2818159991570871,1.7021928166198812,0.16556056188552218,10.281390671993929
0.71,0.86,0.34349145521932944,1.9501453909110662,0.1761363315885169,11.071795201610776
0.71,0.87,0.41709993480168056,2.235751637727499,0.18655915431896383,11.984143291649954
0.71,0.88,0.5055492376330324,2.5684368536162334,0.19683148406831324,13.048912707099337
0.71,0.89,0.6128069938227126,2.961053320426372,0.20695574429388275,14.307664329537024
0.71,0.9,0.744430496628787,3.4315938161491024,0.21693432746191943,15.818583699029759
0.71,0.91,0.908449759995236,4.006047466846456,0.22676959459753082,17.6657169315682
0.71,0.92,1.1169128725147166,4.723397484398634,0.2364638750399212,19.975133553068954
0.71,0.93,1.3887559436414545,5.644902680689086,0.24601946609147315,22.944943220835377
0.71,0.94,1.7555430007073822,6.872660492376983,0.2554386329216459,26.905329134317462
0.71,0.95,2.274093766788862,8.590445636226839,0.2647236084236145,32.45062156481445
0.72,0.75,0.008915062900218436,0.23125401147820523,0.038550954611477735,5.998658497793832
0.72,0.76,0.016352554570585175,0.32046725921193225,0.05102722384432682,6.280319309347683
0.72,0.77,0.026409893752473795,0.4170793090501573,0.0633210355426617,6.586741759287174
0.72,0.78,0.03938532600997458,0.5221086812420087,0.07543511039939715,6.9212953819204746
0.72,0.79,0.055635750395445084,0.6367675344605519,0.08737215292010422,7.287991804927042
0.72,0.8,0.07559132333172108,0.7625100934588904,0.09913484946648317,7.6916452444575505
0.72,0.8099999999999999,0.09977467629986281,0.9010963703424207,0.11072586638202522,8.138083717796052
0.72,0.82,0.12882654128558887,1.054677123385512,0.12214784831215061,8.634430634342973
0.72,0.83,0.16354042274933467,1.2259088008345655,0.13340341682676618,9.189485771766215
0.72,0.84,0.20491027358358008,1.418111588381618,0.14449516897145478,9.814249143940362
0.72,0.85,0.25419724378186526,1.63549067297473,0.1554256762097676,10.522654382840955
0.72,0.86,0.3130250375439086,1.883452333515295,0.1661974831928321,11.332616459239656
0.72,0.87,0.38351928448030564,2.169065918970869,0.17681310702731867,12.267562939413397
0.72,0.88,0.4685165980312024,2.5017568138512107,0.18727503626140493,13.358730900786865
0.72,0.89,0.5718876690094963,2.894377383700723,0.19758573026102288,14.648716685547448
0.72,0.9,0.6990542177774798,3.364920486195822,0.20774761859760577,16.197155514516215
0.72,0.91,0.8578505841937745,3.939375323256407,0.21776310044117583,18.090187526148615
0.72,0.92,1.0600315135045066,4.656725179029703,0.22763454418097734,20.457023321238296
0.72,0.93,1.3240723333886855,5.578228934209223,0.23736428694574324,23.500708577463026
0.72,0.94,1.6807693128254566,6.805984090966211,0.2469546343865823,27.559653245106293
0.72,0.95,2.1855604563420816,8.523765428531693,0.25640786043059455,33.2429958044868
0.73,0.76,0.009638332917993776,0.24889143059102756,0.03872504929199935,6.4271430286455145
0.73,0.77,0.017711530105148202,0.34553865906747666,0.05125773814411168,6.741199896413514
0.73,0.78,0.02866137274135831,0.4505999288962776,0.06360713995575396,7.084109255811869
0.73,0.79,0.04283521027918265,0.5652875598093694,0.07577596487994158,7.459984979472098
0.73,0.8,0.06065184295667062,0.6910559297174729,0.08776690908573372,7.873764006459722
0.73,0.8099999999999999,0.0826202609635579,0.829665196433064,0.09958265251906778,8.331422948130472
0.73,0.82,0.10936463197755357,0.9832662568349754,0.11122585690023182,8.84026686094181
0.73,0.83,0.14165811016933247,1.1545156911321082,0.12269916403684712,9.409319942761808
0.73,0.84,0.18046932566226537,1.3467338105238524,0.13400519408662237,10.04986276616494
0.73,0.85,0.22702747225512002,1.5641259214967584,0.1451465442359466,10.776184370977198
0.73,0.86,0.28291529181319003,1.812098416736554,0.1561257872090072,11.60665671655304
0.73,0.87,0.3502049778220413,2.0977207536016484,0.16694547032571536,12.565305003537595
0.73,0.88,0.431662032371898,2.4304184197662377,0.17760811424948633,13.684163192860806
0.73,0.89,0.5310603213476044,2.8230438791133046,0.18811621217676794,15.00691432411239
0.73,0.9,0.6536861652922618,3.293590082956232,0.1984722290351116,16.59471503377717
0.73,0.91,0.8071784940234116,3.868046322465496,0.20867860070220548,18.535903103861553
0.73,0.92,1.002999120837853,4.585395966833998,0.2187377334678421,20.962985645584208
0.73,0.93,1.2591632551637968,5.506897977792353,0.22865200340402525,24.084188617677373
0.73,0.94,1.6057005328649134,6.734649934809571,0.23842375600927446,28.24655582788319
0.73,0.95,2.0966692878308497,8.452426690751587,0.24805530583601126,34.074766763261515
0.74,0.77,0.010461851454548962,0.26875628483972536,0.03892690904247302,6.904126000512557
0.74,0.78,0.019262931990456922,0.37385564684994355,0.05152505292554426,7.255803257304359
0.74,0.79,0.0312391527081176,0.4885776793637229,0.06393896820829083,7.6413131624537245
0.74,0.8,0.04679792295590651,0.6143769385719474,0.07617135347671612,8.06572169890284
0.74,0.8099999999999999,0.06643455964370573,0.7530137520718628,0.08822489557583228,8.535161726823718
0.74,0.82,0.09075663731657761,0.906639178426875,0.10010226722614282,9.057129309355904
0.74,0.83,0.12051693481564538,1.0779099518345967,0.11180612500193197,9.640884627885733
0.74,0.84,0.15665873912698272,1.2701465302001387,0.12333910726213439,10.29800327239825
0.74,0.85,0.20037927336404057,1.4875543597701026,0.13470383253423332,11.043148006884355
0.74,0.86,0.2532203102395527,1.7355399664077116,0.14590289773832066,11.89517133182942
0.74,0.87,0.31720061050777504,2.0211729343890794,0.1569388769811784,12.878726885700079
0.74,0.88,0.3950145824705285,2.353878872378891,0.167814320059433,14.026686587564415
0.74,0.89,0.49033930479086874,2.74651035959141,0.1785317514199419,15.383876188673442
0.74,0.9,0.6083257657364813,3.217060457292227,0.1890936691468037,17.013052165139637
0.74,0.91,0.7564175985750244,3.7915185615173144,0.19950254398130024,19.004863225567192
0.74,0.92,0.9457838722966243,4.508868141453885,0.2097608185968499,21.49528292087623
0.74,0.93,1.1939799923024,5.430368254219729,0.2198709067980066,24.69798452784187
0.74,0.94,1.5302695070070973,6.658116570280206,0.22983519300904878,28.969090778095374
0.74,0.95,2.0073320874918634,8.37588802930116,0.23965603175086198,34.94962329180365
0.75,0.78,0.011404614782890376,0.2912374228158295,0.03915916667791124,7.4372732497423035
0.75,0.79,0.021044094077018335,0.40600074627697225,0.05183264875740432,7.832915276570249
0.75,0.8,0.03420820822616037,0.531837139541692,0.06432083373425017,8.268505065389013
0.75,0.8099999999999999,0.05137855240476679,0.6705071279394844,0.07662640748153819,8.75034012394528
0.75,0.82,0.07314606053141978,0.8241619585518846,0.08875204657582472,9.286117789382663
0.75,0.83,0.10024308950283353,0.9954585452558009,0.10070041588429408,9.885346912564831
0.75,0.84,0.13358753736150097,1.1877175173156986,0.11247416613288277,10.55991396204234
0.75,0.85,0.1743446114234548,1.4051444843527918,0.12407593195212081,11.3248755197343
0.75,0.86,0.2240150707012961,1.653146128076941,0.1355083297820058,12.199590466035417
0.75,0.87,0.28456419904337305,1.9387921813633566,0.14677395637281132,13.209374668887117
0.75,0.88,0.35861526689929846,2.2715083947035684,0.1578753870051612,14.387983065588994
0.75,0.89,0.449748521338771,2.6641474825461318,0.16881517419183767,15.781445567912373
0.75,0.9,0.5629795730717213,3.134702635273946,0.17959584642468704,17.454204524649036
0.75,0.91,0.7055567115408963,3.7091633720768225,0.19021990696134888,19.499343845386772
0.75,0.92,0.88835621044008,4.426513279748379,0.20068983289949097,22.056489936713714
0.75,0.93,1.128473613075819,5.348011527604198,0.2110080741694573,25.345056338030428
0.75,0.94,1.454406308659986,6.5757558932494735,0.22117705283936215,29.730732952777675
0.75,0.95,1.917455205530917,8.293521418631927,0.23119916242372404,35.87176238740952
0.76,0.79,0.012490287412741668,0.316812737936239,0.03942482708904035,8.035868799645524
0.76,0.8,0.023101761961413537,0.4426939471568878,0.052184499268128515,8.48324604749559
0.76,0.8099999999999999,0.03765036768075709,0.581404059355101,0.06475766220572872,8.978150840406151
0.76,0.82,0.056710329688827964,0.7350945414633566,0.07714698789074723,9.528493095600451
0.76,0.83,0.08099351255887466,0.9064225171805558,0.08935514180606027,10.144044302989178
0.76,0.84,0.11139235169254563,1.0987088159890344,0.10138478009050339,10.837019274572055
0.76,0.85,0.14903996007408515,1.3161592386290242,0.11323854720598431,11.622890535984103
0.76,0.86,0.19539599745899155,1.564180649207021,0.12491907348300832,12.521551798251075
0.76,0.87,0.25237217506789755,1.8498429547893003,0.13642897328905582,13.559018368261023
0.76,0.88,0.3225205148509513,2.182572072101188,0.14777084293049575,14.769977817124346
0.76,0.89,0.4093242994708539,2.5752208743898715,0.15894725906484902,16.201731879750156
0.76,0.9,0.517663595393942,3.045782703657823,0.16996077716649174,17.920503509313843
0.76,0.91,0.6545911283402389,3.620247223890405,0.18081393005994753,20.021948655671267
0.76,0.92,0.8306900696096351,4.337598160184092,0.19150922675012844,22.649551845580636
0.76,0.93,1.0625956431795551,5.25909481401209,0.20204915118632663,26.02878944619883
0.76,0.94,1.378038345737444,6.486835089199719,0.21243616136192742,30.53545614650841
0.76,0.95,1.8269390364483913,8.204594148328233,0.2226726884255022,36.845983251660336
0.77,0.8,0.013748633600356169,0.3460748347787086,0.03972734281343369,8.711250495758916
0.77,0.8099999999999999,0.025495060956460397,0.48483366185422067,0.0525851708789276,9.219969313601823
0.77,0.82,0.04166979881509934,0.6385675471192037,0.06525511514496163,9.785708686601065
0.77,0.83,0.06296412263447203,0.8099338594891771,0.07773983257618508,10.418518186226365
0.77,0.84,0.09024490066138491,1.002253662766932,0.09004197641168496,11.130960277731834
0.77,0.85,0.12461303623785282,1.2197329815025346,0.10216419341579795,11.938947890855895
0.77,0.86,0.1674869593914938,1.4677788936514307,0.11410912100993104,12.862941022249117
0.77,0.87,0.2207246567129828,1.7534615105947526,0.12587938507878382,13.929695553384837
0.77,0.88,0.28680671861464674,2.0862069443439033,0.1374775975088346,15.174886542586252
0.77,0.89,0.36911923452609813,2.4788682547401915,0.14890635426882956,16.647162351882862
0.77,0.9,0.472406428574465,2.9494389621221657,0.16016823356621068,18.41463126895834
0.77,0.91,0.6035250562010755,3.523908900969428,0.171265794083112,20.57567256693034
0.77,0.92,0.7727646027610401,4.241261959337364,0.18220157353397087,23.27785582239549
0.77,0.93,0.9962990850946037,5.162757594493239,0.19297808716746417,26.75307684034124
0.77,0.94,1.3010906608446513,6.390493859209755,0.20359782663268897,31.387829452319504
0.77,0.95,1.7356775748667472,8.108246058503955,0.21406325885317243,37.87780351445299
0.78,0.8099999999999999,0.01521748367643491,0.3797657824768142,0.04007070773250608,9.477391440449686
0.78,0.82,0.028299607382476465,0.5335527110944425,0.05303994674570632,10.059450354512931
0.78,0.83,0.046400683520707905,0.7049660316793451,0.06581974369768404,10.710555709808247
0.78,0.84,0.0703618743002609,0.8973270827167632,0.07841273896161928,11.443639064259422
0.78,0.85,0.10125171730912187,1.1148421514396936,0.09082157252339863,12.275080913760588
0.78,0.86,0.14044723277816998,1.3629185670194544,0.1030488806718012,13.225942466664852
0.78,0.87,0.1897524687902488,1.6486266810977392,0.11509729338112006,14.32376585641041
0.78,0.88,0.2515763217931216,1.9813928354620547,0.12696943144767894,15.605274536324432
0.78,0.89,0.329207354281922,2.374070309764891,0.13866790420142358,17.120546556443294
0.78,0.9,0.42725350665405976,2.844652834595194,0.1501953073000768,18.93969183013043
0.78,0.91,0.552374954399412,3.419130445576755,0.16155422063934582,21.163980934980543
0.78,0.92,0.7145666129072672,4.136487223189581,0.17274720659146042,23.945320476134775
0.78,0.93,0.9295399366154478,5.057982808816937,0.18377680821593526,27.522421669625885
0.78,0.94,1.2234865237653834,6.285715431409676,0.19464554784832128,32.293137453664535
0.78,0.95,1.6435580531550487,8.00346056455371,0.2053559257147033,38.97360417869193
0.79,0.82,0.016945474506574746,0.4188248289112674,0.04045957483137856,10.351686359947765
0.79,0.83,0.031613292896959265,0.5902960158381108,0.05355498266759309,11.022242682851386
0.79,0.84,0.05201813618134627,0.7827080457927139,0.06645918163350825,11.777274810709947
0.79,0.85,0.07919597441981349,1.0002675151682208,0.07917479396148805,12.633661107533387
0.79,0.86,0.11448218272045735,1.2483820491017201,0.09170444480744783,13.613102960526643
0.79,0.87,0.15962658814978772,1.534122282533787,0.10405075916513333,14.743979715698801
0.79,0.88,0.21696604310386763,1.8669148285038217,0.11621635855651115,16.064131174752127
0.79,0.89,0.28969113391446655,2.2596132263242077,0.12820385831504322,17.62515774503074
0.79,0.9,0.38227291849752,2.7302114551721286,0.14001586498853044,19.499300707071853
0.79,0.91,0.501174160079883,3.304699788732599,0.15165497386135965,21.790909355559272
0.79,0.92,0.656093991253862,4.022062535392161,0.16312376684364285,24.656508448872334
0.79,0.93,0.8622794377631499,4.943559554783114,0.1744248103431577,28.34206638985197
0.79,0.94,1.1451484728556187,6.171289284860494,0.18556065353554493,33.25753152555241
0.79,0.95,1.5504607436688629,7.889027399362588,0.1965338266912517,40.14081205346903
0.8,0.83,0.01899593062075103,0.464454927735042,0.04089940591950756,11.356031152362375
0.8,0.84,0.03556456282346172,0.6569302173834064,0.05413750484049518,12.134475338656882
0.8,0.85,0.058754027037133914,0.8745450453795888,0.06718239083000263,13.017474290138395
0.8,0.86,0.08985775579635553,1.1227073867812645,0.08003666570144549,14.027413272926836
0.8,0.87,0.13057099586706244,1.4084882118720972,0.09270293834657906,15.193565996865443
0.8,0.88,0.18315810780852776,1.741314455038943,0.10518382092247182,16.554964820325544
0.8,0.89,0.2507111243360285,2.134039963487925,0.1174819256553473,18.164836434061225
0.8,0.9,0.33756344792164195,2.6046590115269392,0.129599861796785,20.097698989919394
0.8,0.91,0.44997935134094624,3.1791621555805474,0.14154023271542607,22.46119067765288
0.8,0.92,0.5973606090244574,3.896533975040661,0.15330563337850117,25.416769685301674
0.8,0.93,0.7944873890292135,4.818034589268629,0.1648986478425875,29.218157045580703
0.8,0.94,1.0660000441566633,6.045762685102574,0.17632184716469354,34.28822226128067
0.8,0.95,1.4562590597011416,7.763494174859449,0.1875777873856015,41.388131734916584
0.8099999999999999,0.84,0.02145245818102932,0.51821707660845,0.041396663964507266,12.518329425114056
0.8099999999999999,0.85,0.040324490586759576,0.735901216570989,0.05479606457868881,13.429818769452183
0.8099999999999999,0.86,0.06692039207554006,0.9841237509813469,0.06799997663790606,14.472413074812067
0.8099999999999999,0.87,0.10288038309100246,1.2699560488850372,0.08101097922351462,15.67634487396017
0.8099999999999999,0.88,0.15039577472029533,1.6028254270952274,0.09383166262395462,17.081925037594253
0.8099999999999999,0.89,0.21245932500291922,1.995586099670358,0.10646462462231743,18.744123757066603
0.8099999999999999,0.9,0.2932658135248517,2.466232692787362,0.11891246693084731,20.739900167251445
0.8099999999999999,0.91,0.39887967064928637,3.0407561003997516,0.13117779179883837,23.18041841307073
0.8099999999999999,0.92,0.5384033344312453,3.758141225639079,0.14326319904055465,26.23242570881886
0.8099999999999999,0.93,0.7261470618543591,4.679648498376172,0.1551712830795583,30.15795452291811
0.8099999999999999,0.94,0.9859685589691483,5.907376903323812,0.1669046304484802,35.39372686935304
0.8099999999999999,0.95,1.360820175019928,7.625102638512423,0.1784658173841198,42.725843807391875
0.82,0.85,0.02442716698501137,0.582166635647118,0.04195906376163054,13.874633594171856
0.82,0.86,0.04612476455977354,0.8304652959213652,0.05554086942140081,14.952327980688276
0.82,0.87,0.0769448803389322,1.1163631216142962,0.06892459885961434,16.196875137251144
0.82,0.88,0.11900509357769999,1.4492878872911534,0.08211280493079327,17.649962006688842
0.82,0.89,0.17519800417881176,1.8420942464863286,0.09510805677450555,19.36843532460981
0.82,0.9,0.24957858233477523,2.3127772472969252,0.10791293568218552,21.43188147626979
0.82,0.91,0.3480097565347138,2.8873281888200877,0.12053003114859927,23.955259625382105
0.82,0.92,0.4792921987337003,3.6047323631105876,0.1329619373794815,27.111009617906372
0.82,0.93,0.6572625028165235,4.526250573450341,0.14521124983045192,31.170109607452403
0.82,0.94,0.9049895497399427,5.753982163056873,0.15728056224268097,36.584191212252826
0.82,0.95,1.2640065191905294,7.471703674082943,0.16917246378158463,44.16619293154895
0.83,0.86,0.028073020452692474,0.6590544874949902,0.04259590213761479,15.472250954229812
0.83,0.87,0.053285125669503386,0.9450361327411274,0.05638422047942978,16.760649073545277
0.83,0.88,0.08942585430614454,1.2780323021675157,0.06997151336040583,18.2650373100363
0.83,0.89,0.1392865791570789,1.670898179273808,0.08336030338941088,20.044291003456923
0.83,0.9,0.2067810252692096,2.141629321519016,0.09655313512543048,22.18083668372718
0.83,0.91,0.2975686110766133,2.7162175174617955,0.10955257050056878,24.7937360579567
0.83,0.92,0.4201453020555426,3.4336485295915073,0.12236118473824294,28.061582902591415
0.83,0.93,0.5878694882803903,4.355183613225949,0.13498156231464756,32.26502596757502
0.83,0.94,0.8230137483574153,5.582922545933634,0.1474162934531241,37.871814676366895
0.83,0.95,1.1656787391456707,7.300642287271474,0.15966797074526012,45.723899747678104
0.84,0.87,0.032602846008983624,0.7526309794080643,0.04331850123233751,17.374354098064245
0.84,0.88,0.06225635836383419,1.0857196753491252,0.05734109805444483,18.934406772577752
0.84,0.89,0.10522065009572941,1.4786634001600565,0.07115929838010455,20.77962309664195
0.84,0.9,0.16526647866653252,1.9494583309156663,0.08477558922170261,22.99551496855422
0.84,0.91,0.24784734474913095,2.52409685226315,0.09819248596855808,25.705600865135278
0.84,0.92,0.36115098356319,3.241565300100685,0.11141252763039276,29.095159844631358
0.84,0.93,0.5180521415873706,4.163125481341248,0.12443827213693981,33.455346251994555
0.84,0.94,0.7400181394841833,5.390877704048868,0.13727229221475118,39.27141899557767
0.84,0.95,1.0657011204162739,7.108599438036828,0.14991717140705665,47.41684605785074
0.85,0.88,0.038319416490364654,0.8681176294742936,0.04414081132480831,19.667006641230188
0.85,0.89,0.07368974653489653,1.261163746673366,0.05842995941587412,21.584196862042248
0.85,0.9,0.12559193712677588,1.7320435328583383,0.07251084325779929,23.886683081320243
0.85,0.91,0.19927070039778663,2.306750105240397,0.08638590714490059,26.702852137341544
0.85,0.92,0.3026013436853211,3.0242705051382455,0.10005763147549152,30.22528577321982
0.85,0.93,0.4479684942817457,3.945867218719788,0.11352852730485093,34.75661415147403
0.85,0.94,0.6560235591424712,5.17364120803406,0.1268011314978208,40.80122272507461
0.85,0.95,0.9639511471328136,6.891370572457449,0.13987800206034642,49.267007470441
0.86,0.89,0.045664577232378344,1.012961970082136,0.04508024840130537,22.47019495244849
0.86,0.9,0.08855332161344637,1.4839553214975385,0.05967384619375365,24.867767307629506
0.86,0.91,0.15246047127657394,2.058754253815939,0.07405472070985922,27.800445860595193
0.86,0.92,0.24494392019985006,2.7763466855737735,0.08822526432761718,31.468839529503036
0.86,0.93,0.37789049341877007,3.697995948452182,0.10218791439642824,36.188192804348276
0.86,0.94,0.5711230507416798,4.9258038194677525,0.11594514756850206,42.483915219975174
0.86,0.95,0.8603361268442452,6.643549183334148,0.12949947431750244,51.30174634567024
0.87,0.9,0.05530244833321711,1.1980890344235884,0.046158880303769426,25.95576466627918
0.87,0.91,0.10833462622712148,1.773014138675007,0.06110195280680679,29.01730725826315
0.87,0.92,0.1888631458404558,2.4907067423291003,0.07582713076202893,32.84717115494949
0.87,0.93,0.30826792070542114,3.4124312429947046,0.0903367419748769,37.77456623290354
0.87,0.94,0.48552829999901437,4.640290446198998,0.10463317019233685,44.34817790256387
0.87,0.95,0.7548220651212248,6.358064228860729,0.11871884868588024,53.55564258952354
0.88,0.91,0.06826645388257573,1.4400641219603656,0.0474051487302137,30.377799891650582
0.88,0.92,0.13541214354769132,2.1578969907673415,0.06275190341664048,34.38775357043772
0.88,0.93,0.23983306656291678,3.079729357435996,0.07787472168092974,39.54722779048046
0.88,0.94,0.3996473132038588,4.30766534495982,0.09277584983974342,46.430890715640714
0.88,0.95,0.6474842956619287,6.025486102870403,0.10745760335477034,56.07314805800492
0.89,0.92,0.0862325551179896,1.7650193120304427,0.04885643716769842,36.126648080621614
0.89,0.93,0.17377722238645746,2.687007385586579,0.0646731465341773,41.547497370745646
0.89,0.94,0.31421783527317293,3.9150579315457565,0.08025879585110313,48.780422008934806
0.89,0.95,0.5385978379934314,5.632953760702339,0.09561552621839325,58.91254259100386
0.9,0.93,0.11205882789838714,2.2162208492451354,0.050563023958805985,43.83086049304932
0.9,0.94,0.23054410191330624,3.444443307266274,0.06693218071755128,51.461692572091195
0.9,0.95,0.42880292957928196,5.1624575929245875,0.08306178246712928,62.15202033459334
0.91,0.94,0.15093408977560854,2.869774947502337,0.05259439939949702,54.56426882459621
0.91,0.95,0.3194190677686273,4.5879765032554465,0.06962090314585967,65.89941089450363
0.92,0.95,0.21306842752223293,3.870465597094575,0.05504981821364748,70.30841740609131
