d_km,epsilon,invariant_residual
2.0,0.01,0.7908916434902389
2.0,0.02,0.7904872276488881
2.0,0.03,0.7901042617681261
2.0,0.04,0.7897427764641832
2.0,0.05,0.7894028123120238
2.0,0.060000000000000005,0.7890844198915835
2.0,0.06999999999999999,0.7887876598601214
2.0,0.08,0.7885126030511301
2.0,0.09,0.7882593306003834
2.0,0.09999999999999999,0.7880279340998406
2.0,0.11,0.7878185157802905
2.0,0.12,0.7876311887237634
2.0,0.13,0.78746607710692
2.0,0.14,0.7873233164767934
2.0,0.15000000000000002,0.7872030540604662
2.0,0.16,0.7871054491104565
2.0,0.17,0.7870306732878218
2.0,0.18000000000000002,0.7869789110852237
2.0,0.19,0.7869503602924619
2.0,0.2,0.7869452325072747
2.0,0.21000000000000002,0.7869637536945149
2.0,0.22,0.7870061647971563
2.0,0.23,0.7870727224029742
2.0,0.24000000000000002,0.7871636994711492
2.0,0.25,0.7872793861235241
2.0,0.26,0.7874200905057545
2.0,0.27,0.7875861397241647
2.0,0.28,0.7877778808647661
2.0,0.29000000000000004,0.7879956821016088
2.0,0.3,0.7882399339024319
2.0,0.31,0.7885110503404765
2.0,0.32,0.7888094705223325
2.0,0.33,0.7891356601428088
2.0,0.34,0.7894901131791052
2.0,0.35000000000000003,0.7898733537379861
2.0,0.36000000000000004,0.7902859380712898
2.0,0.37,0.790728456776936
2.0,0.38,0.7912015372046964
2.0,0.39,0.7917058460883516
2.0,0.4,0.7922420924285708
2.0,0.41000000000000003,0.7928110306539382
2.0,0.42000000000000004,0.7934134640910747
2.0,0.43,0.7940502487788579
2.0,0.44,0.7947222976663935
2.0,0.45,0.7954305852397376
2.0,0.46,0.7961761526285601
2.0,0.47000000000000003,0.7969601132510704
2.0,0.48000000000000004,0.7977836590638264
2.0,0.49,0.7986480674926605
2.0,0.5,0.7995547091321962
2.0,0.51,0.8005050563145204
2.0,0.52,0.801500692662954
2.0,0.53,0.8025433237648972
2.0,0.54,0.8036347891190061
2.0,0.55,0.804777075537083
2.0,0.56,0.8059723322108914
2.0,0.5700000000000001,0.80722288768955
2.0,0.5800000000000001,0.8085312690555106
2.0,0.59,0.8099002236378531
2.0,0.6,0.8113327436625973
2.0,0.61,0.8128320943133996
2.0,0.62,0.8144018457652107
2.0,0.63,0.8160459098621078
2.0,0.64,0.8177685822433225
2.0,0.65,0.8195745908845576
2.0,0.66,0.8214691522230019
2.0,0.67,0.8234580362841097
2.0,0.68,0.8255476425395835
2.0,0.6900000000000001,0.8277450886164266
2.0,0.7000000000000001,0.8300583144694527
2.0,0.7100000000000001,0.8324962052547872
2.0,0.72,0.8350687369405457
2.0,0.73,0.8377871497184552
2.0,0.74,0.840664155611775
2.0,0.75,0.8437141884142696
2.0,0.76,0.8469537063856589
2.0,0.77,0.8504015611726523
2.0,0.78,0.8540794505071052
2.0,0.79,0.8580124777641145
2.0,0.8,0.8622298490389294
2.0,0.81,0.8667657488999941
2.0,0.8200000000000001,0.8716604507079392
2.0,0.8300000000000001,0.8769617383485169
2.0,0.8400000000000001,0.8827267464874495
2.0,0.85,0.8890243708582278
2.0,0.86,0.8959384664161588
2.0,0.87,0.9035721522082414
2.0,0.88,0.9120536990322908
2.0,0.89,0.9215447266358736
2.0,0.9,0.9322518478399192
2.0,0.91,0.944443590518622
2.0,0.92,0.9584756413346457
2.0,0.93,0.9748296636247872
2.0,0.9400000000000001,0.9941751563587048
2.0,0.9500000000000001,1.0174723244315491
2.0,0.9600000000000001,1.0461522806488468
2.0,0.97,1.0824539315393298
2.0,0.98,1.1301090863861787
2.0,0.99,1.1959040177757625
2.2,0.01,0.7799701513682985
2.2,0.02,0.7795252148553329
2.2,0.03,0.7791036486751031
2.2,0.04,0.778705487706219
2.2,0.05,0.778330777632703
2.2,0.060000000000000005,0.777979574993882
2.2,0.06999999999999999,0.777651947262249
2.2,0.08,0.777347972949756
2.2,0.09,0.7770677417431638
2.2,0.09999999999999999,0.7768113546692188
2.2,0.11,0.7765789242905896
2.2,0.12,0.7763705749336697
2.2,0.13,0.7761864429495171
2.2,0.14,0.7760266770094133
2.2,0.15000000000000002,0.7758914384367087
2.2,0.16,0.7757809015768472
2.2,0.17,0.7756952542076992
2.2,0.18000000000000002,0.7756346979925898
2.2,0.19,0.775599448978674
2.2,0.2,0.7755897381436415
2.2,0.21000000000000002,0.7756058119940279
2.2,0.22,0.7756479332188146
2.2,0.23,0.775716381402367
2.2,0.24000000000000002,0.7758114538012288
2.2,0.25,0.7759334661897662
2.2,0.26,0.776082753780207
2.2,0.27,0.7762596722232193
2.2,0.28,0.776464598695855
2.2,0.29000000000000004,0.7766979330844228
2.2,0.3,0.7769600992707048
2.2,0.31,0.7772515465308627
2.2,0.32,0.777572751057438
2.2,0.33,0.7779242176160283
2.2,0.34,0.7783064813495626
2.2,0.35000000000000003,0.7787201097445906
2.2,0.36000000000000004,0.7791657047757096
2.2,0.37,0.7796439052461644
2.2,0.38,0.7801553893448405
2.2,0.39,0.7807008774423466
2.2,0.4,0.7812811351516927
2.2,0.41000000000000003,0.7818969766823003
2.2,0.42000000000000004,0.7825492685197305
2.2,0.43,0.7832389334677522
2.2,0.44,0.7839669550941724
2.2,0.45,0.784734382627424
2.2,0.46,0.7855423363573006
2.2,0.47000000000000003,0.7863920136006248
2.2,0.48000000000000004,0.7872846953012008
2.2,0.49,0.7882217533433572
2.2,0.5,0.7892046586699537
2.2,0.51,0.7902349903092403
2.2,0.52,0.7913144454307701
2.2,0.53,0.792444850569115
2.2,0.54,0.7936281741759744
2.2,0.55,0.7948665406870403
2.2,0.56,0.7961622463205005
2.2,0.5700000000000001,0.797517776860326
2.2,0.5800000000000001,0.7989358277207111
2.2,0.59,0.8004193266397334
2.2,0.6,0.8019714594123674
2.2,0.61,0.8035956991478097
2.2,0.62,0.8052958396265625
2.2,0.63,0.8070760334427106
2.2,0.64,0.8089408357510021
2.2,0.65,0.8108952546028445
2.2,0.66,0.8129448090579001
2.2,0.67,0.8150955965087322
2.2,0.68,0.8173543709679385
2.2,0.6900000000000001,0.8197286344575541
2.2,0.7000000000000001,0.8222267441316763
2.2,0.7100000000000001,0.8248580383850962
2.2,0.72,0.8276329859930689
2.2,0.73,0.8305633633437949
2.2,0.74,0.8336624661385984
2.2,0.75,0.8369453636448649
2.2,0.76,0.8404292058315272
2.2,0.77,0.8441335966889636
2.2,0.78,0.8480810510067489
2.2,0.79,0.8522975572425723
2.2,0.8,0.8568132764259835
2.2,0.81,0.861663417125614
2.2,0.8200000000000001,0.8668893405929657
2.2,0.8300000000000001,0.8725399701294229
2.2,0.8400000000000001,0.8786736073451351
2.2,0.85,0.8853602997283337
2.2,0.86,0.8926849659023168
2.2,0.87,0.9007515786582379
2.2,0.88,0.9096888505943403
2.2,0.89,0.919658096040289
2.2,0.9,0.9308643143638867
2.2,0.91,0.9435721606409068
2.2,0.92,0.9581295430811408
2.2,0.93,0.9750035156001358
2.2,0.9400000000000001,0.9948367602469879
2.2,0.9500000000000001,1.018540143976983
2.2,0.9600000000000001,1.0474520308515562
2.2,0.97,1.083629776692231
2.2,0.98,1.130426570095382
2.2,0.99,1.193759167977619
2.4,0.01,0.7688815925551447
2.4,0.02,0.7683958653782802
2.4,0.03,0.7679353993055608
2.4,0.04,0.7675002339087621
2.4,0.05,0.7670904203868619
2.4,0.060000000000000005,0.7667060216193368
2.4,0.06999999999999999,0.7663471122491706
2.4,0.08,0.766013778796065
2.4,0.09,0.7657061198005148
2.4,0.09999999999999999,0.765424245999564
2.4,0.11,0.7651682805352271
2.4,0.12,0.7649383591967468
2.4,0.13,0.7647346306980307
2.4,0.14,0.7645572569918306
2.4,0.15000000000000002,0.7644064136224205
2.4,0.16,0.7642822901187739
2.4,0.17,0.7641850904304822
2.4,0.18000000000000002,0.7641150334089261
2.4,0.19,0.7640723533364993
2.4,0.2,0.7640573005070103
2.4,0.21000000000000002,0.7640701418607294
2.4,0.22,0.7641111616779325
2.4,0.23,0.7641806623352125
2.4,0.24000000000000002,0.764278965129298
2.4,0.25,0.7644064111736257
2.4,0.26,0.7645633623734841
2.4,0.27,0.7647502024861764
2.4,0.28,0.7649673382733574
2.4,0.29000000000000004,0.7652152007534719
2.4,0.3,0.7654942465631072
2.4,0.31,0.7658049594370396
2.4,0.32,0.766147851817865
2.4,0.33,0.7665234666073154
2.4,0.34,0.7669323790727681
2.4,0.35000000000000003,0.7673751989239991
2.4,0.36000000000000004,0.7678525725770006
2.4,0.37,0.7683651856236753
2.4,0.38,0.7689137655284751
2.4,0.39,0.7694990845756137
2.4,0.4,0.7701219630934042
2.4,0.41000000000000003,0.7707832729855796
2.4,0.42000000000000004,0.7714839416032702
2.4,0.43,0.7722249559956218
2.4,0.44,0.7730073675820502
2.4,0.45,0.7738322972948081
2.4,0.46,0.7747009412471585
2.4,0.47000000000000003,0.7756145769900304
2.4,0.48000000000000004,0.7765745704288328
2.4,0.49,0.7775823834823014
2.4,0.5,0.7786395825771164
2.4,0.51,0.7797478480858445
2.4,0.52,0.7809089848319277
2.4,0.53,0.7821249338043642
2.4,0.54,0.7833977852470082
2.4,0.55,0.7847297933136285
2.4,0.56,0.7861233925109318
2.4,0.5700000000000001,0.7875812161885454
2.4,0.5800000000000001,0.7891061173787896
2.4,0.59,0.7907011923414078
2.4,0.6,0.7923698072311592
2.4,0.61,0.794115628381684
2.4,0.62,0.7959426567902126
2.4,0.63,0.797855267498317
2.4,0.64,0.7998582546985984
2.4,0.65,0.8019568835620127
2.4,0.66,0.8041569499831519
2.4,0.67,0.8064648496910108
2.4,0.68,0.8088876584834934
2.4,0.6900000000000001,0.8114332257317178
2.4,0.7000000000000001,0.814110283787083
2.4,0.7100000000000001,0.8169285765389194
2.4,0.72,0.8198990111520085
2.4,0.73,0.8230338380130197
2.4,0.74,0.8263468652030601
2.4,0.75,0.8298537154857198
2.4,0.76,0.83357213598796
2.4,0.77,0.8375223736384814
2.4,0.78,0.8417276332727337
2.4,0.79,0.8462146404826647
2.4,0.8,0.8510143383110654
2.4,0.81,0.8561627565359591
2.4,0.8200000000000001,0.8617021057001564
2.4,0.8300000000000001,0.8676821669273396
2.4,0.8400000000000001,0.8741620755427558
2.4,0.85,0.8812126356455124
2.4,0.86,0.888919360495882
2.4,0.87,0.8973865203007657
2.4,0.88,0.9067426119630039
2.4,0.89,0.9171478739614872
2.4,0.9,0.9288048051527272
2.4,0.91,0.9419732019334779
2.4,0.92,0.9569921784924493
2.4,0.93,0.9743133218282725
2.4,0.9400000000000001,0.994552260348591
2.4,0.9500000000000001,1.0185720246814602
2.4,0.9600000000000001,1.0476242255076393
2.4,0.97,1.083602317557879
2.4,0.98,1.1295304707010507
2.4,0.99,1.1906032318465256
2.6,0.01,0.7576164332892047
2.6,0.02,0.7570895661392257
2.6,0.03,0.7565898242120642
2.6,0.04,0.7561172522683544
2.6,0.05,0.755671907493309
2.6,0.060000000000000005,0.7552538595531374
2.6,0.06999999999999999,0.7548631906828018
2.6,0.08,0.7544999958056563
2.6,0.09,0.7541643826856465
2.6,0.09999999999999999,0.753856472112937
2.6,0.11,0.7535763981240016
2.6,0.12,0.7533243082573994
2.6,0.13,0.7531003638466596
2.6,0.14,0.7529047403518939
2.6,0.15000000000000002,0.7527376277319988
2.6,0.16,0.7525992308595295
2.6,0.17,0.7524897699805982
2.6,0.18000000000000002,0.7524094812224242
2.6,0.19,0.752358617151468
2.6,0.2,0.7523374473854141
2.6,0.21000000000000002,0.7523462592626288
2.6,0.22,0.7523853585731175
2.6,0.23,0.7524550703554421
2.6,0.24000000000000002,0.7525557397645433
2.6,0.25,0.752687733015945
2.6,0.26,0.7528514384124085
2.6,0.27,0.7530472674597526
2.6,0.28,0.7532756560792974
2.6,0.29000000000000004,0.7535370659251878
2.6,0.3,0.7538319858157598
2.6,0.31,0.7541609332891356
2.6,0.32,0.7545244562943505
2.6,0.33,0.7549231350305989
2.6,0.34,0.7553575839486142
2.6,0.35000000000000003,0.7558284539298029
2.6,0.36000000000000004,0.7563364346605722
2.6,0.37,0.7568822572213499
2.6,0.38,0.7574666969121042
2.6,0.39,0.7580905763388275
2.6,0.4,0.758754768788422
2.6,0.41000000000000003,0.7594602019228593
2.6,0.42000000000000004,0.7602078618273629
2.6,0.43,0.760998797451818
2.6,0.44,0.7618341254897059
2.6,0.45,0.7627150357447278
2.6,0.46,0.7636427970419951
2.6,0.47000000000000003,0.7646187637484432
2.6,0.48000000000000004,0.765644382976091
2.6,0.49,0.7667212025521783
2.6,0.5,0.7678508798522684
2.6,0.51,0.7690351916064896
2.6,0.52,0.7702760448054816
2.6,0.53,0.7715754888518553
2.6,0.54,0.7729357291255095
2.6,0.55,0.7743591421577414
2.6,0.56,0.7758482926404366
2.6,0.5700000000000001,0.7774059525338165
2.6,0.5800000000000001,0.7790351225803753
2.6,0.59,0.7807390565853616
2.6,0.6,0.7825212888872076
2.6,0.61,0.7843856655170842
2.6,0.62,0.7863363796381303
2.6,0.63,0.7883780119655487
2.6,0.64,0.7905155770032718
2.6,0.65,0.7927545760971921
2.6,0.66,0.7951010585065076
2.6,0.67,0.797561691943195
2.6,0.68,0.8001438443374913
2.6,0.6900000000000001,0.8028556789707105
2.6,0.7000000000000001,0.8057062655970334
2.6,0.7100000000000001,0.8087057107810478
2.6,0.72,0.8118653114449618
2.6,0.73,0.8151977365983822
2.6,0.74,0.8187172434813773
2.6,0.75,0.8224399359797205
2.6,0.76,0.8263840752951327
2.6,0.77,0.8305704556470916
2.6,0.78,0.8350228614902361
2.6,0.79,0.839768627698069
2.6,0.8,0.8448393308850747
2.6,0.81,0.8502716492348649
2.6,0.8200000000000001,0.8561084409307848
2.6,0.8300000000000001,0.8624001091298718
2.6,0.8400000000000001,0.8692063467835002
2.6,0.85,0.8765983911996024
2.6,0.86,0.8846619719046992
2.6,0.87,0.8935012154914351
2.6,0.88,0.9032438931770597
2.6,0.89,0.9140485868125916
2.6,0.9,0.9261146523011489
2.6,0.91,0.9396963568324624
2.6,0.92,0.9551234084682793
2.6,0.93,0.9728315744447661
2.6,0.9400000000000001,0.9934097882229986
2.6,0.9500000000000001,1.0176753391566307
2.6,0.9600000000000001,1.0467993138773706
2.6,0.97,1.0825275672284222
2.6,0.98,1.1275976377753305
2.6,0.99,1.1865993123449572
2.8,0.01,0.7461645785975871
2.8,0.02,0.7455961360424261
2.8,0.03,0.7450566591736167
2.8,0.04,0.7445461985078946
2.8,0.05,0.7440648177600591
2.8,0.060000000000000005,0.7436125939021659
2.8,0.06999999999999999,0.7431896172556076
2.8,0.08,0.7427959916166361
2.8,0.09,0.7424318344160595
2.8,0.09999999999999999,0.742097276914003
2.8,0.11,0.7417924644308259
2.8,0.12,0.7415175566154699
2.8,0.13,0.7412727277527201
2.8,0.14,0.7410581671110736
2.8,0.15000000000000002,0.7408740793331515
2.8,0.16,0.7407206848708285
2.8,0.17,0.7405982204675265
2.8,0.18000000000000002,0.7405069396904103
2.8,0.19,0.7404471135155359
2.8,0.2,0.7404190309693474
2.8,0.21000000000000002,0.7404229998302944
2.8,0.22,0.7404593473947448
2.8,0.23,0.7405284213118423
2.8,0.24000000000000002,0.7406305904924231
2.8,0.25,0.7407662460976935
2.8,0.26,0.7409358026139484
2.8,0.27,0.7411396990203064
2.8,0.28,0.7413784000571783
2.8,0.29000000000000004,0.7416523976040273
2.8,0.3,0.741962212175905
2.8,0.31,0.7423083945492956
2.8,0.32,0.7426915275289648
2.8,0.33,0.7431122278688134
2.8,0.34,0.74357114836121
2.8,0.35000000000000003,0.744068980110932
2.8,0.36000000000000004,0.7446064550116948
2.8,0.37,0.7451843484453694
2.8,0.38,0.7458034822263605
2.8,0.39,0.7464647278163145
2.8,0.4,0.7471690098373978
2.8,0.41000000000000003,0.7479173099158668
2.8,0.42000000000000004,0.7487106708916221
2.8,0.43,0.7495502014339943
2.8,0.44,0.7504370811091795
2.8,0.45,0.751372565950732
2.8,0.46,0.7523579945913431
2.8,0.47000000000000003,0.7533947950220509
2.8,0.48000000000000004,0.754484492054119
2.8,0.49,0.7556287155693882
2.8,0.5,0.7568292096571229
2.8,0.51,0.7580878427496196
2.8,0.52,0.7594066188854423
2.8,0.53,0.7607876902485523
2.8,0.54,0.7622333711543692
2.8,0.55,0.7637461536805522
2.8,0.56,0.7653287251718742
2.8,0.5700000000000001,0.7669839878858985
2.8,0.5800000000000001,0.7687150810905207
2.8,0.59,0.7705254059772336
2.8,0.6,0.7724186538170867
2.8,0.61,0.7743988378620267
2.8,0.62,0.7764703295854506
2.8,0.63,0.7786378999659913
2.8,0.64,0.7809067666523313
2.8,0.65,0.783282648009878
2.8,0.66,0.7857718252498401
2.8,0.67,0.7883812140869292
2.8,0.68,0.7911184476757392
2.8,0.6900000000000001,0.7939919729534877
2.8,0.7000000000000001,0.7970111629887899
2.8,0.7100000000000001,0.800186448529451
2.8,0.72,0.8035294726926219
2.8,0.73,0.807053273695805
2.8,0.74,0.8107725017512147
2.8,0.75,0.8147036778260284
2.8,0.76,0.8188655040261751
2.8,0.77,0.8232792380563073
2.8,0.78,0.8279691477733708
2.8,0.79,0.8329630666104416
2.8,0.8,0.8382930770646506
2.8,0.81,0.8439963581885239
2.8,0.8200000000000001,0.8501162450799823
2.8,0.8300000000000001,0.856703565193179
2.8,0.8400000000000001,0.8638183400958706
2.8,0.85,0.8715319754675575
2.8,0.86,0.8799301119689666
2.8,0.87,0.8891163835864174
2.8,0.88,0.8992174419959846
2.8,0.89,0.9103897785571542
2.8,0.9,0.9228291495791946
2.8,0.91,0.9367838562158992
2.8,0.92,0.9525738776592159
2.8,0.93,0.9706191535757462
2.8,0.9400000000000001,0.9914826557992048
2.8,0.9500000000000001,1.0159383280639651
2.8,0.9600000000000001,1.0450828585086187
2.8,0.97,1.0805292743468602
2.8,0.98,1.124764605062314
2.8,0.99,1.1818682882326632
3.0,0.01,0.7345153331446695
3.0,0.02,0.7339047857825562
3.0,0.03,0.7333250239631613
3.0,0.04,0.7327761046062586
3.0,0.05,0.7322580985798656
3.0,0.060000000000000005,0.7317710907618076
3.0,0.06999999999999999,0.7313151801356284
3.0,0.08,0.730890479921411
3.0,0.09,0.7304971177422849
3.0,0.09999999999999999,0.7301352358275439
3.0,0.11,0.7298049912535066
3.0,0.12,0.7295065562234505
3.0,0.13,0.7292401183881554
3.0,0.14,0.7290058812088214
3.0,0.15000000000000002,0.7288040643643648
3.0,0.16,0.7286349042053477
3.0,0.17,0.728498654257085
3.0,0.18000000000000002,0.7283955857747552
3.0,0.19,0.7283259883536892
3.0,0.2,0.7282901705983369
3.0,0.21000000000000002,0.7282884608538305
3.0,0.22,0.7283212080044568
3.0,0.23,0.7283887823438423
3.0,0.24000000000000002,0.7284915765221482
3.0,0.25,0.7286300065761546
3.0,0.26,0.7288045130487248
3.0,0.27,0.7290155622048495
3.0,0.28,0.729263647352227
3.0,0.29000000000000004,0.7295492902752073
3.0,0.3,0.7298730427918713
3.0,0.31,0.7302354884450927
3.0,0.32,0.7306372443396237
3.0,0.33,0.7310789631385762
3.0,0.34,0.7315613352341819
3.0,0.35000000000000003,0.7320850911094003
3.0,0.36000000000000004,0.7326510039088432
3.0,0.37,0.7332598922396424
3.0,0.38,0.7339126232252968
3.0,0.39,0.7346101158383086
3.0,0.4,0.7353533445405166
3.0,0.41000000000000003,0.7361433432635981
3.0,0.42000000000000004,0.7369812097662407
3.0,0.43,0.7378681104090996
3.0,0.44,0.7388052853939349
3.0,0.45,0.7397940545193575
3.0,0.46,0.7408358235125575
3.0,0.47000000000000003,0.7419320910043745
3.0,0.48000000000000004,0.74308445622429
3.0,0.49,0.7442946275025629
3.0,0.5,0.7455644316790937
3.0,0.51,0.746895824532938
3.0,0.52,0.748290902363116
3.0,0.53,0.7497519148708772
3.0,0.54,0.7512812795164562
3.0,0.55,0.7528815975502071
3.0,0.56,0.7545556719496501
3.0,0.5700000000000001,0.7563065275313535
3.0,0.5800000000000001,0.7581374335508951
3.0,0.59,0.7600519291568743
3.0,0.6,0.7620538521278557
3.0,0.61,0.7641473713964972
3.0,0.62,0.766337023955713
3.0,0.63,0.768627756851086
3.0,0.64,0.7710249750962589
3.0,0.65,0.7735345965093258
3.0,0.66,0.7761631146654032
3.0,0.67,0.7789176714027066
3.0,0.68,0.7818061406183029
3.0,0.6900000000000001,0.7848372254604263
3.0,0.7000000000000001,0.7880205714866194
3.0,0.7100000000000001,0.7913668989368863
3.0,0.72,0.7948881580028545
3.0,0.73,0.7985977119031589
3.0,0.74,0.8025105537631326
3.0,0.75,0.8066435648261314
3.0,0.76,0.8110158235073887
3.0,0.77,0.8156489773948006
3.0,0.78,0.8205676937209507
3.0,0.79,0.8258002083815303
3.0,0.8,0.8313789996902032
3.0,0.81,0.8373416213626848
3.0,0.8200000000000001,0.8437317406234376
3.0,0.8300000000000001,0.8506004431739013
3.0,0.8400000000000001,0.8580078890757445
3.0,0.85,0.8660254354793401
3.0,0.86,0.8747383883795458
3.0,0.87,0.8842496138471363
3.0,0.88,0.8946843418576962
3.0,0.89,0.9061966535148513
3.0,0.9,0.9189783902943309
3.0,0.91,0.9332716237463184
3.0,0.92,0.9493864883555327
3.0,0.93,0.9677273215522373
3.0,0.9400000000000001,0.9888320930251334
3.0,0.9500000000000001,1.013433912933116
3.0,0.9600000000000001,1.0425609099559832
3.0,0.97,1.0777065252640412
3.0,0.98,1.121138062527803
3.0,0.99,1.1765011249794732
3.2,0.01,0.7226573600502392
3.2,0.02,0.7220040754442937
3.2,0.03,0.7213833787275538
3.2,0.04,0.7207953339593728
3.2,0.05,0.7202400198749132
3.2,0.060000000000000005,0.7197175299486098
3.2,0.06999999999999999,0.7192279724933336
3.2,0.08,0.7187714707958615
3.2,0.09,0.7183481632894388
3.2,0.09999999999999999,0.7179582037644072
3.2,0.11,0.7176017616180703
3.2,0.12,0.7172790221451691
3.2,0.13,0.7169901868705651
3.2,0.14,0.7167354739259497
3.2,0.15000000000000002,0.7165151184726566
3.2,0.16,0.7163293731729077
3.2,0.17,0.7161785087121157
3.2,0.18000000000000002,0.7160628143751684
3.2,0.19,0.7159825986799598
3.2,0.2,0.7159381900717938
3.2,0.21000000000000002,0.7159299376826803
3.2,0.22,0.7159582121599884
3.2,0.23,0.7160234065693903
3.2,0.24000000000000002,0.7161259373775558
3.2,0.25,0.7162662455206473
3.2,0.26,0.7164447975652919
3.2,0.27,0.7166620869694295
3.2,0.28,0.7169186354512184
3.2,0.29000000000000004,0.7172149944750598
3.2,0.3,0.7175517468647732
3.2,0.31,0.7179295085550552
3.2,0.32,0.7183489304935584
3.2,0.33,0.7188107007073065
3.2,0.34,0.7193155465486811
3.2,0.35000000000000003,0.7198642371379412
3.2,0.36000000000000004,0.7204575860211686
3.2,0.37,0.7210964540647242
3.2,0.38,0.7217817526097561
3.2,0.39,0.7225144469131008
3.2,0.4,0.7232955599040787
3.2,0.41000000000000003,0.724126176290287
3.2,0.42000000000000004,0.725007447049577
3.2,0.43,0.7259405943500788
3.2,0.44,0.7269269169454626
3.2,0.45,0.7279677960987314
3.2,0.46,0.7290647020948545
3.2,0.47000000000000003,0.730219201410591
3.2,0.48000000000000004,0.7314329646191526
3.2,0.49,0.7327077751180746
3.2,0.5,0.7340455387810738
3.2,0.51,0.7354482946491008
3.2,0.52,0.7369182267925602
3.2,0.53,0.7384576774962428
3.2,0.54,0.7400691619414149
3.2,0.55,0.7417553845863716
3.2,0.56,0.743519257478373
3.2,0.5700000000000001,0.7453639207671869
3.2,0.5800000000000001,0.7472927657346277
3.2,0.59,0.7493094607069555
3.2,0.6,0.7514179802795184
3.2,0.61,0.7536226383578154
3.2,0.62,0.7559281256089501
3.2,0.63,0.7583395520256343
3.2,0.64,0.760862495435828
3.2,0.65,0.7635030569501603
3.2,0.66,0.7662679245334112
3.2,0.67,0.769164446124295
3.2,0.68,0.7722007140209753
3.2,0.6900000000000001,0.7753856626127023
3.2,0.7000000000000001,0.7787291819897464
3.2,0.7100000000000001,0.7822422505293063
3.2,0.72,0.7859370902670082
3.2,0.73,0.7898273497656323
3.2,0.74,0.7939283203428917
3.2,0.75,0.7982571929971604
3.2,0.76,0.8028333652807365
3.2,0.77,0.8076788098614686
3.2,0.78,0.8128185197888148
3.2,0.79,0.8182810498250964
3.2,0.8,0.8240991790211178
3.2,0.81,0.8303107275876145
3.2,0.8200000000000001,0.8369595718829255
3.2,0.8300000000000001,0.8440969162448002
3.2,0.8400000000000001,0.8517829012977775
3.2,0.85,0.8600886580910622
3.2,0.86,0.8690989603354328
3.2,0.87,0.8789156900067722
3.2,0.88,0.8896624257827155
3.2,0.89,0.9014906075176847
3.2,0.9,0.9145879543046193
3.2,0.91,0.9291901727882317
3.2,0.92,0.9455975838882201
3.2,0.93,0.9641993024675707
3.2,0.9400000000000001,0.9855093817863149
3.2,0.9500000000000001,1.010222612294663
3.2,0.9600000000000001,1.0393040252485322
3.2,0.97,1.0741392723293746
3.2,0.98,1.1168022076396191
3.2,0.99,1.1705671085600313
3.4000000000000004,0.01,0.7105786379926067
3.4000000000000004,0.02,0.7098818701728195
3.4000000000000004,0.03,0.7092194782216695
3.4000000000000004,0.04,0.7085915341762353
3.4000000000000004,0.05,0.7079981254552108
3.4000000000000004,0.060000000000000005,0.7074393549236933
3.4000000000000004,0.06999999999999999,0.7069153409949391
3.4000000000000004,0.08,0.7064262177697295
3.4000000000000004,0.09,0.7059721352141484
3.4000000000000004,0.09999999999999999,0.7055532593767897
3.4000000000000004,0.11,0.7051697726465966
3.4000000000000004,0.12,0.7048218740527586
3.4000000000000004,0.13,0.7045097796083047
3.4000000000000004,0.14,0.7042337226992811
3.4000000000000004,0.15000000000000002,0.7039939545216409
3.4000000000000004,0.16,0.7037907445682519
3.4000000000000004,0.17,0.703624381168725
3.4000000000000004,0.18000000000000002,0.7034951720850715
3.4000000000000004,0.19,0.7034034451665435
3.4000000000000004,0.2,0.7033495490673916
3.4000000000000004,0.21000000000000002,0.7033338540316665
3.4000000000000004,0.22,0.7033567527496531
3.4000000000000004,0.23,0.7034186612909965
3.4000000000000004,0.24000000000000002,0.703520020120131
3.4000000000000004,0.25,0.7036612952002118
3.4000000000000004,0.26,0.7038429791923928
3.4000000000000004,0.27,0.704065592758041
3.4000000000000004,0.28,0.7043296859722542
3.4000000000000004,0.29000000000000004,0.704635839857965
3.4000000000000004,0.3,0.7049846680509003
3.4000000000000004,0.31,0.7053768186067622
3.4000000000000004,0.32,0.7058129759632595
3.4000000000000004,0.33,0.7062938630709837
3.4000000000000004,0.34,0.70682024370869
3.4000000000000004,0.35000000000000003,0.7073929250002822
3.4000000000000004,0.36000000000000004,0.7080127601527733
3.4000000000000004,0.37,0.708680651436694
3.4000000000000004,0.38,0.7093975534329314
3.4000000000000004,0.39,0.7101644765727996
3.4000000000000004,0.4,0.7109824910013436
3.4000000000000004,0.41000000000000003,0.7118527307975162
3.4000000000000004,0.42000000000000004,0.7127763985889961
3.4000000000000004,0.43,0.7137547706041264
3.4000000000000004,0.44,0.7147892022088226
3.4000000000000004,0.45,0.71588113398246
3.4000000000000004,0.46,0.7170320983937866
3.4000000000000004,0.47000000000000003,0.7182437271460183
3.4000000000000004,0.48000000000000004,0.7195177592695976
3.4000000000000004,0.49,0.7208560500518545
3.4000000000000004,0.5,0.7222605809052703
3.4000000000000004,0.51,0.7237334702904692
3.4000000000000004,0.52,0.7252769858268623
3.4000000000000004,0.53,0.7268935577434191
3.4000000000000004,0.54,0.7285857938449107
3.4000000000000004,0.55,0.7303564961957597
3.4000000000000004,0.56,0.7322086797551234
3.4000000000000004,0.5700000000000001,0.7341455932339521
3.4000000000000004,0.5800000000000001,0.7361707424886652
3.4000000000000004,0.59,0.7382879168181521
3.4000000000000004,0.6,0.7405012185927947
3.4000000000000004,0.61,0.7428150967182203
3.4000000000000004,0.62,0.7452343845252615
3.4000000000000004,0.63,0.7477643427843709
3.4000000000000004,0.64,0.7504107086717674
3.4000000000000004,0.65,0.7531797516710809
3.4000000000000004,0.66,0.7560783375849536
3.4000000000000004,0.67,0.7591140020644034
3.4000000000000004,0.68,0.7622950353507236
3.4000000000000004,0.6900000000000001,0.7656305802793122
3.4000000000000004,0.7000000000000001,0.7691307460353525
3.4000000000000004,0.7100000000000001,0.7728067407015661
3.4000000000000004,0.72,0.7766710263295908
3.4000000000000004,0.73,0.7807375011404776
3.4000000000000004,0.74,0.7850217145716288
3.4000000000000004,0.75,0.7895411223117589
3.4000000000000004,0.76,0.7943153903031586
3.4000000000000004,0.77,0.7993667590800686
3.4000000000000004,0.78,0.8047204829445744
3.4000000000000004,0.79,0.8104053626243171
3.4000000000000004,0.8,0.8164543955868242
3.4000000000000004,0.81,0.8229055756425959
3.4000000000000004,0.8200000000000001,0.829802883633667
3.4000000000000004,0.8300000000000001,0.837197525021218
3.4000000000000004,0.8400000000000001,0.845149489759652
3.4000000000000004,0.85,0.8537295375546188
3.4000000000000004,0.86,0.8630217514192635
3.4000000000000004,0.87,0.8731268605957286
3.4000000000000004,0.88,0.8841666203765408
3.4000000000000004,0.89,0.8962896674987705
3.4000000000000004,0.9,0.9096794730914277
3.4000000000000004,0.91,0.9245653381934275
3.4000000000000004,0.92,0.941237904539696
3.4000000000000004,0.93,0.9600715427884533
3.4000000000000004,0.9400000000000001,0.9815575346446792
3.4000000000000004,0.9500000000000001,1.0063547969235498
3.4000000000000004,0.9600000000000001,1.03537031267978
3.4000000000000004,0.97,1.069892419251412
3.4000000000000004,0.98,1.1118240084832423
3.4000000000000004,0.99,1.164119491040541
3.6,0.01,0.6982664171314527
3.6,0.02,0.6975252944050782
3.6,0.03,0.6968203243403039
3.6,0.04,0.6961515879061907
3.6,0.05,0.6955191821385456
3.6,0.060000000000000005,0.6949232202053349
3.6,0.06999999999999999,0.6943638315102553
3.6,0.08,0.6938411618351212
3.6,0.09,0.6933553735219028
3.6,0.09999999999999999,0.6929066456954608
3.6,0.11,0.6924951745282187
3.6,0.12,0.692121173548243
3.6,0.13,0.6917848739924136
3.6,0.14,0.6914865252066301
3.6,0.15000000000000002,0.6912263950952356
3.6,0.16,0.6910047706221376
3.6,0.17,0.6908219583663907
3.6,0.18000000000000002,0.690678285135335
3.6,0.19,0.690574098638731
3.6,0.2,0.6905097682277124
3.6,0.21000000000000002,0.6904856857027909
3.6,0.22,0.6905022661956145
3.6,0.23,0.6905599491296518
3.6,0.24000000000000002,0.6906591992655514
3.6,0.25,0.6908005078375108
3.6,0.26,0.6909843937876582
3.6,0.27,0.6912114051061896
3.6,0.28,0.691482120285826
3.6,0.29000000000000004,0.6917971499000461
3.6,0.3,0.6921571383155788
3.6,0.31,0.6925627655507499
3.6,0.32,0.693014749292544
3.6,0.33,0.693513847086639
3.6,0.34,0.69406085871625
3.6,0.35000000000000003,0.6946566287873855
3.6,0.36000000000000004,0.6953020495401008
3.6,0.37,0.6959980639075755
3.6,0.38,0.6967456688473616
3.6,0.39,0.6975459189719969
3.6,0.4,0.6983999305094172
3.6,0.41000000000000003,0.6993088856272476
3.6,0.42000000000000004,0.7002740371592271
3.6,0.43,0.7012967137767514
3.6,0.44,0.7023783256539199
3.6,0.45,0.7035203706806644
3.6,0.46,0.7047244412855912
3.6,0.47000000000000003,0.7059922319383142
3.6,0.48000000000000004,0.7073255474103853
3.6,0.49,0.708726311884708
3.6,0.5,0.7101965790157739
3.6,0.51,0.7117385430574803
3.6,0.52,0.7133545511920525
3.6,0.53,0.7150471172130834
3.6,0.54,0.7168189367384891
3.6,0.55,0.7186729041558308
3.6,0.56,0.7206121315337427
3.6,0.5700000000000001,0.7226399697700672
3.6,0.5800000000000001,0.7247600322908024
3.6,0.59,0.726976221665547
3.6,0.6,0.7292927595664039
3.6,0.61,0.7317142205704383
3.6,0.62,0.7342455703933035
3.6,0.63,0.7368922092468297
3.6,0.64,0.73966002114024
3.6,0.65,0.7425554300983409
3.6,0.66,0.7455854644569547
3.6,0.67,0.7487578306242615
3.6,0.68,0.7520809979770758
3.6,0.6900000000000001,0.7555642969069446
3.6,0.7000000000000001,0.75921803245977
3.6,0.7100000000000001,0.7630536165472879
3.6,0.72,0.7670837223790056
3.6,0.73,0.7713224656086953
3.6,0.74,0.7757856177627719
3.6,0.75,0.7804908588894396
3.6,0.76,0.7854580781328581
3.6,0.77,0.7907097332259806
3.6,0.78,0.7962712828889417
3.6,0.79,0.8021717100668367
3.6,0.8,0.8084441591935957
3.6,0.81,0.815126717728553
3.6,0.8200000000000001,0.8222633818018817
3.6,0.8300000000000001,0.8299052589802072
3.6,0.8400000000000001,0.8381120794896377
3.6,0.85,0.8469541130671925
3.6,0.86,0.8565146255632682
3.6,0.87,0.8668930631205672
3.6,0.88,0.878209231179058
3.6,0.89,0.8906088553102995
3.6,0.9,0.9042710953532427
3.6,0.91,0.9194188753529329
3.6,0.92,0.936333363450535
3.6,0.93,0.9553747238504404
3.6,0.9400000000000001,0.9770126260505767
3.6,0.9500000000000001,1.0018724509979324
3.6,0.9600000000000001,1.0308077660453887
3.6,0.97,1.065018883133331
3.6,0.98,1.1062570373512928
3.6,0.99,1.1571994458157369
3.8,0.01,0.6857071746999822
3.8,0.02,0.6849206854557554
3.8,0.03,0.6841721176844486
3.8,0.04,0.683461562375013
3.8,0.05,0.6827891272489901
3.8,0.060000000000000005,0.682154936825712
3.8,0.06999999999999999,0.6815591325267568
3.8,0.08,0.6810018728203379
3.8,0.09,0.68048333340649
3.8,0.09999999999999999,0.6800037074441315
3.8,0.11,0.679563205821275
3.8,0.12,0.6791620574698998
3.8,0.13,0.6788005097272165
3.8,0.14,0.6784788287453097
3.8,0.15000000000000002,0.6781972999514109
3.8,0.16,0.677956228561331
3.8,0.17,0.6777559401488874
3.8,0.18000000000000002,0.6775967812744963
3.8,0.19,0.6774791201764464
3.8,0.2,0.6774033475287651
3.8,0.21000000000000002,0.6773698772700085
3.8,0.22,0.6773791475077683
3.8,0.23,0.6774316215041911
3.8,0.24000000000000002,0.6775277887483713
3.8,0.25,0.6776681661220822
3.8,0.26,0.6778532991659854
3.8,0.27,0.6780837634542146
3.8,0.28,0.6783601660860514
3.8,0.29000000000000004,0.67868314730433
3.8,0.3,0.6790533822512328
3.8,0.31,0.6794715828732714
3.8,0.32,0.679938499988529
3.8,0.33,0.6804549255306461
3.8,0.34,0.681021694985635
3.8,0.35000000000000003,0.6816396900393774
3.8,0.36000000000000004,0.6823098414556791
3.8,0.37,0.6830331322069927
3.8,0.38,0.6838106008824824
3.8,0.39,0.6846433454009436
3.8,0.4,0.6855325270593817
3.8,0.41000000000000003,0.6864793749516855
3.8,0.42000000000000004,0.6874851907960565
3.8,0.43,0.6885513542145741
3.8,0.44,0.689679328513718
3.8,0.45,0.6908706670208603
3.8,0.46,0.6921270200388072
3.8,0.47000000000000003,0.6934501424886204
3.8,0.48000000000000004,0.6948419023202744
3.8,0.49,0.6963042897814704
3.8,0.5,0.6978394276473568
3.8,0.51,0.6994495825282804
3.8,0.52,0.7011371773893805
3.8,0.53,0.7029048054352481
3.8,0.54,0.7047552455354996
3.8,0.55,0.7066914793935826
3.8,0.56,0.7087167106921767
3.8,0.5700000000000001,0.7108343864850474
3.8,0.5800000000000001,0.7130482211482747
3.8,0.59,0.7153622232547445
3.8,0.6,0.7177807257962916
3.8,0.61,0.7203084202499548
3.8,0.62,0.7229503950709902
3.8,0.63,0.725712179298676
3.8,0.64,0.7285997920855057
3.8,0.65,0.7316197991110068
3.8,0.66,0.734779377024371
3.8,0.67,0.738086387283261
3.8,0.68,0.7415494610296754
3.8,0.6900000000000001,0.7451780969805305
3.8,0.7000000000000001,0.7489827747274957
3.8,0.7100000000000001,0.7529750863592868
3.8,0.72,0.7571678899686894
3.8,0.73,0.7615754894235505
3.8,0.74,0.7662138458158134
3.8,0.75,0.7711008273221349
3.8,0.76,0.7762565059038545
3.8,0.77,0.7817035114658061
3.8,0.78,0.7874674569512764
3.8,0.79,0.7935774516084398
3.8,0.8,0.8000667246501065
3.8,0.81,0.8069733882096589
3.8,0.8200000000000001,0.8143413775407469
3.8,0.8300000000000001,0.8222216187908289
3.8,0.8400000000000001,0.830673491836769
3.8,0.85,0.8397666797599632
3.8,0.86,0.8495835308441608
3.8,0.87,0.8602221086008871
3.8,0.88,0.8718001783393168
3.8,0.89,0.8844604882667412
3.8,0.9,0.8983778706963207
3.8,0.91,0.9137689515448352
3.8,0.92,0.9309056786704638
3.8,0.93,0.9501345792568919
3.8,0.9400000000000001,0.9719048550763861
3.8,0.9500000000000001,0.9968105589838254
3.8,0.9600000000000001,1.025656072536784
3.8,0.97,1.0595619181144011
3.8,0.98,1.100144305493303
3.8,0.99,1.1498388908183055
4.0,0.01,0.6728865715663438
4.0,0.02,0.672053547688798
4.0,0.03,0.6712602093212096
4.0,0.04,0.6705066587151642
4.0,0.05,0.6697930155032354
4.0,0.060000000000000005,0.6691194167629428
4.0,0.06999999999999999,0.6684860171209769
4.0,0.08,0.6678929888983764
4.0,0.09,0.6673405222975609
4.0,0.09999999999999999,0.6668288256323218
4.0,0.11,0.6663581256020784
4.0,0.12,0.6659286676119551
4.0,0.13,0.6655407161404463
4.0,0.14,0.6651945551567162
4.0,0.15000000000000002,0.6648904885898211
4.0,0.16,0.6646288408524555
4.0,0.17,0.6644099574221162
4.0,0.18000000000000002,0.6642342054829213
4.0,0.19,0.6641019746316762
4.0,0.2,0.6640136776521841
4.0,0.21000000000000002,0.6639697513622113
4.0,0.22,0.6639706575380008
4.0,0.23,0.6640168839217323
4.0,0.24000000000000002,0.6641089453178923
4.0,0.25,0.6642473847851422
4.0,0.26,0.6644327749309531
4.0,0.27,0.6646657193170302
4.0,0.28,0.6649468539843965
4.0,0.29000000000000004,0.6652768491079218
4.0,0.3,0.6656564107911294
4.0,0.31,0.6660862830132477
4.0,0.32,0.6665672497417731
4.0,0.33,0.6671001372252209
4.0,0.34,0.6676858164823701
4.0,0.35000000000000003,0.6683252060060736
4.0,0.36000000000000004,0.6690192747017526
4.0,0.37,0.6697690450829356
4.0,0.38,0.6705755967487737
4.0,0.39,0.6714400701713429
4.0,0.4,0.6723636708238018
4.0,0.41000000000000003,0.6733476736841666
4.0,0.42000000000000004,0.6743934281536603
4.0,0.43,0.6755023634333475
4.0,0.44,0.6766759944081917
4.0,0.45,0.6779159280938832
4.0,0.46,0.6792238707088307
4.0,0.47000000000000003,0.6806016354418609
4.0,0.48000000000000004,0.6820511509954685
4.0,0.49,0.6835744709951878
4.0,0.5,0.6851737843680403
4.0,0.51,0.6868514268073126
4.0,0.52,0.6886098934575068
4.0,0.53,0.6904518529725822
4.0,0.54,0.6923801631230556
4.0,0.55,0.6943978881537635
4.0,0.56,0.6965083181248165
4.0,0.5700000000000001,0.698714990504371
4.0,0.5800000000000001,0.7010217143243933
4.0,0.59,0.7034325972608578
4.0,0.6,0.7059520760594544
4.0,0.61,0.7085849507988187
4.0,0.62,0.7113364235680055
4.0,0.63,0.7142121422364183
4.0,0.64,0.717218250116518
4.0,0.65,0.7203614424670862
4.0,0.66,0.7236490309636221
4.0,0.67,0.7270890174802702
4.0,0.68,0.730690178794123
4.0,0.6900000000000001,0.7344621641503484
4.0,0.7000000000000001,0.7384156080313218
4.0,0.7100000000000001,0.7425622609756436
4.0,0.72,0.7469151419207474
4.0,0.73,0.7514887163314997
4.0,0.74,0.756299105374113
4.0,0.75,0.7613643326629949
4.0,0.76,0.7667046167330073
4.0,0.77,0.7723427194864109
4.0,0.78,0.7783043635909196
4.0,0.79,0.7846187353817627
4.0,0.8,0.7913190945528331
4.0,0.81,0.7984435182430587
4.0,0.8200000000000001,0.8060358156541618
4.0,0.8300000000000001,0.8141466609739142
4.0,0.8400000000000001,0.8228350084466051
4.0,0.85,0.8321698759023486
4.0,0.86,0.8422326149217423
4.0,0.87,0.8531198316939446
4.0,0.88,0.8649471898017642
4.0,0.89,0.8778544263435306
4.0,0.9,0.8920120652588062
4.0,0.91,0.9076305490593468
4.0,0.92,0.9249728891168444
4.0,0.93,0.9443725572814496
4.0,0.9400000000000001,0.9662593984159249
4.0,0.9500000000000001,0.9911982055001515
4.0,0.9600000000000001,1.0199480253325972
4.0,0.97,1.0535568977490155
4.0,0.98,1.0935203869600436
4.0,0.99,1.1420625364137664
4.2,0.01,0.6597894117079511
4.2,0.02,0.658908509131919
4.2,0.03,0.6580690545051286
4.2,0.04,0.6572711627650436
4.2,0.05,0.6565149668635025
4.2,0.060000000000000005,0.6558006178281883
4.2,0.06999999999999999,0.6551282848652626
4.2,0.08,0.6544981555038855
4.2,0.09,0.6539104357835431
4.2,0.09999999999999999,0.6533653504853163
4.2,0.11,0.6528631434084367
4.2,0.12,0.6524040776937119
4.2,0.13,0.6519884361956482
4.2,0.14,0.6516165219053407
4.2,0.15000000000000002,0.6512886584264893
4.2,0.16,0.6510051905071881
4.2,0.17,0.6507664846304412
4.2,0.18000000000000002,0.6505729296667134
4.2,0.19,0.6504249375921756
4.2,0.2,0.6503229442767171
4.2,0.21000000000000002,0.6502674103462215
4.2,0.22,0.6502588221240826
4.2,0.23,0.6502976926574591
4.2,0.24000000000000002,0.6503845628343276
4.2,0.25,0.6505200025980331
4.2,0.26,0.650704612266721
4.2,0.27,0.6509390239657972
4.2,0.28,0.6512239031824115
4.2,0.29000000000000004,0.6515599504519036
4.2,0.3,0.6519479031871722
4.2,0.31,0.6523885376631117
4.2,0.32,0.6528826711695324
4.2,0.33,0.653431164347429
4.2,0.34,0.6540349237250771
4.2,0.35000000000000003,0.6546949044722328
4.2,0.36000000000000004,0.6554121133927505
4.2,0.37,0.6561876121781969
4.2,0.38,0.6570225209476099
4.2,0.39,0.6579180221014456
4.2,0.4,0.6588753645210103
4.2,0.41000000000000003,0.6598958681483921
4.2,0.42000000000000004,0.6609809289860702
4.2,0.43,0.6621320245601731
4.2,0.44,0.6633507198967559
4.2,0.45,0.6646386740666534
4.2,0.46,0.6659976473615361
4.2,0.47000000000000003,0.6674295091718735
4.2,0.48000000000000004,0.6689362466468036
4.2,0.49,0.6705199742265631
4.2,0.5,0.6721829441504585
4.2,0.51,0.6739275580575511
4.2,0.52,0.6757563798136985
4.2,0.53,0.677672149717702
4.2,0.54,0.6796778002615571
4.2,0.55,0.681776473645741
4.2,0.56,0.6839715412808784
4.2,0.5700000000000001,0.6862666255427313
4.2,0.5800000000000001,0.688665624089462
4.2,0.59,0.691172737099617
4.2,0.6,0.693792497847981
4.2,0.61,0.6965298071061617
4.2,0.62,0.6993899719379236
4.2,0.63,0.7023787495587954
4.2,0.64,0.705502397049014
4.2,0.65,0.7087677278530314
4.2,0.66,0.7121821761733843
4.2,0.67,0.7157538705790247
4.2,0.68,0.7194917184075552
4.2,0.6900000000000001,0.7234055028591196
4.2,0.7000000000000001,0.7275059950723078
4.2,0.7100000000000001,0.7318050839591762
4.2,0.72,0.7363159271833053
4.2,0.73,0.7410531274256171
4.2,0.74,0.7460329390423615
4.2,0.75,0.7512735114381309
4.2,0.76,0.7567951770341342
4.2,0.77,0.7626207937170894
4.2,0.78,0.7687761542555457
4.2,0.79,0.7752904785731981
4.2,0.8,0.7821970092587259
4.2,0.81,0.7895337366717421
4.2,0.8200000000000001,0.7973442880493119
4.2,0.8300000000000001,0.805679025957374
4.2,0.8400000000000001,0.8145964164820421
4.2,0.85,0.8241647485240701
4.2,0.86,0.8344643151744976
4.2,0.87,0.8455902106040287
4.2,0.88,0.8576559577610664
4.2,0.89,0.8707982739472909
4.2,0.9,0.885183420214968
4.2,0.91,0.901015795362817
4.2,0.92,0.9185497759333565
4.2,0.93,0.9381063588881026
4.2,0.9400000000000001,0.9600970977821303
4.2,0.9500000000000001,0.9850594525121729
4.2,0.9600000000000001,1.0137106354703136
4.2,0.97,1.0470326948274096
4.2,0.98,1.0864130278964825
4.2,0.99,1.1338893914304342
4.4,0.01,0.6463996074637387
4.4,0.02,0.6454692832912391
4.4,0.03,0.6445821710053391
4.4,0.04,0.643738399864243
4.4,0.05,0.6429381177621883
4.4,0.060000000000000005,0.6421814912868895
4.4,0.06999999999999999,0.6414687058189351
4.4,0.08,0.6407999656739007
4.4,0.09,0.6401754942881072
4.4,0.09999999999999999,0.6395955344491958
4.4,0.11,0.6390603485729052
4.4,0.12,0.6385702190276603
4.4,0.13,0.6381254485088502
4.4,0.14,0.6377263604649036
4.4,0.15000000000000002,0.6373732995775826
4.4,0.16,0.6370666322991766
4.4,0.17,0.6368067474496316
4.4,0.18000000000000002,0.6365940568769659
4.4,0.19,0.6364289961847133
4.4,0.2,0.6363120255305312
4.4,0.21000000000000002,0.6362436305005559
4.4,0.22,0.6362243230645573
4.4,0.23,0.6362546426174862
4.4,0.24000000000000002,0.6363351571135685
4.4,0.25,0.6364664642997433
4.4,0.26,0.6366491930559385
4.4,0.27,0.6368840048504423
4.4,0.28,0.6371715953194923
4.4,0.29000000000000004,0.6375126959811334
4.4,0.3,0.6379080760944599
4.4,0.31,0.6383585446765044
4.4,0.32,0.6388649526903551
4.4,0.33,0.6394281954195092
4.4,0.34,0.6400492150451067
4.4,0.35000000000000003,0.6407290034444889
4.4,0.36000000000000004,0.6414686052315669
4.4,0.37,0.6422691210617527
4.4,0.38,0.6431317112267956
4.4,0.39,0.6440575995677343
4.4,0.4,0.6450480777374668
4.4,0.41000000000000003,0.6461045098481173
4.4,0.42000000000000004,0.6472283375425718
4.4,0.43,0.6484210855343208
4.4,0.44,0.6496843676651275
4.4,0.45,0.6510198935362296
4.4,0.46,0.6524294757757949
4.4,0.47000000000000003,0.6539150380134144
4.4,0.48000000000000004,0.6554786236416416
4.4,0.49,0.6571224054551835
4.4,0.5,0.6588486962705828
4.4,0.51,0.6606599606433016
4.4,0.52,0.6625588278154464
4.4,0.53,0.6645481060462928
4.4,0.54,0.6666307984997537
4.4,0.55,0.6688101208886024
4.4,0.56,0.6710895211052289
4.4,0.5700000000000001,0.6734727011038775
4.4,0.5800000000000001,0.6759636413406285
4.4,0.59,0.6785666281261511
4.4,0.6,0.6812862843039068
4.4,0.61,0.6841276037349464
4.4,0.62,0.6870959901519722
4.4,0.63,0.6901973010427763
4.4,0.64,0.693437897340086
4.4,0.65,0.6968246998356362
4.4,0.66,0.7003652534065623
4.4,0.67,0.7040678003489398
4.4,0.68,0.7079413643655029
4.4,0.6900000000000001,0.7119958470635929
4.4,0.7000000000000001,0.7162421391999082
4.4,0.7100000000000001,0.720692249379641
4.4,0.72,0.7253594535036352
4.4,0.73,0.7302584689906785
4.4,0.74,0.7354056587254304
4.4,0.75,0.7408192708523829
4.4,0.76,0.7465197220284525
4.4,0.77,0.7525299336635874
4.4,0.78,0.7588757331597107
4.4,0.79,0.7655863353952986
4.4,0.8,0.7726949239627644
4.4,0.81,0.7802393573234144
4.4,0.8200000000000001,0.7882630326330982
4.4,0.8300000000000001,0.7968159502778761
4.4,0.8400000000000001,0.8059560362622092
4.4,0.85,0.815750799168885
4.4,0.86,0.826279425950757
4.4,0.87,0.8376354601286279
4.4,0.88,0.849930262992962
4.4,0.89,0.8632975425785178
4.4,0.9,0.8778993618523327
4.4,0.91,0.8939342323220759
4.4,0.92,0.9116482060036596
4.4,0.93,0.9313503749382187
4.4,0.9400000000000001,0.953435015187036
4.4,0.9500000000000001,0.9784140418535489
4.4,0.9600000000000001,1.006966012170552
4.4,0.97,1.0400127577319973
4.4,0.98,1.078844377599113
4.4,0.99,1.1253338834229927
4.6,0.01,0.632700154750975
4.6,0.02,0.63171864021737
4.6,0.03,0.6307821059476174
4.6,0.04,0.6298906974049847
4.6,0.05,0.6290445793031367
4.6,0.060000000000000005,0.6282439356576642
4.6,0.06999999999999999,0.6274889698802454
4.6,0.08,0.6267799049162088
4.6,0.09,0.6261169834264686
4.6,0.09999999999999999,0.6255004680150259
4.6,0.11,0.624930641503464
4.6,0.12,0.6244078072540775
4.6,0.13,0.6239322895435561
4.6,0.14,0.6235044339893864
4.6,0.15000000000000002,0.623124608031427
4.6,0.16,0.6227932014714083
4.6,0.17,0.6225106270734347
4.6,0.18000000000000002,0.6222773212289207
4.6,0.19,0.6220937446897501
4.6,0.2,0.6219603833738833
4.6,0.21000000000000002,0.6218777492480584
4.6,0.22,0.6218463812927303
4.6,0.23,0.6218668465549139
4.6,0.24000000000000002,0.6219397412951938
4.6,0.25,0.6220656922357745
4.6,0.26,0.6222453579171809
4.6,0.27,0.6224794301719665
4.6,0.28,0.6227686357246638
4.6,0.29000000000000004,0.6231137379281478
4.6,0.3,0.6235155386476435
4.6,0.31,0.6239748803047815
4.6,0.32,0.6244926480953935
4.6,0.33,0.6250697723962173
4.6,0.34,0.6257072313772754
4.6,0.35000000000000003,0.626406053838528
4.6,0.36000000000000004,0.627167322291428
4.6,0.37,0.627992176308282
4.6,0.38,0.6288818161649029
4.6,0.39,0.6298375068049193
4.6,0.4,0.6308605821573777
4.6,0.41000000000000003,0.6319524498429558
4.6,0.42000000000000004,0.6331145963082901
4.6,0.43,0.634348592432645
4.6,0.44,0.635656099656555
4.6,0.45,0.6370388766881797
4.6,0.46,0.6384987868501312
4.6,0.47000000000000003,0.6400378061375137
4.6,0.48000000000000004,0.6416580320670929
4.6,0.49,0.6433616934080252
4.6,0.5,0.6451511608966933
4.6,0.51,0.6470289590521502
4.6,0.52,0.6489977792248265
4.6,0.53,0.6510604940298524
4.6,0.54,0.6532201733380871
4.6,0.55,0.6554801020232626
4.6,0.56,0.6578437996932054
4.6,0.5700000000000001,0.6603150426677372
4.6,0.5800000000000001,0.6628978885065185
4.6,0.59,0.6655967034380091
4.6,0.6,0.6684161930973591
4.6,0.61,0.6713614370481482
4.6,0.62,0.6744379276427834
4.6,0.63,0.6776516138716774
4.6,0.64,0.681008950965586
4.6,0.65,0.684516956652847
4.6,0.66,0.6881832751392212
4.6,0.67,0.6920162500791827
4.6,0.68,0.6960250080525752
4.6,0.6900000000000001,0.7002195543603629
4.6,0.7000000000000001,0.7046108833217763
4.6,0.7100000000000001,0.7092111057106363
4.6,0.72,0.714033596534375
4.6,0.73,0.7190931670660541
4.6,0.74,0.7244062659277348
4.6,0.75,0.7299912151465139
4.6,0.76,0.7358684885338008
4.6,0.77,0.7420610415704096
4.6,0.78,0.7485947043456951
4.6,0.79,0.7554986521780745
4.6,0.8,0.7628059725859149
4.6,0.81,0.7705543526309476
4.6,0.8200000000000001,0.7787869178156317
4.6,0.8300000000000001,0.7875532633904742
4.6,0.8400000000000001,0.7969107321483649
4.6,0.85,0.8069260110703472
4.6,0.86,0.8176771448166433
4.6,0.87,0.82925610049259
4.6,0.88,0.8417720707325137
4.6,0.89,0.8553557794304497
4.6,0.9,0.8701651701384207
4.6,0.91,0.8863930339967249
4.6,0.92,0.9042774107570909
4.6,0.93,0.9241160408635426
4.6,0.9400000000000001,0.9462868817327087
4.6,0.9500000000000001,0.9712779592525339
4.6,0.9600000000000001,0.9997320628091811
4.6,0.97,1.0325159551080196
4.6,0.98,1.0708319375098665
4.6,0.99,1.116406699576819
4.800000000000001,0.01,0.6186731243363502
4.800000000000001,0.02,0.6176383927426151
4.800000000000001,0.03,0.6166504169110945
4.800000000000001,0.04,0.615709360690008
4.800000000000001,0.05,0.6148154077910866
4.800000000000001,0.060000000000000005,0.6139687618328709
4.800000000000001,0.06999999999999999,0.6131696464271713
4.800000000000001,0.08,0.6124183053094702
4.800000000000001,0.09,0.6117150025142751
4.800000000000001,0.09999999999999999,0.6110600225966506
4.800000000000001,0.11,0.610453670901375
4.800000000000001,0.12,0.6098962738814312
4.800000000000001,0.13,0.6093881794677671
4.800000000000001,0.14,0.6089297574925572
4.800000000000001,0.15000000000000002,0.6085214001684591
4.800000000000001,0.16,0.608163522626677
4.800000000000001,0.17,0.607856563516973
4.800000000000001,0.18000000000000002,0.6076009856731106
4.800000000000001,0.19,0.607397276847598
4.800000000000001,0.2,0.6072459505200236
4.800000000000001,0.21000000000000002,0.607147546783703
4.800000000000001,0.22,0.6071026333158699
4.800000000000001,0.23,0.607111806437156
4.800000000000001,0.24000000000000002,0.60717569226671
4.800000000000001,0.25,0.607294947979935
4.800000000000001,0.26,0.6074702631765366
4.800000000000001,0.27,0.6077023613673549
4.800000000000001,0.28,0.6079920015893167
4.800000000000001,0.29000000000000004,0.6083399801587832
4.800000000000001,0.3,0.6087471325746576
4.800000000000001,0.31,0.6092143355837473
4.800000000000001,0.32,0.6097425094222216
4.800000000000001,0.33,0.6103326202484367
4.800000000000001,0.34,0.6109856827840319
4.800000000000001,0.35000000000000003,0.6117027631820142
4.800000000000001,0.36000000000000004,0.6124849821425896
4.800000000000001,0.37,0.6133335182997711
4.800000000000001,0.38,0.6142496119043611
4.800000000000001,0.39,0.6152345688318009
4.800000000000001,0.4,0.6162897649466132
4.800000000000001,0.41000000000000003,0.6174166508588663
4.800000000000001,0.42000000000000004,0.618616757112223
4.800000000000001,0.43,0.6198916998478724
4.800000000000001,0.44,0.6212431869939842
4.800000000000001,0.45,0.6226730250364332
4.800000000000001,0.46,0.6241831264334745
4.800000000000001,0.47000000000000003,0.6257755177450094
4.800000000000001,0.48000000000000004,0.6274523485561474
4.800000000000001,0.49,0.6292159012852193
4.800000000000001,0.5,0.6310686019783699
4.800000000000001,0.51,0.6330130322066806
4.800000000000001,0.52,0.6350519421977295
4.800000000000001,0.53,0.6371882653519795
4.800000000000001,0.54,0.6394251343158149
4.800000000000001,0.55,0.6417658988080257
4.800000000000001,0.56,0.6442141454256439
4.800000000000001,0.5700000000000001,0.6467737196891163
4.800000000000001,0.5800000000000001,0.6494487506267699
4.800000000000001,0.59,0.6522436782455879
4.800000000000001,0.6,0.6551632842908446
4.800000000000001,0.61,0.658212726762937
4.800000000000001,0.62,0.6613975787379025
4.800000000000001,0.63,0.6647238721313228
4.800000000000001,0.64,0.6681981471568289
4.800000000000001,0.65,0.6718275083644033
4.800000000000001,0.66,0.6756196883052509
4.800000000000001,0.67,0.6795831200656373
4.800000000000001,0.68,0.6837270201500744
4.800000000000001,0.6900000000000001,0.6880614834849113
4.800000000000001,0.7000000000000001,0.692597592670246
4.800000000000001,0.7100000000000001,0.6973475440482911
4.800000000000001,0.72,0.702324793702251
4.800000000000001,0.73,0.7075442271805158
4.800000000000001,0.74,0.7130223575948762
4.800000000000001,0.75,0.718777557818972
4.800000000000001,0.76,0.7248303338820216
4.800000000000001,0.77,0.7312036484035275
4.800000000000001,0.78,0.737923305170334
4.800000000000001,0.79,0.7450184088863474
4.800000000000001,0.8,0.7525219179602644
4.800000000000001,0.81,0.7604713132626774
4.800000000000001,0.8200000000000001,0.7689094125401884
4.800000000000001,0.8300000000000001,0.7778853692768954
4.800000000000001,0.8400000000000001,0.787455907193446
4.800000000000001,0.85,0.797686858666724
4.800000000000001,0.86,0.8086550992204677
4.800000000000001,0.87,0.8204510040331187
4.800000000000001,0.88,0.8331816010006247
4.800000000000001,0.89,0.8469746659350885
4.800000000000001,0.9,0.8619841112807913
4.800000000000001,0.91,0.8783971805380845
4.800000000000001,0.92,0.8964442106136694
4.800000000000001,0.93,0.9164121230694193
4.800000000000001,0.9400000000000001,0.9386634596815533
4.800000000000001,0.9500000000000001,0.9636638873782534
4.800000000000001,0.9600000000000001,0.9920230508369348
4.800000000000001,0.97,1.0245572414944721
4.800000000000001,0.98,1.0623892969925786
4.800000000000001,0.99,1.1071154220543082
5.0,0.01,0.6042996780055232
5.0,0.02,0.6032094065197146
5.0,0.03,0.6021676756820864
5.0,0.04,0.6011746702575803
5.0,0.05,0.600230595494797
5.0,0.060000000000000005,0.5993356771582269
5.0,0.06999999999999999,0.5984901616039698
5.0,0.08,0.5976943158997691
5.0,0.09,0.59694842799039
5.0,0.09999999999999999,0.5962528069096094
5.0,0.11,0.5956077830403003
5.0,0.12,0.5950137084243619
5.0,0.13,0.5944709571244808
5.0,0.14,0.5939799256400021
5.0,0.15000000000000002,0.593541033379456
5.0,0.16,0.5931547231926265
5.0,0.17,0.592821461965341
5.0,0.18000000000000002,0.5925417412805529
5.0,0.19,0.5923160781496495
5.0,0.2,0.5921450158183491
5.0,0.21000000000000002,0.5920291246519923
5.0,0.22,0.59196900310554
5.0,0.23,0.5919652787841128
5.0,0.24000000000000002,0.5920186096005127
5.0,0.25,0.5921296850368032
5.0,0.26,0.5922992275177386
5.0,0.27,0.5925279939046201
5.0,0.28,0.5928167771190178
5.0,0.29000000000000004,0.5931664079067492
5.0,0.3,0.5935777567535836
5.0,0.31,0.5940517359652859
5.0,0.32,0.5945893019259536
5.0,0.33,0.595191457550034
5.0,0.34,0.5958592549450418
5.0,0.35000000000000003,0.5965937983038072
5.0,0.36000000000000004,0.597396247047127
5.0,0.37,0.5982678192399457
5.0,0.38,0.5992097953067745
5.0,0.39,0.6002235220749199
5.0,0.4,0.6013104171773297
5.0,0.41000000000000003,0.6024719738505374
5.0,0.42000000000000004,0.6037097661673191
5.0,0.43,0.605025454748345
5.0,0.44,0.606420793002466
5.0,0.45,0.6078976339512902
5.0,0.46,0.6094579377006162
5.0,0.47000000000000003,0.6111037796291595
5.0,0.48000000000000004,0.6128373593740036
5.0,0.49,0.614661010702536
5.0,0.5,0.6165772123724848
5.0,0.51,0.6185886000953302
5.0,0.52,0.6206979797341106
5.0,0.53,0.6229083418848937
5.0,0.54,0.6252228780123107
5.0,0.55,0.6276449983341386
5.0,0.56,0.6301783516785705
5.0,0.5700000000000001,0.6328268475713145
5.0,0.5800000000000001,0.6355946808489216
5.0,0.59,0.6384863591409119
5.0,0.6,0.6415067336177048
5.0,0.61,0.6446610334657658
5.0,0.62,0.6479549046278189
5.0,0.63,0.651394453437014
5.0,0.64,0.6549862958827634
5.0,0.65,0.6587376133765077
5.0,0.66,0.66265621604291
5.0,0.67,0.6667506147521434
5.0,0.68,0.6710301033398703
5.0,0.6900000000000001,0.6755048527432637
5.0,0.7000000000000001,0.6801860191267285
5.0,0.7100000000000001,0.6850858684963199
5.0,0.72,0.6902179208284619
5.0,0.73,0.6955971173941037
5.0,0.74,0.7012400157802261
5.0,0.75,0.7071650181444528
5.0,0.76,0.7133926395492198
5.0,0.77,0.719945824894863
5.0,0.78,0.7268503251217647
5.0,0.79,0.7341351461380893
5.0,0.8,0.7418330875691096
5.0,0.81,0.7499813932196058
5.0,0.8200000000000001,0.758622541518726
5.0,0.8300000000000001,0.7678052127848908
5.0,0.8400000000000001,0.777585481783743
5.0,0.85,0.7880283000381837
5.0,0.86,0.7992093545915666
5.0,0.87,0.811217421298646
5.0,0.88,0.8241573756389678
5.0,0.89,0.8381540894243859
5.0,0.9,0.853357538650048
5.0,0.91,0.8699495941779122
5.0,0.92,0.8881531932449911
5.0,0.93,0.9082449482567753
5.0,0.9400000000000001,0.9305728331568558
5.0,0.9500000000000001,0.9555815690086887
5.0,0.9600000000000001,0.9838500405779421
5.0,0.97,1.0161481829672403
5.0,0.98,1.0535267058305835
5.0,0.99,1.0974650097755545
5.2,0.01,0.5895601224855479
5.2,0.02,0.5884116464483189
5.2,0.03,0.5873135069624115
5.2,0.04,0.5862659126620247
5.2,0.05,0.5852690933036472
5.2,0.060000000000000005,0.5843232997837062
5.2,0.06999999999999999,0.5834288041998215
5.2,0.08,0.5825858999565007
5.2,0.09,0.5817949019163532
5.2,0.09999999999999999,0.5810561465981154
5.2,0.11,0.580369992423029
5.2,0.12,0.579736820011354
5.2,0.13,0.5791570325310669
5.2,0.14,0.5786310561010696
5.2,0.15000000000000002,0.5781593402515226
5.2,0.16,0.5777423584442455
5.2,0.17,0.5773806086564436
5.2,0.18000000000000002,0.5770746140313968
5.2,0.19,0.5768249236001302
5.2,0.2,0.5766321130785046
5.2,0.21000000000000002,0.5764967857446278
5.2,0.22,0.5764195734019852
5.2,0.23,0.5764011374342191
5.2,0.24000000000000002,0.5764421699581012
5.2,0.25,0.5765433950818725
5.2,0.26,0.576705570276853
5.2,0.27,0.5769294878709984
5.2,0.28,0.5772159766739672
5.2,0.29000000000000004,0.5775659037441924
5.2,0.3,0.5779801763095448
5.2,0.31,0.5784597438543196
5.2,0.32,0.5790056003866135
5.2,0.33,0.5796187869015932
5.2,0.34,0.5803003940577901
5.2,0.35000000000000003,0.5810515650853576
5.2,0.36000000000000004,0.5818734989472627
5.2,0.37,0.5827674537766423
5.2,0.38,0.5837347506161062
5.2,0.39,0.5847767774876351
5.2,0.4,0.5858949938249347
5.2,0.41000000000000003,0.5870909353037581
5.2,0.42000000000000004,0.588366219109809
5.2,0.43,0.5897225496884955
5.2,0.44,0.5911617250260836
5.2,0.45,0.5926856435177988
5.2,0.46,0.594296311485255
5.2,0.47000000000000003,0.5959958514133764
5.2,0.48000000000000004,0.5977865109859006
5.2,0.49,0.5996706730087454
5.2,0.5,0.6016508663222389
5.2,0.51,0.6037297778167006
5.2,0.52,0.6059102656814064
5.2,0.53,0.6081953740349324
5.2,0.54,0.6105883491057092
5.2,0.55,0.6130926571558031
5.2,0.56,0.6157120043691109
5.2,0.5700000000000001,0.6184503589580739
5.2,0.5800000000000001,0.6213119757815322
5.2,0.59,0.6243014238116175
5.2,0.6,0.6274236168408975
5.2,0.61,0.6306838478839892
5.2,0.62,0.6340878278025853
5.2,0.63,0.6376417287716981
5.2,0.64,0.6413522333110461
5.2,0.65,0.6452265897326618
5.2,0.66,0.6492726750087378
5.2,0.67,0.6534990662484713
5.2,0.68,0.6579151221967097
5.2,0.6900000000000001,0.6625310764401477
5.2,0.7000000000000001,0.6673581443408769
5.2,0.7100000000000001,0.6724086461279103
5.2,0.72,0.67769614908515
5.2,0.73,0.6832356324053807
5.2,0.74,0.6890436790687026
5.2,0.75,0.6951387000956368
5.2,0.76,0.7015411977801134
5.2,0.77,0.7082740761061765
5.2,0.78,0.715363008603166
5.2,0.79,0.7228368765452124
5.2,0.8,0.7307282938555408
5.2,0.81,0.7390742396166241
5.2,0.8200000000000001,0.7479168251101567
5.2,0.8300000000000001,0.7573042303793038
5.2,0.8400000000000001,0.7672918562295521
5.2,0.85,0.7779437525445536
5.2,0.86,0.7893344045357856
5.2,0.87,0.801550987693693
5.2,0.88,0.8146962437737013
5.2,0.89,0.8288921903785801
5.2,0.9,0.8442849655155836
5.2,0.91,0.8610512420485661
5.2,0.92,0.8794068521218052
5.2,0.93,0.899618584471053
5.2,0.9400000000000001,0.9220206394591985
5.2,0.9500000000000001,0.9470380966169313
5.2,0.9600000000000001,0.9752212509488968
5.2,0.97,1.007297372055905
5.2,0.98,1.0442515200997085
5.2,0.99,1.0874581637758023
5.4,0.01,0.5744340198549613
5.4,0.02,0.5732242778889812
5.4,0.03,0.5720666800669316
5.4,0.04,0.5709614623499163
5.4,0.05,0.5699088824943179
5.4,0.060000000000000005,0.5689092200505739
5.4,0.06999999999999999,0.5679627764053479
5.4,0.08,0.5670698748679823
5.4,0.09,0.5662308608023371
5.4,0.09999999999999999,0.5654461018053518
5.4,0.11,0.5647159879339249
5.4,0.12,0.5640409319819415
5.4,0.13,0.5634213698095591
5.4,0.14,0.5628577607271443
5.4,0.15000000000000002,0.5623505879365396
5.4,0.16,0.561900359032683
5.4,0.17,0.5615076065689121
5.4,0.18000000000000002,0.5611728886896861
5.4,0.19,0.5608967898348216
5.4,0.2,0.5606799215197902
5.4,0.21000000000000002,0.5605229231970689
5.4,0.22,0.5604264632040468
5.4,0.23,0.560391239803544
5.4,0.24000000000000002,0.5604179823235708
5.4,0.25,0.5605074524036485
5.4,0.26,0.5606604453556924
5.4,0.27,0.560877791648273
5.4,0.28,0.5611603585239303
5.4,0.29000000000000004,0.5615090517601748
5.4,0.3,0.5619248175858763
5.4,0.31,0.5624086447659108
5.4,0.32,0.5629615668682487
5.4,0.33,0.5635846647291122
5.4,0.34,0.5642790691334496
5.4,0.35000000000000003,0.5650459637297842
5.4,0.36000000000000004,0.5658865882005012
5.4,0.37,0.5668022417109002
5.4,0.38,0.5677942866628813
5.4,0.39,0.5688641527819595
5.4,0.4,0.570013341569525
5.4,0.41000000000000003,0.5712434311558635
5.4,0.42000000000000004,0.5725560815935394
5.4,0.43,0.5739530406353485
5.4,0.44,0.5754361500462881
5.4,0.45,0.5770073525049277
5.4,0.46,0.5786686991563302
5.4,0.47000000000000003,0.5804223578863652
5.4,0.48000000000000004,0.5822706223960913
5.4,0.49,0.5842159221649311
5.4,0.5,0.5862608334029535
5.4,0.51,0.5884080911058662
5.4,0.52,0.5906606023416384
5.4,0.53,0.5930214609153894
5.4,0.54,0.5954939635796522
5.4,0.55,0.5980816279809237
5.4,0.56,0.6007882125610835
5.4,0.5700000000000001,0.6036177386645702
5.4,0.5800000000000001,0.6065745151399861
5.4,0.59,0.6096631657691547
5.4,0.6,0.6128886599088373
5.4,0.61,0.6162563467919415
5.4,0.62,0.6197719940080153
5.4,0.63,0.623441830769553
5.4,0.64,0.6272725966740581
5.4,0.65,0.6312715967955749
5.4,0.66,0.6354467640881325
5.4,0.67,0.639806730262916
5.4,0.68,0.644360906518281
5.4,0.6900000000000001,0.6491195757660442
5.4,0.7000000000000001,0.6540939983205738
5.4,0.7100000000000001,0.6592965334138906
5.4,0.72,0.6647407793896584
5.4,0.73,0.6704417360364608
5.4,0.74,0.6764159932788185
5.4,0.75,0.6826819513958317
5.4,0.76,0.6892600791389989
5.4,0.77,0.6961732176484642
5.4,0.78,0.7034469400228587
5.4,0.79,0.7111099789207227
5.4,0.8,0.719194737851445
5.4,0.81,0.7277379061141721
5.4,0.8200000000000001,0.7367812030329774
5.4,0.8300000000000001,0.746372284737946
5.4,0.8400000000000001,0.7565658570031659
5.4,0.85,0.7674250516612868
5.4,0.86,0.7790231434721773
5.4,0.87,0.7914457114274411
5.4,0.88,0.8047933869704413
5.4,0.89,0.8191853871552459
5.4,0.9,0.8347641122928541
5.4,0.91,0.851701209578757
5.4,0.92,0.8702056904687651
5.4,0.93,0.8905349808294776
5.4,0.9400000000000001,0.9130102503982946
5.4,0.9500000000000001,0.9380381410377286
5.4,0.9600000000000001,0.9661423350186082
5.4,0.97,0.9980107540582747
5.4,0.98,1.0345685486080167
5.4,0.99,1.0770956030071155
5.6,0.01,0.5589003818677202
5.6,0.02,0.5576258496767109
5.6,0.03,0.556405280163933
5.6,0.04,0.5552389406833219
5.6,0.05,0.5541271211136555
5.6,0.060000000000000005,0.5530701338331804
5.6,0.06999999999999999,0.5520683137370301
5.6,0.08,0.5511220182983486
5.6,0.09,0.5502316276742637
5.6,0.09999999999999999,0.5493975448581089
5.6,0.11,0.5486201958795289
5.6,0.12,0.5479000300543705
5.6,0.13,0.5472375202865355
5.6,0.14,0.54663316342426
5.6,0.15000000000000002,0.5460874806735967
5.6,0.16,0.5456010180721886
5.6,0.17,0.5451743470267907
5.6,0.18000000000000002,0.5448080649183517
5.6,0.19,0.544502795778878
5.6,0.2,0.5442591910447367
5.6,0.21000000000000002,0.5440779303915106
5.6,0.22,0.543959722656044
5.6,0.23,0.5439053068518528
5.6,0.24000000000000002,0.5439154532846855
5.6,0.25,0.5439909647756774
5.6,0.26,0.5441326780002621
5.6,0.27,0.544341464951792
5.6,0.28,0.544618234539698
5.6,0.29000000000000004,0.5449639343329757
5.6,0.3,0.5453795524608429
5.6,0.31,0.5458661196835985
5.6,0.32,0.5464247116480038
5.6,0.33,0.5470564513429619
5.6,0.34,0.5477625117728798
5.6,0.35000000000000003,0.5485441188678924
5.6,0.36000000000000004,0.5494025546521359
5.6,0.37,0.5503391606935006
5.6,0.38,0.5513553418608056
5.6,0.39,0.5524525704171727
5.6,0.4,0.5536323904815409
5.6,0.41000000000000003,0.554896422893852
5.6,0.42000000000000004,0.5562463705234697
5.6,0.43,0.5576840240649806
5.6,0.44,0.5592112683706789
5.6,0.45,0.5608300893749355
5.6,0.46,0.5625425816723184
5.6,0.47000000000000003,0.5643509568189614
5.6,0.48000000000000004,0.5662575524353536
5.6,0.49,0.5682648421986902
5.6,0.5,0.5703754468243101
5.6,0.51,0.5725921461488649
5.6,0.52,0.5749178924429412
5.6,0.53,0.577355825098286
5.6,0.54,0.5799092868549192
5.6,0.55,0.5825818417568136
5.6,0.56,0.5853772950519642
5.6,0.5700000000000001,0.588299715284386
5.6,0.5800000000000001,0.5913534588625854
5.6,0.59,0.5945431974324948
5.6,0.6,0.5978739484339015
5.6,0.61,0.6013511092796205
5.6,0.62,0.604980495667913
5.6,0.63,0.6087683846232158
5.6,0.64,0.6127215629610168
5.6,0.65,0.6168473819931403
5.6,0.66,0.621153819434264
5.6,0.67,0.6256495496446244
5.6,0.68,0.6303440235545288
5.6,0.6900000000000001,0.6352475598722316
5.6,0.7000000000000001,0.640371449489104
5.6,0.7100000000000001,0.6457280753790432
5.6,0.72,0.6513310507611161
5.6,0.73,0.6571953788791856
5.6,0.74,0.6633376384807154
5.6,0.75,0.6697761999896464
5.6,0.76,0.6765314785188878
5.6,0.77,0.6836262313280321
5.6,0.78,0.6910859091975106
5.6,0.79,0.698939073591621
5.6,0.8,0.7072178945978137
5.6,0.81,0.7159587487040865
5.6,0.8200000000000001,0.725202940853668
5.6,0.8300000000000001,0.7349975823807691
5.6,0.8400000000000001,0.7453966660754343
5.6,0.85,0.7564623927515192
5.6,0.86,0.7682668217704601
5.6,0.87,0.7808939431970773
5.6,0.88,0.7944423049529425
5.6,0.89,0.8090283796098193
5.6,0.9,0.824790930384912
5.6,0.91,0.8418967474032067
5.6,0.92,0.8605482946713123
5.6,0.93,0.8809940714191983
5.6,0.9400000000000001,0.9035429110362083
5.6,0.9500000000000001,0.9285841291019948
5.6,0.9600000000000001,0.9566165984810214
5.6,0.97,0.9882918816140498
5.6,0.98,1.0244803202652935
5.6,0.99,1.0663762702349666
5.800000000000001,0.01,0.5429379885775436
5.800000000000001,0.02,0.5415945988180251
5.800000000000001,0.03,0.5403069983738916
5.800000000000001,0.04,0.5390754907918993
5.800000000000001,0.05,0.5379004029610408
5.800000000000001,0.060000000000000005,0.5367820850566138
5.800000000000001,0.06999999999999999,0.5357209105259028
5.800000000000001,0.08,0.5347172761164392
5.800000000000001,0.09,0.5337716019480254
5.800000000000001,0.09999999999999999,0.5328843316299758
5.800000000000001,0.11,0.5320559324252747
5.800000000000001,0.12,0.5312868954636245
5.800000000000001,0.13,0.5305777360056482
5.800000000000001,0.14,0.5299289937607984
5.800000000000001,0.15000000000000002,0.5293412332618511
5.800000000000001,0.16,0.5288150442991902
5.800000000000001,0.17,0.5283510424184503
5.800000000000001,0.18000000000000002,0.5279498694854683
5.800000000000001,0.19,0.5276121943229026
5.800000000000001,0.2,0.5273387134233168
5.800000000000001,0.21000000000000002,0.5271301517440135
5.800000000000001,0.22,0.5269872635893974
5.800000000000001,0.23,0.5269108335872323
5.800000000000001,0.24000000000000002,0.526901677765744
5.800000000000001,0.25,0.5269606447391973
5.800000000000001,0.26,0.5270886170102937
5.800000000000001,0.27,0.5272865123985409
5.800000000000001,0.28,0.5275552856046092
5.800000000000001,0.29000000000000004,0.5278959299216585
5.800000000000001,0.3,0.5283094791056768
5.800000000000001,0.31,0.528797009418048
5.800000000000001,0.32,0.5293596418548606
5.800000000000001,0.33,0.5299985445789132
5.800000000000001,0.34,0.5307149355719734
5.800000000000001,0.35000000000000003,0.5315100855266358
5.800000000000001,0.36000000000000004,0.5323853209991085
5.800000000000001,0.37,0.5333420278464924
5.800000000000001,0.38,0.5343816549746059
5.800000000000001,0.39,0.5355057184252133
5.800000000000001,0.4,0.5367158058346481
5.800000000000001,0.41000000000000003,0.5380135812993853
5.800000000000001,0.42000000000000004,0.5394007906880892
5.800000000000001,0.43,0.5408792674442072
5.800000000000001,0.44,0.5424509389282697
5.800000000000001,0.45,0.5441178333548832
5.800000000000001,0.46,0.5458820873859821
5.800000000000001,0.47000000000000003,0.5477459544494309
5.800000000000001,0.48000000000000004,0.5497118138606318
5.800000000000001,0.49,0.5517821808346048
5.800000000000001,0.5,0.5539597174872317
5.800000000000001,0.51,0.5562472449372615
5.800000000000001,0.52,0.558647756635515
5.800000000000001,0.53,0.5611644330648532
5.800000000000001,0.54,0.5638006579742629
5.800000000000001,0.55,0.5665600363333736
5.800000000000001,0.56,0.5694464142203546
5.800000000000001,0.5700000000000001,0.5724639008872251
5.800000000000001,0.5800000000000001,0.5756168932828662
5.800000000000001,0.59,0.5789101033565176
5.800000000000001,0.6,0.5823485885144754
5.800000000000001,0.61,0.5859377856615013
5.800000000000001,0.62,0.5896835493280055
5.800000000000001,0.63,0.5935921944664958
5.800000000000001,0.64,0.5976705445989121
5.800000000000001,0.65,0.6019259861136304
5.800000000000001,0.66,0.606366529651368
5.800000000000001,0.67,0.6110008796882147
5.800000000000001,0.68,0.6158385136282223
5.800000000000001,0.6900000000000001,0.6208897719657268
5.800000000000001,0.7000000000000001,0.6261659613795579
5.800000000000001,0.7100000000000001,0.6316794729910589
5.800000000000001,0.72,0.6374439184728489
5.800000000000001,0.73,0.6434742872580943
5.800000000000001,0.74,0.6497871288000238
5.800000000000001,0.75,0.6564007647070088
5.800000000000001,0.76,0.6633355366804021
5.800000000000001,0.77,0.6706140975779614
5.800000000000001,0.78,0.6782617547054288
5.800000000000001,0.79,0.6863068767248773
5.800000000000001,0.8,0.6947813785275048
5.800000000000001,0.81,0.7037213022802211
5.800000000000001,0.8200000000000001,0.7131675179393915
5.800000000000001,0.8300000000000001,0.7231665732812768
5.800000000000001,0.8400000000000001,0.733771732567937
5.800000000000001,0.85,0.7450442552739704
5.800000000000001,0.86,0.7570549831954204
5.800000000000001,0.87,0.769886327754336
5.800000000000001,0.88,0.7836347824279396
5.800000000000001,0.89,0.7984141326171931
5.800000000000001,0.9,0.8143596041966651
5.800000000000001,0.91,0.8316332940733284
5.800000000000001,0.92,0.8504313803208989
5.800000000000001,0.93,0.8709938477077718
5.800000000000001,0.9400000000000001,0.8936178416764873
5.800000000000001,0.9500000000000001,0.9186763779935421
5.800000000000001,0.9600000000000001,0.9466451672003651
5.800000000000001,0.97,0.9781421104788354
5.800000000000001,0.98,1.0139872877598892
5.800000000000001,0.99,1.055297482542034
6.0,0.01,0.5265258911623177
6.0,0.02,0.5251089361818444
6.0,0.03,0.5237495993490773
6.0,0.04,0.5224482260898133
6.0,0.05,0.5212051861216477
6.0,0.060000000000000005,0.5200208733597407
6.0,0.06999999999999999,0.5188957058622574
6.0,0.08,0.517830125816467
6.0,0.09,0.5168245995667455
6.0,0.09999999999999999,0.5158796176859863
6.0,0.11,0.5149956950921978
6.0,0.12,0.514173371212349
6.0,0.13,0.5134132101958185
6.0,0.14,0.512715801180128
6.0,0.15000000000000002,0.5120817586119474
6.0,0.16,0.5115117226267364
6.0,0.17,0.5110063594907346
6.0,0.18000000000000002,0.5105663621094226
6.0,0.19,0.5101924506069936
6.0,0.2,0.5098853729818281
6.0,0.21000000000000002,0.5096459058434616
6.0,0.22,0.509474855237045
6.0,0.23,0.5093730575618842
6.0,0.24000000000000002,0.5093413805912591
6.0,0.25,0.5093807246013833
6.0,0.26,0.5094920236181146
6.0,0.27,0.5096762467908199
6.0,0.28,0.5099343999036694
6.0,0.29000000000000004,0.5102675270356196
6.0,0.3,0.5106767123813704
6.0,0.31,0.5111630822467946
6.0,0.32,0.5117278072335962
6.0,0.33,0.512372104629404
6.0,0.34,0.5130972410210963
6.0,0.35000000000000003,0.5139045351509283
6.0,0.36000000000000004,0.5147953610369892
6.0,0.37,0.5157711513817449
6.0,0.38,0.5168334012948751
6.0,0.39,0.5179836723593805
6.0,0.4,0.5192235970730505
6.0,0.41000000000000003,0.5205548837008767
6.0,0.42000000000000004,0.5219793215779372
6.0,0.43,0.5234987869067516
6.0,0.44,0.5251152490981228
6.0,0.45,0.5268307777102315
6.0,0.46,0.5286475500472322
6.0,0.47000000000000003,0.5305678594859988
6.0,0.48000000000000004,0.5325941246081278
6.0,0.49,0.5347288992239234
6.0,0.5,0.536974883386173
6.0,0.51,0.5393349355041733
6.0,0.52,0.5418120856830815
6.0,0.53,0.5444095504304582
6.0,0.54,0.5471307488913287
6.0,0.55,0.5499793207955644
6.0,0.56,0.552959146327556
6.0,0.5700000000000001,0.5560743681585348
6.0,0.5800000000000001,0.5593294159174458
6.0,0.59,0.5627290334177969
6.0,0.6,0.5662783090067233
6.0,0.61,0.569982709459916
6.0,0.62,0.5738481179138841
6.0,0.63,0.5778808764073824
6.0,0.64,0.5820878336993381
6.0,0.65,0.5864763991445591
6.0,0.66,0.5910546035449428
6.0,0.67,0.5958311680578703
6.0,0.68,0.6008155824413598
6.0,0.6900000000000001,0.6060181941553606
6.0,0.7000000000000001,0.6114503101304454
6.0,0.7100000000000001,0.6171243133721057
6.0,0.72,0.6230537970074385
6.0,0.73,0.6292537189227162
6.0,0.74,0.6357405808129819
6.0,0.75,0.6425326363048324
6.0,0.76,0.6496501338688422
6.0,0.77,0.657115601572325
6.0,0.78,0.664954182421305
6.0,0.79,0.6731940312175243
6.0,0.8,0.6818667866681117
6.0,0.81,0.6910081361468643
6.0,0.8200000000000001,0.7006584953147894
6.0,0.8300000000000001,0.7108638311816454
6.0,0.8400000000000001,0.7216766657233779
6.0,0.85,0.7331573087158839
6.0,0.86,0.7453753842472207
6.0,0.87,0.7584117372671595
6.0,0.88,0.7723608372873264
6.0,0.89,0.7873338401783231
6.0,0.9,0.8034625324944463
6.0,0.91,0.8209044763355837
6.0,0.92,0.839849813402974
6.0,0.93,0.8605304029006308
6.0,0.9400000000000001,0.8832323077146845
6.0,0.9500000000000001,0.9083131924344481
6.0,0.9600000000000001,0.936227111764567
6.0,0.97,0.9675607464951533
6.0,0.98,1.0030879792438583
6.0,0.99,1.043855037248607
6.2,0.01,0.5096441885315622
6.2,0.02,0.508148202121018
6.2,0.03,0.506711654475583
6.2,0.04,0.5053349396539553
6.2,0.05,0.5040184771516767
6.2,0.060000000000000005,0.5027627117594503
6.2,0.06999999999999999,0.5015681134580788
6.2,0.08,0.5004351773510411
6.2,0.09,0.49936442363598765
6.2,0.09999999999999999,0.49835639761672895
6.2,0.11,0.4974116697575739
6.2,0.12,0.4965308357821756
6.2,0.13,0.49571451681937057
6.2,0.14,0.4949633595988157
6.2,0.15000000000000002,0.49427803669959547
6.2,0.16,0.4936592468553255
6.2,0.17,0.4931077153196785
6.2,0.18000000000000002,0.49262419429667653
6.2,0.19,0.492209463440532
6.2,0.2,0.4918643304302944
6.2,0.21000000000000002,0.49158963162507446
6.2,0.22,0.49138623280614324
6.2,0.23,0.4912550300128156
6.2,0.24000000000000002,0.49119695047963896
6.2,0.25,0.4912129536831023
6.2,0.26,0.4913040325068296
6.2,0.27,0.4914712145350194
6.2,0.28,0.49171556348479234
6.2,0.29000000000000004,0.49203818078906014
6.2,0.3,0.4924402073426036
6.2,0.31,0.49292282542520655
6.2,0.32,0.49348726081699323
6.2,0.33,0.4941347851225182
6.2,0.34,0.4948667183217612
6.2,0.35000000000000003,0.4956844315679156
6.2,0.36000000000000004,0.4965893502538085
6.2,0.37,0.4975829573709854
6.2,0.38,0.4986667971878963
6.2,0.39,0.4998424792763755
6.2,0.4,0.5011116829186519
6.2,0.41000000000000003,0.5024761619305672
6.2,0.42000000000000004,0.5039377499405808
6.2,0.43,0.5054983661684933
6.2,0.44,0.5071600217528163
6.2,0.45,0.5089248266813062
6.2,0.46,0.5107949973855994
6.2,0.47000000000000003,0.5127728650681325
6.2,0.48000000000000004,0.5148608848378476
6.2,0.49,0.5170616457406354
6.2,0.5,0.519377881781348
6.2,0.51,0.521812484046633
6.2,0.52,0.5243685140521864
6.2,0.53,0.527049218454492
6.2,0.54,0.5298580452861967
6.2,0.55,0.5327986618963017
6.2,0.56,0.5358749748019662
6.2,0.5700000000000001,0.5390911516884975
6.2,0.5800000000000001,0.5424516458288283
6.2,0.59,0.5459612232344148
6.2,0.6,0.5496249928971363
6.2,0.61,0.553448440537824
6.2,0.62,0.5574374663431783
6.2,0.63,0.5615984272511035
6.2,0.64,0.5659381844374686
6.2,0.65,0.5704641567680604
6.2,0.66,0.5751843811120104
6.2,0.67,0.5801075805720538
6.2,0.68,0.5852432418787181
6.2,0.6900000000000001,0.5906017034276116
6.2,0.7000000000000001,0.5961942557211187
6.2,0.7100000000000001,0.6020332563203306
6.2,0.72,0.6081322618357917
6.2,0.73,0.6145061800070452
6.2,0.74,0.6211714455673722
6.2,0.75,0.6281462243961069
6.2,0.76,0.6354506514717384
6.2,0.77,0.6431071094147712
6.2,0.78,0.6511405560300505
6.2,0.79,0.6595789113318392
6.2,0.8,0.6684535172076923
6.2,0.81,0.677799686349791
6.2,0.8200000000000001,0.6876573616326049
6.2,0.8300000000000001,0.698071913132301
6.2,0.8400000000000001,0.7090951080164188
6.2,0.85,0.7207862993705496
6.2,0.86,0.7332138948172096
6.2,0.87,0.746457186207567
6.2,0.88,0.7606086502527875
6.2,0.89,0.7757768705475383
6.2,0.9,0.7920902899719174
6.2,0.91,0.8097020883418168
6.2,0.92,0.8287966086027133
6.2,0.93,0.8495979509748826
6.2,0.9400000000000001,0.8723816610197237
6.2,0.9500000000000001,0.8974909295340829
6.2,0.9600000000000001,0.9253595352835557
6.2,0.97,0.9565451515329356
6.2,0.98,0.9917791069944286
6.2,0.99,1.0320432813642038
6.4,0.01,0.49227521294556287
6.4,0.02,0.49069382664424577
6.4,0.03,0.48917367448182164
6.4,0.04,0.48771520718172584
6.4,0.05,0.48631890233591335
6.4,0.060000000000000005,0.4849852642052349
6.4,0.06999999999999999,0.4837148235518076
6.4,0.08,0.4825081375043982
6.4,0.09,0.4813657894581302
6.4,0.09999999999999999,0.48028838901013643
6.4,0.11,0.4792765719330965
6.4,0.12,0.4783310001889278
6.4,0.13,0.4774523619852556
6.4,0.14,0.476641371877643
6.4,0.15000000000000002,0.47589877092094485
6.4,0.16,0.4752253268735627
6.4,0.17,0.4746218344587835
6.4,0.18000000000000002,0.4740891156878539
6.4,0.19,0.47362802024990436
6.4,0.2,0.4732394259743419
6.4,0.21000000000000002,0.4729242393718779
6.4,0.22,0.4726833962609199
6.4,0.23,0.47251786248667366
6.4,0.24000000000000002,0.4724286347409658
6.4,0.25,0.4724167414914922
6.4,0.26,0.4724832440299748
6.4,0.27,0.47262923764952436
6.4,0.28,0.4728558529624169
6.4,0.29000000000000004,0.4731642573704498
6.4,0.3,0.47355565670112265
6.4,0.31,0.4740312970240575
6.4,0.32,0.47459246666333377
6.4,0.33,0.47524049842285676
6.4,0.34,0.4759767720434053
6.4,0.35000000000000003,0.47680271691176296
6.4,0.36000000000000004,0.4777198150442284
6.4,0.37,0.4787296043689634
6.4,0.38,0.47983368233401114
6.4,0.39,0.48103370987048877
6.4,0.4,0.48233141574346555
6.4,0.41000000000000003,0.48372860132640755
6.4,0.42000000000000004,0.4852271458388586
6.4,0.43,0.4868290120913433
6.4,0.44,0.4885362527863029
6.4,0.45,0.490351017429409
6.4,0.46,0.4922755599118447
6.4,0.47000000000000003,0.494312246831258
6.4,0.48000000000000004,0.4964635666272357
6.4,0.49,0.49873213961640517
6.4,0.5,0.5011207290229219
6.4,0.51,0.5036322531122867
6.4,0.52,0.5062697985504685
6.4,0.53,0.5090366351264534
6.4,0.54,0.5119362319950176
6.4,0.55,0.5149722756180999
6.4,0.56,0.5181486896082037
6.4,0.5700000000000001,0.5214696567063913
6.4,0.5800000000000001,0.5249396431613733
6.4,0.59,0.5285634258159089
6.4,0.6,0.5323461222532324
6.4,0.61,0.5362932244109063
6.4,0.62,0.5404106361339737
6.4,0.63,0.5447047152155018
6.4,0.64,0.5491823205630806
6.4,0.65,0.5538508652375134
6.4,0.66,0.5587183762386142
6.4,0.67,0.5637935620673261
6.4,0.68,0.5690858892791575
6.4,0.6900000000000001,0.5746056694685215
6.4,0.7000000000000001,0.5803641583962397
6.4,0.7100000000000001,0.5863736693050403
6.4,0.72,0.5926477028753773
6.4,0.73,0.5992010967757774
6.4,0.74,0.6060501983831873
6.4,0.75,0.6132130650222353
6.4,0.76,0.6207096970407008
6.4,0.77,0.6285623102585833
6.4,0.78,0.6367956558753517
6.4,0.79,0.64543739789563
6.4,0.8,0.6545185606749993
6.4,0.81,0.6640740624824552
6.4,0.8200000000000001,0.67414335528352
6.4,0.8300000000000001,0.6847711966297831
6.4,0.8400000000000001,0.696008587107116
6.4,0.85,0.7079139169751875
6.4,0.86,0.7205543794804496
6.4,0.87,0.7340077273921617
6.4,0.88,0.7483644759040448
6.4,0.89,0.7637306926581822
6.4,0.9,0.7802315696731659
6.4,0.91,0.7980160508711681
6.4,0.92,0.817262906315512
6.4,0.93,0.8381888225903038
6.4,0.9400000000000001,0.8610593557976692
6.4,0.9500000000000001,0.8862040351674388
6.4,0.9600000000000001,0.9140376293757477
6.4,0.97,0.9450908144918019
6.4,0.98,0.9800556399807775
6.4,0.99,1.019855150712366
6.6000000000000005,0.01,0.47440533084694686
6.6000000000000005,0.02,0.47273110000256235
6.6000000000000005,0.03,0.47111984663340056
6.6000000000000005,0.04,0.46957208766869357
6.6000000000000005,0.05,0.4680883687566228
6.6000000000000005,0.060000000000000005,0.46666926399543207
6.6000000000000005,0.06999999999999999,0.46531537568963666
6.6000000000000005,0.08,0.46402733413229574
6.6000000000000005,0.09,0.4628057974146314
6.6000000000000005,0.09999999999999999,0.46165145126464285
6.6000000000000005,0.11,0.46056500891670554
6.6000000000000005,0.12,0.4595472110145399
6.6000000000000005,0.13,0.4585988255503182
6.6000000000000005,0.14,0.45772064784309563
6.6000000000000005,0.15000000000000002,0.45691350056017527
6.6000000000000005,0.16,0.45617823378549016
6.6000000000000005,0.17,0.4555157251395384
6.6000000000000005,0.18000000000000002,0.4549268799559268
6.6000000000000005,0.19,0.4544126315200946
6.6000000000000005,0.2,0.45397394137635616
6.6000000000000005,0.21000000000000002,0.45361179970997967
6.6000000000000005,0.22,0.45332722581164225
6.6000000000000005,0.23,0.45312126863227165
6.6000000000000005,0.24000000000000002,0.4529950074369695
6.6000000000000005,0.25,0.4529495525674725
6.6000000000000005,0.26,0.45298604632339784
6.6000000000000005,0.27,0.45310566397337443
6.6000000000000005,0.28,0.45330961490809224
6.6000000000000005,0.29000000000000004,0.45359914394827716
6.6000000000000005,0.3,0.45397553282169484
6.6000000000000005,0.31,0.45444010182443806
6.6000000000000005,0.32,0.4549942116830407
6.6000000000000005,0.33,0.4556392656353515
6.6000000000000005,0.34,0.4563767117496419
6.6000000000000005,0.35000000000000003,0.45720804550311384
6.6000000000000005,0.36000000000000004,0.45813481264284756
6.6000000000000005,0.37,0.45915861235432354
6.6000000000000005,0.38,0.46028110076496653
6.6000000000000005,0.39,0.46150399481275634
6.6000000000000005,0.4,0.4628290765128802
6.6000000000000005,0.41000000000000003,0.4642581976586422
6.6000000000000005,0.42000000000000004,0.4657932849965746
6.6000000000000005,0.43,0.4674363459198263
6.6000000000000005,0.44,0.46918947472865496
6.6000000000000005,0.45,0.47105485951217785
6.6000000000000005,0.46,0.47303478971165125
6.6000000000000005,0.47000000000000003,0.4751316644324608
6.6000000000000005,0.48000000000000004,0.47734800157993873
6.6000000000000005,0.49,0.4796864479031788
6.6000000000000005,0.5,0.48214979004138975
6.6000000000000005,0.51,0.48474096667924266
6.6000000000000005,0.52,0.48746308193137233
6.6000000000000005,0.53,0.49031942009197915
6.6000000000000005,0.54,0.4933134619037232
6.6000000000000005,0.55,0.49644890252119306
6.6000000000000005,0.56,0.4997296713687428
6.6000000000000005,0.5700000000000001,0.5031599541209152
6.6000000000000005,0.5800000000000001,0.5067442170668774
6.6000000000000005,0.59,0.5104872341590158
6.6000000000000005,0.6,0.5143941170912639
6.6000000000000005,0.61,0.518470348806031
6.6000000000000005,0.62,0.5227218208914517
6.6000000000000005,0.63,0.5271548754048899
6.6000000000000005,0.64,0.53177635174665
6.6000000000000005,0.65,0.5365936393125093
6.6000000000000005,0.66,0.5416147367786313
6.6000000000000005,0.67,0.5468483190220846
6.6000000000000005,0.68,0.5523038128602082
6.6000000000000005,0.6900000000000001,0.5579914830093909
6.6000000000000005,0.7000000000000001,0.5639225299274191
6.6000000000000005,0.7100000000000001,0.5701092015245433
6.6000000000000005,0.72,0.5765649211212914
6.6000000000000005,0.73,0.5833044345141495
6.6000000000000005,0.74,0.5903439796074552
6.6000000000000005,0.75,0.5977014828121276
6.6000000000000005,0.76,0.6053967873397883
6.6000000000000005,0.77,0.6134519196879222
6.6000000000000005,0.78,0.6218914020890957
6.6000000000000005,0.79,0.6307426205802017
6.6000000000000005,0.8,0.6400362607650419
6.6000000000000005,0.81,0.6498068264709514
6.6000000000000005,0.8200000000000001,0.6600932605795796
6.6000000000000005,0.8300000000000001,0.6709396926801489
6.6000000000000005,0.8400000000000001,0.6823963453242522
6.6000000000000005,0.85,0.6945206402294716
6.6000000000000005,0.86,0.7073785587579148
6.6000000000000005,0.87,0.7210463288085476
6.6000000000000005,0.88,0.7356125350212853
6.6000000000000005,0.89,0.7511807840823741
6.6000000000000005,0.9,0.7678731068351323
6.6000000000000005,0.91,0.78583435148898
6.6000000000000005,0.92,0.8052379297066115
6.6000000000000005,0.93,0.8262934397181078
6.6000000000000005,0.9400000000000001,0.849256941374853
6.6000000000000005,0.9500000000000001,0.8744450550338403
6.6000000000000005,0.9600000000000001,0.9022547023201044
6.6000000000000005,0.97,0.9331913921996111
6.6000000000000005,0.98,0.9679108457486687
6.6000000000000005,0.99,1.0072821834267582
6.800000000000001,0.01,0.45602767666310073
6.800000000000001,0.02,0.4542518719183194
6.800000000000001,0.03,0.4525406946777589
6.800000000000001,0.04,0.4508947393535011
6.800000000000001,0.05,0.4493146315384746
6.800000000000001,0.060000000000000005,0.4478010276575732
6.800000000000001,0.06999999999999999,0.4463546146336898
6.800000000000001,0.08,0.4449761095694559
6.800000000000001,0.09,0.443666259445838
6.800000000000001,0.09999999999999999,0.4424258408391682
6.800000000000001,0.11,0.4412556596585971
6.800000000000001,0.12,0.4401565509064062
6.800000000000001,0.13,0.43912937846408356
6.800000000000001,0.14,0.4381750349075554
6.800000000000001,0.15000000000000002,0.4372944413554781
6.800000000000001,0.16,0.4364885473550317
6.800000000000001,0.17,0.4357583308102168
6.800000000000001,0.18000000000000002,0.43510479795825174
6.800000000000001,0.19,0.43452898340027135
6.800000000000001,0.2,0.43403195019317814
6.800000000000001,0.21000000000000002,0.4336147900101744
6.800000000000001,0.22,0.43327862337820444
6.800000000000001,0.23,0.43302460000127596
6.800000000000001,0.24000000000000002,0.4328538991794066
6.800000000000001,0.25,0.4327677303337656
6.800000000000001,0.26,0.4327673336494287
6.800000000000001,0.27,0.4328539808480893
6.800000000000001,0.28,0.43302897610401964
6.800000000000001,0.29000000000000004,0.4332936571176184
6.800000000000001,0.3,0.4336493963619667
6.800000000000001,0.31,0.43409760251900387
6.800000000000001,0.32,0.4346397221232005
6.800000000000001,0.33,0.43527724143199237
6.800000000000001,0.34,0.43601168854373523
6.800000000000001,0.35000000000000003,0.4368446357855957
6.800000000000001,0.36000000000000004,0.4377777023955988
6.800000000000001,0.37,0.43881255752506665
6.800000000000001,0.38,0.4399509235898984
6.800000000000001,0.39,0.4411945800016397
6.800000000000001,0.4,0.44254536731206306
6.800000000000001,0.41000000000000003,0.4440051918081159
6.800000000000001,0.42000000000000004,0.44557603059762146
6.800000000000001,0.43,0.4472599372301025
6.800000000000001,0.44,0.44905904790163564
6.800000000000001,0.45,0.4509755882977779
6.800000000000001,0.46,0.4530118811344832
6.800000000000001,0.47000000000000003,0.45517035446360515
6.800000000000001,0.48000000000000004,0.4574535508172497
6.800000000000001,0.49,0.4598641372740055
6.800000000000001,0.5,0.4624049165401533
6.800000000000001,0.51,0.4650788391505259
6.800000000000001,0.52,0.46788901690702783
6.800000000000001,0.53,0.47083873768820256
6.800000000000001,0.54,0.47393148178101874
6.800000000000001,0.55,0.47717093990663184
6.800000000000001,0.56,0.4805610331357816
6.800000000000001,0.5700000000000001,0.48410593491724735
6.800000000000001,0.5800000000000001,0.487810095475184
6.800000000000001,0.59,0.49167826886895505
6.800000000000001,0.6,0.495715543053387
6.800000000000001,0.61,0.4999273733293483
6.800000000000001,0.62,0.5043196196357841
6.800000000000001,0.63,0.5088985882066203
6.800000000000001,0.64,0.5136710782015782
6.800000000000001,0.65,0.5186444340216824
6.800000000000001,0.66,0.5238266041415829
6.800000000000001,0.67,0.5292262074360006
6.800000000000001,0.68,0.5348526081520404
6.800000000000001,0.6900000000000001,0.5407160008894726
6.800000000000001,0.7000000000000001,0.5468275072058716
6.800000000000001,0.7100000000000001,0.5531992857734348
6.800000000000001,0.72,0.5598446583930723
6.800000000000001,0.73,0.5667782546365114
6.800000000000001,0.74,0.5740161784613135
6.800000000000001,0.75,0.58157620085626
6.800000000000001,0.76,0.5894779834639021
6.800000000000001,0.77,0.5977433392437356
6.800000000000001,0.78,0.6063965376505653
6.800000000000001,0.79,0.6154646635977332
6.800000000000001,0.8,0.6249780417749929
6.800000000000001,0.81,0.6349707408604113
6.800000000000001,0.8200000000000001,0.6454811760307503
6.800000000000001,0.8300000000000001,0.6565528332491309
6.800000000000001,0.8400000000000001,0.668235145532488
6.800000000000001,0.85,0.6805845603994134
6.800000000000001,0.86,0.6936658498697855
6.800000000000001,0.87,0.7075537310402339
6.800000000000001,0.88,0.7223348883295434
6.800000000000001,0.89,0.7381105208827572
6.800000000000001,0.9,0.754999584784479
6.800000000000001,0.91,0.773142966576256
6.800000000000001,0.92,0.7927089230890668
6.800000000000001,0.93,0.8139002706471686
6.800000000000001,0.9400000000000001,0.8369640340227645
6.800000000000001,0.9500000000000001,0.8622046230656812
6.800000000000001,0.9600000000000001,0.8900021826667072
6.800000000000001,0.97,0.9208387241292576
6.800000000000001,0.98,0.9553363059288907
6.800000000000001,0.99,0.9943145114762814
7.0,0.01,0.43714631444309804
7.0,0.02,0.4352586767577008
7.0,0.03,0.43343716045884445
7.0,0.04,0.4316824506145017
7.0,0.05,0.42999526682907047
7.0,0.060000000000000005,0.42837636280766206
7.0,0.06999999999999999,0.426826525920395
7.0,0.08,0.4253465767670341
7.0,0.09,0.42393736874279137
7.0,0.09999999999999999,0.4225997876065698
7.0,0.11,0.4213347510534669
7.0,0.12,0.42014320829389223
7.0,0.13,0.4190261396422335
7.0,0.14,0.417984556118614
7.0,0.15000000000000002,0.41701949906792724
7.0,0.16,0.41613203980100055
7.0,0.17,0.4153232792634466
7.0,0.18000000000000002,0.4145943477384987
7.0,0.19,0.41394640459087856
7.0,0.2,0.41338063805955305
7.0,0.21000000000000002,0.4128982651080537
7.0,0.22,0.4125005313418853
7.0,0.23,0.4121887110034398
7.0,0.24000000000000002,0.4119641070557427
7.0,0.25,0.4118280513673046
7.0,0.26,0.41178190501133144
7.0,0.27,0.411827058693559
7.0,0.28,0.41196493332403955
7.0,0.29000000000000004,0.4121969807492939
7.0,0.3,0.41252468466240577
7.0,0.31,0.41294956170983643
7.0,0.32,0.413473162815019
7.0,0.33,0.41409707474015395
7.0,0.34,0.4148229219090817
7.0,0.35000000000000003,0.415652368515698
7.0,0.36000000000000004,0.41658712094406836
7.0,0.37,0.4176289305283074
7.0,0.38,0.41877959668233716
7.0,0.39,0.42004097043196437
7.0,0.4,0.42141495838428494
7.0,0.41000000000000003,0.42290352717233193
7.0,0.42000000000000004,0.424508708416156
7.0,0.43,0.4262326042452481
7.0,0.44,0.42807739343144807
7.0,0.45,0.4300453381863149
7.0,0.46,0.4321387916824716
7.0,0.47000000000000003,0.43436020636477596
7.0,0.48000000000000004,0.43671214312447393
7.0,0.49,0.4391972814178696
7.0,0.5,0.44181843042072255
7.0,0.51,0.44457854132074204
7.0,0.52,0.4474807208634283
7.0,0.53,0.4505282462814267
7.0,0.54,0.4537245817548277
7.0,0.55,0.45707339656986884
7.0,0.56,0.46057858516678085
7.0,0.5700000000000001,0.46424428929458755
7.0,0.5800000000000001,0.46807492252225813
7.0,0.59,0.47207519739249787
7.0,0.6,0.4762501555476659
7.0,0.61,0.4806052012080146
7.0,0.62,0.4851461384421125
7.0,0.63,0.48987921273974017
7.0,0.64,0.4948111574808593
7.0,0.65,0.4999492459932435
7.0,0.66,0.505301350009183
7.0,0.67,0.5108760054726222
7.0,0.68,0.5166824868171386
7.0,0.6900000000000001,0.5227308910388558
7.0,0.7000000000000001,0.5290322331347561
7.0,0.7100000000000001,0.5355985547761446
7.0,0.72,0.5424430484523234
7.0,0.73,0.5495801997674746
7.0,0.74,0.557025951125904
7.0,0.75,0.5647978907249478
7.0,0.76,0.572915471627435
7.0,0.77,0.5814002667543084
7.0,0.78,0.5902762669861922
7.0,0.79,0.5995702312746095
7.0,0.8,0.6093120998529163
7.0,0.81,0.6195354844578027
7.0,0.8200000000000001,0.6302782531358478
7.0,0.8300000000000001,0.6415832320084168
7.0,0.8400000000000001,0.653499052711409
7.0,0.85,0.6660811826931963
7.0,0.86,0.679393186974437
7.0,0.87,0.6935082855524882
7.0,0.88,0.7085112921460494
7.0,0.89,0.7245010500780252
7.0,0.9,0.7415935238261443
7.0,0.91,0.7599257663904817
7.0,0.92,0.7796610730269975
7.0,0.93,0.8009957670584917
7.0,0.9400000000000001,0.8241682698513325
7.0,0.9500000000000001,0.8494714296103274
7.0,0.9600000000000001,0.8772696011771947
7.0,0.97,0.908022824244672
7.0,0.98,0.9423219089087015
7.0,0.99,0.9809408331598798
7.2,0.01,0.41778260556025176
7.2,0.02,0.4157710697512507
7.2,0.03,0.4138268979435995
7.2,0.04,0.41195088088476334
7.2,0.05,0.4101438485211248
7.2,0.060000000000000005,0.40840666947958426
7.2,0.06999999999999999,0.40674025052750334
7.2,0.08,0.40514553601041153
7.2,0.09,0.403623507267445
7.2,0.09999999999999999,0.4021751820251001
7.2,0.11,0.4008016137705219
7.2,0.12,0.39950389110625234
7.2,0.13,0.398283137089108
7.2,0.14,0.3971405085566529
7.2,0.15000000000000002,0.3960771954455736
7.2,0.16,0.3950944201071632
7.2,0.17,0.3941934366260488
7.2,0.18000000000000002,0.3933755301492835
7.2,0.19,0.3926420162339473
7.2,0.2,0.391994240222453
7.2,0.21000000000000002,0.39143357665585354
7.2,0.22,0.39096142873656475
7.2,0.23,0.39057922785307225
7.2,0.24000000000000002,0.3902884331803563
7.2,0.25,0.3900905313709667
7.2,0.26,0.38998703635288196
7.2,0.27,0.38997948925151005
7.2,0.28,0.3900694584544224
7.2,0.29000000000000004,0.39025853983866315
7.2,0.3,0.3905483571817354
7.2,0.31,0.3909405627786564
7.2,0.32,0.39143683828877684
7.2,0.33,0.3920388958374223
7.2,0.34,0.39274847939879687
7.2,0.35000000000000003,0.39356736648807605
7.2,0.36000000000000004,0.39449737019215225
7.2,0.37,0.3955403415701901
7.2,0.38,0.39669817245695377
7.2,0.39,0.3979727987038776
7.2,0.4,0.399366203895095
7.2,0.41000000000000003,0.40088042357814413
7.2,0.42000000000000004,0.40251755005193285
7.2,0.43,0.4042797377578099
7.2,0.44,0.40616920932334544
7.2,0.45,0.4081882623127439
7.2,0.46,0.4103392767428466
7.2,0.47000000000000003,0.41262472342947115
7.2,0.48000000000000004,0.4150471732356008
7.2,0.49,0.4176093073007695
7.2,0.5,0.42031392834010506
7.2,0.51,0.4231639731120897
7.2,0.52,0.4261625261664164
7.2,0.53,0.4293128349976572
7.2,0.54,0.43261832674712475
7.2,0.55,0.43608262661473884
7.2,0.56,0.43970957816530076
7.2,0.5700000000000001,0.44350326573997817
7.2,0.5800000000000001,0.4474680392145749
7.2,0.59,0.45160854138217277
7.2,0.6,0.4559297382799077
7.2,0.61,0.46043695282913244
7.2,0.62,0.4651359022164551
7.2,0.63,0.470032739511809
7.2,0.64,0.4751341001009061
7.2,0.65,0.4804471536057651
7.2,0.66,0.48597966208160553
7.2,0.67,0.49174004541526284
7.2,0.68,0.4977374550142878
7.2,0.6900000000000001,0.503981857073218
7.2,0.7000000000000001,0.5104841269418436
7.2,0.7100000000000001,0.5172561564094897
7.2,0.72,0.5243109760717369
7.2,0.73,0.5316628953775691
7.2,0.74,0.539327663486055
7.2,0.75,0.5473226547187987
7.2,0.76,0.5556670832119461
7.2,0.77,0.5643822523946925
7.2,0.78,0.5734918462096741
7.2,0.79,0.5830222706237944
7.2,0.8,0.593003056062645
7.2,0.81,0.6034673340822481
7.2,0.8200000000000001,0.6144524050659361
7.2,0.8300000000000001,0.626000418274559
7.2,0.8400000000000001,0.6381591915655473
7.2,0.85,0.6509832060677873
7.2,0.86,0.6645348218221097
7.2,0.87,0.6788857749818313
7.2,0.88,0.6941190372438694
7.2,0.89,0.7103311461765134
7.2,0.9,0.7276351547028168
7.2,0.91,0.7461644048598638
7.2,0.92,0.7660774140010651
7.2,0.93,0.7875642851657481
7.2,0.9400000000000001,0.810855240967697
7.2,0.9500000000000001,0.8362321718269675
7.2,0.9600000000000001,0.8640445538181378
7.2,0.97,0.8947318529663988
7.2,0.98,0.9288558227453546
7.2,0.99,0.9671483690769671
7.4,0.01,0.3979850156758346
7.4,0.02,0.39583542392806154
7.4,0.03,0.39375404399259284
7.4,0.04,0.39174178862680836
7.4,0.05,0.38979961635678106
7.4,0.060000000000000005,0.3879285309057383
7.4,0.06999999999999999,0.38612958056992736
7.4,0.08,0.38440385753942447
7.4,0.09,0.382752497162088
7.4,0.09999999999999999,0.38117667714959685
7.4,0.11,0.3796776167253411
7.4,0.12,0.378256575714831
7.4,0.13,0.3769148535802924
7.4,0.14,0.37565378840218444
7.4,0.15000000000000002,0.3744747558115541
7.4,0.16,0.37337916787836517
7.4,0.17,0.37236847196229816
7.4,0.18000000000000002,0.371444149533884
7.4,0.19,0.3706077149753343
7.4,0.2,0.36986071437193613
7.4,0.21000000000000002,0.3692047243064822
7.4,0.22,0.36864135067080556
7.4,0.23,0.36817222751016293
7.4,0.24000000000000002,0.36779901591785397
7.4,0.25,0.3675234029991607
7.4,0.26,0.367347100925334
7.4,0.27,0.3672718461000133
7.4,0.28,0.3672993984620733
7.4,0.29000000000000004,0.36743154095046604
7.4,0.3,0.3676700791581486
7.4,0.31,0.3680168412036685
7.4,0.32,0.36847367785039215
7.4,0.33,0.3690424629047325
7.4,0.34,0.369725093926077
7.4,0.35000000000000003,0.370523493282395
7.4,0.36000000000000004,0.3714396095868324
7.4,0.37,0.3724754195518881
7.4,0.38,0.373632930299161
7.4,0.39,0.374914182164118
7.4,0.4,0.37632125203694433
7.4,0.41000000000000003,0.37785625728237404
7.4,0.42000000000000004,0.37952136028349254
7.4,0.43,0.3813187736569668
7.4,0.44,0.3832507661900655
7.4,0.45,0.3853196695532909
7.4,0.46,0.38752788584657005
7.4,0.47000000000000003,0.38987789604187595
7.4,0.48000000000000004,0.3923722693910172
7.4,0.49,0.3950136738743109
7.4,0.5,0.39780488777413414
7.4,0.51,0.4007488124671402
7.4,0.52,0.4038484865404707
7.4,0.53,0.4071071013509024
7.4,0.54,0.41052801816181766
7.4,0.55,0.4141147870116353
7.4,0.56,0.41787116748925657
7.4,0.5700000000000001,0.42180115161778253
7.4,0.5800000000000001,0.4259089890778245
7.4,0.59,0.4301992150369498
7.4,0.6,0.4346766808930977
7.4,0.61,0.4393465882882698
7.4,0.62,0.4442145268057927
7.4,0.63,0.44928651583160656
7.4,0.64,0.45456905113937884
7.4,0.65,0.4600691568532193
7.4,0.66,0.46579444355345856
7.4,0.67,0.47175317342409223
7.4,0.68,0.47795433349982924
7.4,0.6900000000000001,0.4844077182620505
7.4,0.7000000000000001,0.49112402306381975
7.4,0.7100000000000001,0.4981149501436749
7.4,0.72,0.5053933293281673
7.4,0.73,0.5129732559390637
7.4,0.74,0.5208702489322805
7.4,0.75,0.5291014329269703
7.4,0.76,0.5376857485674773
7.4,0.77,0.546644196640676
7.4,0.78,0.5560001226029911
7.4,0.79,0.5657795497299287
7.4,0.8,0.5760115710865616
7.4,0.81,0.586728813065657
7.4,0.8200000000000001,0.5979679865358799
7.4,0.8300000000000001,0.6097705459403414
7.4,0.8400000000000001,0.6221834823399789
7.4,0.85,0.6352602839054471
7.4,0.86,0.6490621074352149
7.4,0.87,0.6636592181404309
7.4,0.88,0.6791327736861272
7.4,0.89,0.6955770545356855
7.4,0.9,0.7131022793632038
7.4,0.91,0.7318381968209177
7.4,0.92,0.7519387213250092
7.4,0.93,0.7735879936103458
7.4,0.9400000000000001,0.7970084176209462
7.4,0.9500000000000001,0.8224714890893539
7.4,0.9600000000000001,0.8503126486998236
7.4,0.97,0.880952072239088
7.4,0.98,0.9149244512487499
7.4,0.99,0.9529228039180376
7.6000000000000005,0.01,0.3778443210985637
7.6000000000000005,0.02,0.37554018457530025
7.6000000000000005,0.03,0.37330449694030393
7.6000000000000005,0.04,0.3711383089600327
7.6000000000000005,0.05,0.36904272649950803
7.6000000000000005,0.060000000000000005,0.36701890998088976
7.6000000000000005,0.06999999999999999,0.36506807374673833
7.6000000000000005,0.08,0.363191485321836
7.6000000000000005,0.09,0.36139046456817403
7.6000000000000005,0.09999999999999999,0.3596663827285664
7.6000000000000005,0.11,0.35802066135535743
7.6000000000000005,0.12,0.356454771121841
7.6000000000000005,0.13,0.3549702305153249
7.6000000000000005,0.14,0.35356860441223975
7.6000000000000005,0.15000000000000002,0.3522515025373299
7.6000000000000005,0.16,0.3510205778107612
7.6000000000000005,0.17,0.34987752458893334
7.6000000000000005,0.18000000000000002,0.34882407680688904
7.6000000000000005,0.19,0.3478620060324628
7.6000000000000005,0.2,0.346993119444671
7.6000000000000005,0.21000000000000002,0.34621925775133855
7.6000000000000005,0.22,0.3455422930634994
7.6000000000000005,0.23,0.3449641267467428
7.6000000000000005,0.24000000000000002,0.34448668727232323
7.6000000000000005,0.25,0.34411192809349783
7.6000000000000005,0.26,0.34384182557517606
7.6000000000000005,0.27,0.3436783770075121
7.6000000000000005,0.28,0.34362359873651666
7.6000000000000005,0.29000000000000004,0.34367952444708255
7.6000000000000005,0.3,0.34384820363595553
7.6000000000000005,0.31,0.34413170031415863
7.6000000000000005,0.32,0.3445320919801145
7.6000000000000005,0.33,0.3450514689062443
7.6000000000000005,0.34,0.3456919337831252
7.6000000000000005,0.35000000000000003,0.3464556017663516
7.6000000000000005,0.36000000000000004,0.3473446009721391
7.6000000000000005,0.37,0.34836107346837397
7.6000000000000005,0.38,0.34950717680838483
7.6000000000000005,0.39,0.3507850861551626
7.6000000000000005,0.4,0.3521969970442058
7.6000000000000005,0.41000000000000003,0.35374512883367965
7.6000000000000005,0.42000000000000004,0.3554317288912237
7.6000000000000005,0.43,0.35725907756768965
7.6000000000000005,0.44,0.3592294940093706
7.6000000000000005,0.45,0.3613453428621401
7.6000000000000005,0.46,0.3636090419233788
7.6000000000000005,0.47000000000000003,0.3660230708009098
7.6000000000000005,0.48000000000000004,0.3685899806424611
7.6000000000000005,0.49,0.3713124050047038
7.6000000000000005,0.5,0.37419307193780693
7.6000000000000005,0.51,0.3772348173700178
7.6000000000000005,0.52,0.38044059988719336
7.6000000000000005,0.53,0.38381351701483535
7.6000000000000005,0.54,0.3873568231252845
7.6000000000000005,0.55,0.39107394911074206
7.6000000000000005,0.56,0.39496852398407667
7.6000000000000005,0.5700000000000001,0.3990443985945377
7.6000000000000005,0.5800000000000001,0.40330567167505343
7.6000000000000005,0.59,0.4077567184725349
7.6000000000000005,0.6,0.4124022222533562
7.6000000000000005,0.61,0.4172472090240513
7.6000000000000005,0.62,0.42229708586344183
7.6000000000000005,0.63,0.4275576833285667
7.6000000000000005,0.64,0.43303530247474065
7.6000000000000005,0.65,0.43873676712223714
7.6000000000000005,0.66,0.44466948211135177
7.6000000000000005,0.67,0.4508414984175948
7.6000000000000005,0.68,0.4572615861539424
7.6000000000000005,0.6900000000000001,0.4639393166730952
7.6000000000000005,0.7000000000000001,0.4708851552065782
7.6000000000000005,0.7100000000000001,0.47811056574821004
7.6000000000000005,0.72,0.48562813021820783
7.6000000000000005,0.73,0.4934516843454392
7.6000000000000005,0.74,0.5015964731974818
7.6000000000000005,0.75,0.510079329895075
7.6000000000000005,0.76,0.518918881800133
7.6000000000000005,0.77,0.5281357894051544
7.6000000000000005,0.78,0.5377530243298069
7.6000000000000005,0.79,0.5477961943182472
7.6000000000000005,0.8,0.5582939250227007
7.6000000000000005,0.81,0.5692783107821453
7.6000000000000005,0.8200000000000001,0.5807854497327399
7.6000000000000005,0.8300000000000001,0.5928560826566582
7.6000000000000005,0.8400000000000001,0.6055363603182039
7.6000000000000005,0.85,0.6188787711135898
7.6000000000000005,0.86,0.6329432703307974
7.6000000000000005,0.87,0.6477986651235879
7.6000000000000005,0.88,0.6635243268258658
7.6000000000000005,0.89,0.6802123265051757
7.6000000000000005,0.9,0.6979701237350239
7.6000000000000005,0.91,0.716923987127452
7.6000000000000005,0.92,0.7372233954836674
7.6000000000000005,0.93,0.7590467720485847
7.6000000000000005,0.9400000000000001,0.782609060073747
7.6000000000000005,0.9500000000000001,0.808171886981089
7.6000000000000005,0.9600000000000001,0.8360574404286496
7.6000000000000005,0.97,0.8666677870509707
7.6000000000000005,0.98,0.9005123763563084
7.6000000000000005,0.99,0.9382482165590332
7.800000000000001,0.01,0.3575173118382415
7.800000000000001,0.02,0.3550397566132467
7.800000000000001,0.03,0.35262995385951423
7.800000000000001,0.04,0.35028910412385106
7.800000000000001,0.05,0.3480184762909454
7.800000000000001,0.060000000000000005,0.345819407261852
7.800000000000001,0.06999999999999999,0.3436933014822547
7.800000000000001,0.08,0.3416416303075589
7.800000000000001,0.09,0.3396659311924582
7.800000000000001,0.09999999999999999,0.33776780669340745
7.800000000000001,0.11,0.33594892327348447
7.800000000000001,0.12,0.33421100990043623
7.800000000000001,0.13,0.33255585643029123
7.800000000000001,0.14,0.33098531177083845
7.800000000000001,0.15000000000000002,0.32950128182148736
7.800000000000001,0.16,0.3281057271885847
7.800000000000001,0.17,0.3268006606781464
7.800000000000001,0.18000000000000002,0.3255881445711888
7.800000000000001,0.19,0.3244702876903764
7.800000000000001,0.2,0.3234492422705434
7.800000000000001,0.21000000000000002,0.32252720064975327
7.800000000000001,0.22,0.32170639180189115
7.800000000000001,0.23,0.32098907773631613
7.800000000000001,0.24000000000000002,0.3203775497947195
7.800000000000001,0.25,0.3198741248800376
7.800000000000001,0.26,0.31948114165693575
7.800000000000001,0.27,0.3192009567679229
7.800000000000001,0.28,0.3190359411135455
7.800000000000001,0.29000000000000004,0.3189884762491652
7.800000000000001,0.3,0.3190609509545641
7.800000000000001,0.31,0.31925575803586337
7.800000000000001,0.32,0.31957529142198854
7.800000000000001,0.33,0.3200219436200801
7.800000000000001,0.34,0.3205981035957504
7.800000000000001,0.35000000000000003,0.32130615514499317
7.800000000000001,0.36000000000000004,0.32214847582474393
7.800000000000001,0.37,0.3231274365086971
7.800000000000001,0.38,0.3242454016339836
7.800000000000001,0.39,0.3255047302028097
7.800000000000001,0.4,0.3269077776012673
7.800000000000001,0.41000000000000003,0.3284568982953444
7.800000000000001,0.42000000000000004,0.33015444946189026
7.800000000000001,0.43,0.3320027956100626
7.800000000000001,0.44,0.3340043142468357
7.800000000000001,0.45,0.33616140263866234
7.800000000000001,0.46,0.3384764857206114
7.800000000000001,0.47000000000000003,0.34095202520447354
7.800000000000001,0.48000000000000004,0.34359052993868766
7.800000000000001,0.49,0.34639456757574016
7.800000000000001,0.5,0.3493667776072055
7.800000000000001,0.51,0.3525098858330636
7.800000000000001,0.52,0.3558267203406799
7.800000000000001,0.53,0.3593202290800947
7.800000000000001,0.54,0.36299349913644385
7.800000000000001,0.55,0.36684977781768763
7.800000000000001,0.56,0.3708924956968433
7.800000000000001,0.5700000000000001,0.3751252917730024
7.800000000000001,0.5800000000000001,0.3795520409451529
7.800000000000001,0.59,0.3841768840278543
7.800000000000001,0.6,0.3890042605789332
7.800000000000001,0.61,0.3940389448575305
7.800000000000001,0.62,0.3992860852872578
7.800000000000001,0.63,0.4047512478652998
7.800000000000001,0.64,0.4104404640359217
7.800000000000001,0.65,0.41636028363813266
7.800000000000001,0.66,0.42251783364506107
7.800000000000001,0.67,0.42892088354029595
7.800000000000001,0.68,0.4355779183283425
7.800000000000001,0.6900000000000001,0.442498220357796
7.800000000000001,0.7000000000000001,0.44969196135357503
7.800000000000001,0.7100000000000001,0.45717030631708727
7.800000000000001,0.72,0.46494553127127974
7.800000000000001,0.73,0.4730311572148695
7.800000000000001,0.74,0.48144210312424024
7.800000000000001,0.75,0.4901948614251226
7.800000000000001,0.76,0.4993077000785774
7.800000000000001,0.77,0.5088008963252637
7.800000000000001,0.78,0.5186970082586981
7.800000000000001,0.79,0.5290211918187903
7.800000000000001,0.8,0.5398015726001496
7.800000000000001,0.81,0.5510696841748569
7.800000000000001,0.8200000000000001,0.562860987598862
7.800000000000001,0.8300000000000001,0.5752154906269271
7.800000000000001,0.8400000000000001,0.5881784902107782
7.800000000000001,0.85,0.6018014685290715
7.800000000000001,0.86,0.6161431817051114
7.800000000000001,0.87,0.6312709923816511
7.800000000000001,0.88,0.6472625137090838
7.800000000000001,0.89,0.6642076549305831
7.800000000000001,0.9,0.6822111904080752
7.800000000000001,0.91,0.7013960188745911
7.800000000000001,0.92,0.7219073445032348
7.800000000000001,0.93,0.7439181064529224
7.800000000000001,0.9400000000000001,0.7676361256899077
7.800000000000001,0.9500000000000001,0.7933136549007318
7.800000000000001,0.9600000000000001,0.8212603564743329
7.800000000000001,0.97,0.8518612776154698
7.800000000000001,0.98,0.8856022905539578
7.800000000000001,0.99,0.9231070014481267
8.0,0.01,0.33726377114472605
8.0,0.02,0.33459196416574644
8.0,0.03,0.3319858045551173
8.0,0.04,0.32944664189949885
8.0,0.05,0.32697591264140885
8.0,0.060000000000000005,0.32457514036432
8.0,0.06999999999999999,0.3222459358680176
8.0,0.08,0.3199899970094315
8.0,0.09,0.3178091082839524
8.0,0.09999999999999999,0.3157051401223725
8.0,0.11,0.3136800478790732
8.0,0.12,0.3117358704880261
8.0,0.13,0.309874728764584
8.0,0.14,0.3080988233330242
8.0,0.15000000000000002,0.3064104321623989
8.0,0.16,0.3048119076964971
8.0,0.17,0.30330567356767557
8.0,0.18000000000000002,0.30189422088901796
8.0,0.19,0.30058010412470637
8.0,0.2,0.29936593654468463
8.0,0.21000000000000002,0.2982543852765858
8.0,0.22,0.2972481659754806
8.0,0.23,0.2963500371401462
8.0,0.24000000000000002,0.29556279411322883
8.0,0.25,0.2948892628116502
8.0,0.26,0.29433229324280685
8.0,0.27,0.29389475287128386
8.0,0.28,0.2935795199097904
8.0,0.29000000000000004,0.2933894766165269
8.0,0.3,0.29332750268906477
8.0,0.31,0.29339646885174026
8.0,0.32,0.2935992307393564
8.0,0.33,0.293938623184431
8.0,0.34,0.2944174550181499
8.0,0.35000000000000003,0.29503850449645613
8.0,0.36000000000000004,0.2958045154622428
8.0,0.37,0.2967181943524292
8.0,0.38,0.2977822081547869
8.0,0.39,0.29899918341394716
8.0,0.4,0.30037170637915395
8.0,0.41000000000000003,0.3019023243783988
8.0,0.42000000000000004,0.3035935484947937
8.0,0.43,0.3054478576118785
8.0,0.44,0.30746770388535266
8.0,0.45,0.30965551968993743
8.0,0.46,0.3120137260821858
8.0,0.47000000000000003,0.31454474281344397
8.0,0.48000000000000004,0.3172509999223499
8.0,0.49,0.32013495093358335
8.0,0.5,0.32319908768946926
8.0,0.51,0.32644595684383654
8.0,0.52,0.32987817805358044
8.0,0.53,0.33349846391292987
8.0,0.54,0.3373096416888311
8.0,0.55,0.3413146769333394
8.0,0.56,0.3455166990708278
8.0,0.5700000000000001,0.34991902908444006
8.0,0.5800000000000001,0.354525209458033
8.0,0.59,0.3593390365672663
8.0,0.6,0.3643645957572214
8.0,0.61,0.3696062993947047
8.0,0.62,0.3750689282422742
8.0,0.63,0.3807576765692707
8.0,0.64,0.38667820149440885
8.0,0.65,0.3928366771468273
8.0,0.66,0.3992398543404877
8.0,0.67,0.4058951265837327
8.0,0.68,0.41281060339569936
8.0,0.6900000000000001,0.41999519207927133
8.0,0.7000000000000001,0.4274586893128065
8.0,0.7100000000000001,0.4352118841780413
8.0,0.72,0.44326667454974206
8.0,0.73,0.45163619914684955
8.0,0.74,0.4603349880018256
8.0,0.75,0.46937913466616743
8.0,0.76,0.4787864941634577
8.0,0.77,0.4885769115630966
8.0,0.78,0.49877248712556466
8.0,0.79,0.5093978853264923
8.0,0.8,0.5204806967855415
8.0,0.81,0.5320518643193414
8.0,0.8200000000000001,0.5441461871574996
8.0,0.8300000000000001,0.5568029210146993
8.0,0.8400000000000001,0.5700664964869723
8.0,0.85,0.5839873845365747
8.0,0.86,0.5986231462122968
8.0,0.87,0.6140397150272247
8.0,0.88,0.6303129757514466
8.0,0.89,0.6475307244863331
8.0,0.9,0.6657951243228006
8.0,0.91,0.6852258125152608
8.0,0.92,0.7059638748883078
8.0,0.93,0.7281769905096629
8.0,0.9400000000000001,0.7520661795689326
8.0,0.9500000000000001,0.7778747846615045
8.0,0.9600000000000001,0.8059006220885107
8.0,0.97,0.8365127279733305
8.0,0.98,0.8701749243164492
8.0,0.99,0.9074797852670821
8.2,0.01,0.31750366856712653
8.2,0.02,0.3146163258828661
8.2,0.03,0.3117904400934968
8.2,0.04,0.30902748051070245
8.2,0.05,0.3063290282301318
8.2,0.060000000000000005,0.30369677773390696
8.2,0.06999999999999999,0.3011325382483788
8.2,0.08,0.2986382348143743
8.2,0.09,0.29621590902471906
8.2,0.09999999999999999,0.2938677193816789
8.2,0.11,0.29159594122522015
8.2,0.12,0.28940296618181216
8.2,0.13,0.2872913010829947
8.2,0.14,0.28526356630331073
8.2,0.15000000000000002,0.283322493468576
8.2,0.16,0.2814709224880463
8.2,0.17,0.27971179786796535
8.2,0.18000000000000002,0.2780481642694592
8.2,0.19,0.27648316128084427
8.2,0.2,0.2750200173833418
8.2,0.21000000000000002,0.2736620430999502
8.2,0.22,0.272412623329865
8.2,0.23,0.27127520888533807
8.2,0.24000000000000002,0.2702533072640706
8.2,0.25,0.26935047270799695
8.2,0.26,0.2685702956182971
8.2,0.27,0.26791639141633844
8.2,0.28,0.26739238896047113
8.2,0.29000000000000004,0.2670019186486748
8.2,0.3,0.2667486003562922
8.2,0.31,0.2666360313758716
8.2,0.32,0.2666677745417104
8.2,0.33,0.26684734673442806
8.2,0.34,0.267178207970097
8.2,0.35000000000000003,0.2676637512836419
8.2,0.36000000000000004,0.26830729361693156
8.2,0.37,0.26911206791797704
8.2,0.38,0.2700812166489114
8.2,0.39,0.2712177868870475
8.2,0.4,0.27252472718571086
8.2,0.41000000000000003,0.274004886340308
8.2,0.42000000000000004,0.2756610141809648
8.2,0.43,0.27749576448702706
8.2,0.44,0.27951170009179044
8.2,0.45,0.2817113002191238
8.2,0.46,0.2840969700683554
8.2,0.47000000000000003,0.2866710526409144
8.2,0.48000000000000004,0.2894358427828678
8.2,0.49,0.2923936034024274
8.2,0.5,0.29554658381159077
8.2,0.51,0.2988970401367242
8.2,0.52,0.3024472577446316
8.2,0.53,0.30619957563860445
8.2,0.54,0.3101564127932645
8.2,0.55,0.31432029641769277
8.2,0.56,0.3186938921632991
8.2,0.5700000000000001,0.3232800363260919
8.2,0.5800000000000001,0.3280817701324239
8.2,0.59,0.33310237624295563
8.2,0.6,0.33834541766175996
8.2,0.61,0.3438147792965742
8.2,0.62,0.34951471248284754
8.2,0.63,0.35544988285947954
8.2,0.64,0.3616254220693167
8.2,0.65,0.36804698385445855
8.2,0.66,0.37472080522759554
8.2,0.67,0.3816537735290572
8.2,0.68,0.388853500328884
8.2,0.6900000000000001,0.39632840330900687
8.2,0.7000000000000001,0.4040877974687243
8.2,0.7100000000000001,0.412141997244962
8.2,0.72,0.4205024314371892
8.2,0.73,0.4291817731879104
8.2,0.74,0.43819408770939056
8.2,0.75,0.44755500098622325
8.2,0.76,0.4572818933480474
8.2,0.77,0.46739412263153346
8.2,0.78,0.47791328268073524
8.2,0.79,0.48886350422935
8.2,0.8,0.5002718068461055
8.2,0.81,0.5121685127109212
8.2,0.8200000000000001,0.524587735667227
8.2,0.8300000000000001,0.5375679624591675
8.2,0.8400000000000001,0.5511527475791115
8.2,0.85,0.5653915490932839
8.2,0.86,0.5803407407055255
8.2,0.87,0.5960648459074253
8.2,0.88,0.6126380544236903
8.2,0.89,0.630146100868539
8.2,0.9,0.6486886129182666
8.2,0.91,0.6683820749002517
8.2,0.92,0.689363607907629
8.2,0.93,0.711795847831665
8.2,0.9400000000000001,0.7358733215745028
8.2,0.9500000000000001,0.7618309012509249
8.2,0.9600000000000001,0.7899551934368485
8.2,0.97,0.8206001593222708
8.2,0.98,0.8542089755965688
8.2,0.99,0.8913453445293804
8.4,0.01,0.2989031721184019
8.4,0.02,0.29578227406027313
8.4,0.03,0.2927156590355459
8.4,0.04,0.28970483069878206
8.4,0.05,0.2867514353594839
8.4,0.060000000000000005,0.28385726602561323
8.4,0.06999999999999999,0.28102426626433064
8.4,0.08,0.2782545338177332
8.4,0.09,0.27555032390417283
8.4,0.09999999999999999,0.2729140521283075
8.4,0.11,0.27034829691558265
8.4,0.12,0.2678558013795336
8.4,0.13,0.2654394745234012
8.4,0.14,0.2631023916713912
8.4,0.15000000000000002,0.26084779401980646
8.4,0.16,0.25867908719471466
8.4,0.17,0.25659983870121145
8.4,0.18000000000000002,0.2546137741502527
8.4,0.19,0.2527247721529978
8.4,0.2,0.25093685778019964
8.4,0.21000000000000002,0.24925419449593222
8.4,0.22,0.24768107449139404
8.4,0.23,0.24622190736602845
8.4,0.24000000000000002,0.24488120713007594
8.4,0.25,0.24366357753496776
8.4,0.26,0.2425736957755402
8.4,0.27,0.24161629465043674
8.4,0.28,0.2407961433134972
8.4,0.29000000000000004,0.24011802679826852
8.4,0.3,0.2395867245485253
8.4,0.31,0.23920698823804665
8.4,0.32,0.23898351921073754
8.4,0.33,0.23892094591526028
8.4,0.34,0.2390238017442656
8.4,0.35000000000000003,0.2392965037148555
8.4,0.36000000000000004,0.23974333244201368
8.4,0.37,0.2403684138588532
8.4,0.38,0.24117570312558134
8.4,0.39,0.24216897114278457
8.4,0.4,0.24335179404446144
8.4,0.41000000000000003,0.24472754599343177
8.4,0.42000000000000004,0.24629939553843772
8.4,0.43,0.24807030572109484
8.4,0.44,0.25004303804514694
8.4,0.45,0.25222016034369193
8.4,0.46,0.2546040585058466
8.4,0.47000000000000003,0.25719695195606906
8.4,0.48000000000000004,0.2600009127201694
8.4,0.49,0.26301788786434915
8.4,0.5,0.26624972505929123
8.4,0.51,0.2696982010014482
8.4,0.52,0.2733650524186175
8.4,0.53,0.27725200939639827
8.4,0.54,0.28136083078534707
8.4,0.55,0.28569334148440323
8.4,0.56,0.2902514714429312
8.4,0.5700000000000001,0.29503729628002867
8.4,0.5800000000000001,0.30005307948407783
8.4,0.59,0.3053013162266
8.4,0.6,0.31078477890138045
8.4,0.61,0.3165065645819936
8.4,0.62,0.3224701446782468
8.4,0.63,0.328679417165074
8.4,0.64,0.3351387618571879
8.4,0.65,0.3418530993109223
8.4,0.66,0.3488279540535804
8.4,0.67,0.3560695229733641
8.4,0.68,0.36358474985357103
8.4,0.6900000000000001,0.37138140720828017
8.4,0.7000000000000001,0.37946818677943384
8.4,0.7100000000000001,0.38785480029494296
8.4,0.72,0.3965520923739343
8.4,0.73,0.4055721678108192
8.4,0.74,0.4149285358900171
8.4,0.75,0.4246362748976644
8.4,0.76,0.4347122206308404
8.4,0.77,0.4451751834914883
8.4,0.78,0.4560461997340565
8.4,0.79,0.4673488236689402
8.4,0.8,0.479109469182467
8.4,0.81,0.49135781091761066
8.4,0.8200000000000001,0.504127258001614
8.4,0.8300000000000001,0.5174555164892339
8.4,0.8400000000000001,0.5313852609631784
8.4,0.85,0.5459649413433895
8.4,0.86,0.5612497583906378
8.4,0.87,0.5773028513382301
8.4,0.88,0.5941967545416118
8.4,0.89,0.6120151984462782
8.4,0.9,0.6308553556793765
8.4,0.91,0.650830668883409
8.4,0.92,0.6720744479420393
8.4,0.93,0.6947444981423159
8.4,0.9400000000000001,0.7190291497190096
8.4,0.9500000000000001,0.7451552228662258
8.4,0.9600000000000001,0.7733987135372197
8.4,0.97,0.8040993804256856
8.4,0.98,0.837681051682661
8.4,0.99,0.8746805324607417
8.600000000000001,0.01,0.2824955750752857
8.600000000000001,0.02,0.2791340654830541
8.600000000000001,0.03,0.27581565835882227
8.600000000000001,0.04,0.2725417134748654
8.600000000000001,0.05,0.26931376522064915
8.600000000000001,0.060000000000000005,0.2661335303862496
8.600000000000001,0.06999999999999999,0.26300291604169124
8.600000000000001,0.08,0.25992402744990867
8.600000000000001,0.09,0.2568991759376138
8.600000000000001,0.09999999999999999,0.2539308866332098
8.600000000000001,0.11,0.2510219059639915
8.600000000000001,0.12,0.24817520878628097
8.600000000000001,0.13,0.24539400500198805
8.600000000000001,0.14,0.24268174549360666
8.600000000000001,0.15000000000000002,0.24004212718726356
8.600000000000001,0.16,0.23747909703067893
8.600000000000001,0.17,0.23499685465055484
8.600000000000001,0.18000000000000002,0.23259985343298673
8.600000000000001,0.19,0.23029279975223932
8.600000000000001,0.2,0.22808065005919412
8.600000000000001,0.21000000000000002,0.2259686055327207
8.600000000000001,0.22,0.2239621039972056
8.600000000000001,0.23,0.22206680881965646
8.600000000000001,0.24000000000000002,0.2202885945224846
8.600000000000001,0.25,0.21863352888544094
8.600000000000001,0.26,0.2171078513641953
8.600000000000001,0.27,0.21571794772515118
8.600000000000001,0.28,0.2144703208869927
8.600000000000001,0.29000000000000004,0.21337155806878394
8.600000000000001,0.3,0.21242829447055628
8.600000000000001,0.31,0.21164717385198145
8.600000000000001,0.32,0.211034806523092
8.600000000000001,0.33,0.21059772541149926
8.600000000000001,0.34,0.21034234101520125
8.600000000000001,0.35000000000000003,0.21027489617973327
8.600000000000001,0.36000000000000004,0.21040142174357476
8.600000000000001,0.37,0.21072769416710874
8.600000000000001,0.38,0.21125919629005108
8.600000000000001,0.39,0.21200108234420034
8.600000000000001,0.4,0.21295814827973725
8.600000000000001,0.41000000000000003,0.21413480834472856
8.600000000000001,0.42000000000000004,0.2155350786934562
8.600000000000001,0.43,0.21716256859780725
8.600000000000001,0.44,0.2190204796084991
8.600000000000001,0.45,0.22111161277274521
8.600000000000001,0.46,0.22343838377656342
8.600000000000001,0.47000000000000003,0.22600284565727277
8.600000000000001,0.48000000000000004,0.22880671853745904
8.600000000000001,0.49,0.23185142567563774
8.600000000000001,0.5,0.23513813501781686
8.600000000000001,0.51,0.23866780537119223
8.600000000000001,0.52,0.24244123630607006
8.600000000000001,0.53,0.24645912092143046
8.600000000000001,0.54,0.25072210067770495
8.600000000000001,0.55,0.2552308216001812
8.600000000000001,0.56,0.25998599128012734
8.600000000000001,0.5700000000000001,0.2649884362404943
8.600000000000001,0.5800000000000001,0.27023915938184845
8.600000000000001,0.59,0.27573939737606573
8.600000000000001,0.6,0.2814906780258501
8.600000000000001,0.61,0.2874948777542759
8.600000000000001,0.62,0.2937542795289748
8.600000000000001,0.63,0.30027163166017334
8.600000000000001,0.64,0.30705020804195954
8.600000000000001,0.65,0.3140938705342477
8.600000000000001,0.66,0.32140713431243323
8.600000000000001,0.67,0.32899523714701384
8.600000000000001,0.68,0.33686421372179554
8.600000000000001,0.6900000000000001,0.34502097626285194
8.600000000000001,0.7000000000000001,0.3534734029385088
8.600000000000001,0.7100000000000001,0.36223043571182445
8.600000000000001,0.72,0.3713021895916659
8.600000000000001,0.73,0.3807000755489702
8.600000000000001,0.74,0.39043693975657545
8.600000000000001,0.75,0.40052722229329013
8.600000000000001,0.76,0.4109871390500924
8.600000000000001,0.77,0.4218348913197163
8.600000000000001,0.78,0.4330909084809899
8.600000000000001,0.79,0.4447781303591094
8.600000000000001,0.8,0.45692233732266463
8.600000000000001,0.81,0.46955253806092734
8.600000000000001,0.8200000000000001,0.4827014273962419
8.600000000000001,0.8300000000000001,0.49640592959653895
8.600000000000001,0.8400000000000001,0.5107078466954409
8.600000000000001,0.85,0.5256546366251178
8.600000000000001,0.86,0.541300352972041
8.600000000000001,0.87,0.5577067875178284
8.600000000000001,0.88,0.5749448693434779
8.600000000000001,0.89,0.5930963914868661
8.600000000000001,0.9,0.612256159911973
8.600000000000001,0.91,0.632534692808103
8.600000000000001,0.92,0.6540616454520827
8.600000000000001,0.93,0.6769902039513567
8.600000000000001,0.9400000000000001,0.7015027910694822
8.600000000000001,0.9500000000000001,0.7278185766699196
8.600000000000001,0.9600000000000001,0.7562035133067275
8.600000000000001,0.97,0.7869839737743889
8.600000000000001,0.98,0.8205656388907765
8.600000000000001,0.99,0.8574602276901314
8.8,0.01,0.2698268346229728
8.8,0.02,0.26624207390971427
8.8,0.03,0.2626844390275853
8.8,0.04,0.2591548536486349
8.8,0.05,0.2556544370443158
8.8,0.060000000000000005,0.25218451598671277
8.8,0.06999999999999999,0.2487466372965968
8.8,0.08,0.2453425810333411
8.8,0.09,0.24197437430879776
8.8,0.09999999999999999,0.23864430569078054
8.8,0.11,0.2353549401412043
8.8,0.12,0.2321091344085424
8.8,0.13,0.22891005276338666
8.8,0.14,0.22576118292884922
8.8,0.15000000000000002,0.22266635201369547
8.8,0.16,0.21962974220491602
8.8,0.17,0.21665590591763806
8.8,0.18000000000000002,0.21374978003384598
8.8,0.19,0.21091669878780614
8.8,0.2,0.2081624047765634
8.8,0.21000000000000002,0.20549305749036723
8.8,0.22,0.20291523867355535
8.8,0.23,0.2004359537457185
8.8,0.24000000000000002,0.19806262844189002
8.8,0.25,0.19580309977672314
8.8,0.26,0.1936656004104758
8.8,0.27,0.1916587355049208
8.8,0.28,0.18979145121683227
8.8,0.29000000000000004,0.18807299409734643
8.8,0.3,0.18651286085806132
8.8,0.31,0.18512073823713934
8.8,0.32,0.1839064330540759
8.8,0.33,0.1828797929763407
8.8,0.34,0.182050619021981
8.8,0.35000000000000003,0.18142857136640828
8.8,0.36000000000000004,0.1810230705751544
8.8,0.37,0.18084319690433387
8.8,0.38,0.1808975907474988
8.8,0.39,0.18119435761099717
8.8,0.4,0.18174098112446843
8.8,0.41000000000000003,0.18254424750565296
8.8,0.42000000000000004,0.18361018458470543
8.8,0.43,0.18494401796120044
8.8,0.44,0.18655014614962806
8.8,0.45,0.18843213572072284
8.8,0.46,0.19059273653629585
8.8,0.47000000000000003,0.19303391628078262
8.8,0.48000000000000004,0.19575691268685502
8.8,0.49,0.19876230119611732
8.8,0.5,0.2020500753309925
8.8,0.51,0.2056197367997712
8.8,0.52,0.20947039231045048
8.8,0.53,0.2136008542084766
8.8,0.54,0.21800974234333229
8.8,0.55,0.22269558496629704
8.8,0.56,0.22765691692268641
8.8,0.5700000000000001,0.2328923738861385
8.8,0.5800000000000001,0.23840078185673388
8.8,0.59,0.24418124158434515
8.8,0.6,0.2502332079679777
8.8,0.61,0.25655656481356964
8.8,0.62,0.26315169560622254
8.8,0.63,0.2700195511726105
8.8,0.64,0.2771617152835473
8.8,0.65,0.2845804693854816
8.8,0.66,0.29227885776437157
8.8,0.67,0.30026075454743134
8.8,0.68,0.30853093404910287
8.8,0.6900000000000001,0.31709514607845796
8.8,0.7000000000000001,0.3259601979571437
8.8,0.7100000000000001,0.3351340451611591
8.8,0.72,0.3446258927081767
8.8,0.73,0.35444630967794644
8.8,0.74,0.36460735959201446
8.8,0.75,0.37512274980909127
8.8,0.76,0.38600800363705756
8.8,0.77,0.39728065955120306
8.8,0.78,0.40896050277882956
8.8,0.79,0.4210698356124808
8.8,0.8,0.4336337942133581
8.8,0.81,0.44668072145027193
8.8,0.8200000000000001,0.4602426076052474
8.8,0.8300000000000001,0.47435561372369145
8.8,0.8400000000000001,0.4890606962126935
8.8,0.85,0.5044043562963585
8.8,0.86,0.520439544542051
8.8,0.87,0.5372267594689374
8.8,0.88,0.5548353910874317
8.8,0.89,0.5733453763210872
8.8,0.9,0.5928492554309021
8.8,0.91,0.6134547494775067
8.8,0.92,0.6352880225812441
8.8,0.93,0.6584978555370254
8.8,0.9400000000000001,0.6832610490572941
8.8,0.9500000000000001,0.7097895113680244
8.8,0.9600000000000001,0.7383396920740107
8.8,0.97,0.7692253460227032
8.8,0.98,0.80283512355121
8.8,0.99,0.839657323743179
9.0,0.01,0.2630697488733684
9.0,0.02,0.2593213617617267
9.0,0.03,0.2555794299221526
9.0,0.04,0.2518440937321613
9.0,0.05,0.24811568416746266
9.0,0.060000000000000005,0.2443947365044744
9.0,0.06999999999999999,0.2406820052010742
9.0,0.08,0.2369784800634738
9.0,0.09,0.23328540381158258
9.0,0.09999999999999999,0.2296042911578159
9.0,0.11,0.22593694951416157
9.0,0.12,0.2222855014383648
9.0,0.13,0.2186524089209641
9.0,0.14,0.21504049959887067
9.0,0.15000000000000002,0.21145299495608014
9.0,0.16,0.20789354053530668
9.0,0.17,0.20436623813263544
9.0,0.18000000000000002,0.2008756798769524
9.0,0.19,0.19742698400256303
9.0,0.2,0.1940258320022139
9.0,0.21000000000000002,0.19067850669348252
9.0,0.22,0.18739193053901151
9.0,0.23,0.184173703325713
9.0,0.24000000000000002,0.181032138026648
9.0,0.25,0.17797629334125883
9.0,0.26,0.17501600103882844
9.0,0.27,0.17216188582681868
9.0,0.28,0.16942537504955646
9.0,0.29000000000000004,0.1668186951249574
9.0,0.3,0.16435485129336813
9.0,0.31,0.1620475870448772
9.0,0.32,0.15991131958675486
9.0,0.33,0.1579610479995312
9.0,0.34,0.1562122313996902
9.0,0.35000000000000003,0.15468063555771142
9.0,0.36000000000000004,0.1533821480577113
9.0,0.37,0.15233256421665411
9.0,0.38,0.15154734851195217
9.0,0.39,0.15104137900220538
9.0,0.4,0.15082868487380624
9.0,0.41000000000000003,0.15092218943882094
9.0,0.42000000000000004,0.15133347225794025
9.0,0.43,0.15207256423060433
9.0,0.44,0.1531477882828903
9.0,0.45,0.15456565569549366
9.0,0.46,0.15633082438353688
9.0,0.47000000000000003,0.1584461210068013
9.0,0.48000000000000004,0.16091262422076347
9.0,0.49,0.16372980225881553
9.0,0.5,0.1668956948496583
9.0,0.51,0.17040712752325735
9.0,0.52,0.1742599457268393
9.0,0.53,0.1784492567393332
9.0,0.54,0.18296966887171442
9.0,0.55,0.1878155195330665
9.0,0.56,0.192981086087946
9.0,0.5700000000000001,0.19846077574190313
9.0,0.5800000000000001,0.20424929276145662
9.0,0.59,0.21034178304165338
9.0,0.6,0.21673395733415837
9.0,0.61,0.22342219535466012
9.0,0.62,0.230403633550066
9.0,0.63,0.23767623959151218
9.0,0.64,0.24523887674084216
9.0,0.65,0.2530913611833801
9.0,0.66,0.2612345152861542
9.0,0.67,0.26967021957463067
9.0,0.68,0.2784014660578609
9.0,0.6900000000000001,0.28743241539796255
9.0,0.7000000000000001,0.29676846033403076
9.0,0.7100000000000001,0.3064162977470917
9.0,0.72,0.31638401180293013
9.0,0.73,0.32668117074407615
9.0,0.74,0.3373189401323781
9.0,0.75,0.34831021568341114
9.0,0.76,0.35966977930176003
9.0,0.77,0.37141448254641024
9.0,0.78,0.3835634625609559
9.0,0.79,0.3961383965384054
9.0,0.8,0.40916380211466113
9.0,0.81,0.42266739277874305
9.0,0.8200000000000001,0.436680499560331
9.0,0.8300000000000001,0.4512385730543223
9.0,0.8400000000000001,0.46638178347053666
9.0,0.85,0.48215574113445236
9.0,0.86,0.4986123661021189
9.0,0.87,0.5158109438387535
9.0,0.88,0.5338194150291617
9.0,0.89,0.5527159626689282
9.0,0.9,0.5725909802809299
9.0,0.91,0.5935495338654183
9.0,0.92,0.6157144707238763
9.0,0.93,0.6392303862765346
9.0,0.9400000000000001,0.6642687443053601
9.0,0.9500000000000001,0.6910345708886961
9.0,0.9600000000000001,0.719775330840503
9.0,0.97,0.7507928865929477
9.0,0.98,0.7844599001644048
9.0,0.99,0.8212427883107231
9.2,0.01,0.26498198605167567
9.2,0.02,0.2611834987752442
9.2,0.03,0.25736746306000585
9.2,0.04,0.25353302040138004
9.2,0.05,0.2496794727720059
9.2,0.060000000000000005,0.2458062934497238
9.2,0.06999999999999999,0.24191313895711608
9.2,0.08,0.23799986227981088
9.2,0.09,0.2340665275541552
9.2,0.09999999999999999,0.23011342644114713
9.2,0.11,0.226141096432921
9.2,0.12,0.22215034137079523
9.2,0.13,0.21814225449001723
9.2,0.14,0.21411824434580787
9.2,0.15000000000000002,0.21008006401781743
9.2,0.16,0.2060298440349637
9.2,0.17,0.20197012950858712
9.2,0.18000000000000002,0.19790392200686557
9.2,0.19,0.19383472674426463
9.2,0.2,0.1897666056916166
9.2,0.21000000000000002,0.18570423722813184
9.2,0.22,0.18165298294612922
9.2,0.23,0.1776189621683393
9.2,0.24000000000000002,0.17360913462683852
9.2,0.25,0.16963139155587995
9.2,0.26,0.16569465513383622
9.2,0.27,0.16180898572854846
9.2,0.28,0.15798569570206827
9.2,0.29000000000000004,0.1542374675528421
9.2,0.3,0.15057847284889259
9.2,0.31,0.14702448667216278
9.2,0.32,0.14359299011108215
9.2,0.33,0.14030325071416458
9.2,0.34,0.13717636785117707
9.2,0.35000000000000003,0.13423526686410892
9.2,0.36000000000000004,0.1315046231778992
9.2,0.37,0.12901069588766959
9.2,0.38,0.12678105071705925
9.2,0.39,0.12484415580470716
9.2,0.4,0.12322884162965832
9.2,0.41000000000000003,0.12196362918785274
9.2,0.42000000000000004,0.12107594794983362
9.2,0.43,0.12059128533650312
9.2,0.44,0.1205323289248275
9.2,0.45,0.12091817656383584
9.2,0.46,0.121763693231349
9.2,0.47000000000000003,0.12307908369549894
9.2,0.48000000000000004,0.12486972706070387
9.2,0.49,0.1271362871191189
9.2,0.5,0.12987507799566436
9.2,0.51,0.13307863538432096
9.2,0.52,0.13673642537578617
9.2,0.53,0.14083561766391486
9.2,0.54,0.14536185641586272
9.2,0.55,0.15029997650850174
9.2,0.56,0.15563463062558391
9.2,0.5700000000000001,0.16135080997548415
9.2,0.5800000000000001,0.16743425560867717
9.2,0.59,0.17387176742617497
9.2,0.6,0.1806514240338042
9.2,0.61,0.18776272931999852
9.2,0.62,0.1951967019594171
9.2,0.63,0.20294592287497376
9.2,0.64,0.21100455375500096
9.2,0.65,0.21936833753680432
9.2,0.66,0.22803458965796947
9.2,0.67,0.23700218701979986
9.2,0.68,0.24627156007891873
9.2,0.6900000000000001,0.25584469229626905
9.2,0.7000000000000001,0.26572513030659833
9.2,0.7100000000000001,0.27591800759070945
9.2,0.72,0.2864300840996184
9.2,0.73,0.2972698041611567
9.2,0.74,0.3084473750705068
9.2,0.75,0.31997486901145905
9.2,0.76,0.3318663513704394
9.2,0.77,0.34413803909750634
9.2,0.78,0.35680849355700367
9.2,0.79,0.3698988533289473
9.2,0.8,0.383433113721159
9.2,0.81,0.39743846140353123
9.2,0.8200000000000001,0.41194567467955967
9.2,0.8300000000000001,0.4269896026037235
9.2,0.8400000000000001,0.4426097396253222
9.2,0.85,0.4588509169509207
9.2,0.86,0.47576413773172077
9.2,0.87,0.49340759100923903
9.2,0.88,0.5118478898175799
9.2,0.89,0.5311615929858288
9.2,0.9,0.5514370895290557
9.2,0.91,0.572776951307754
9.2,0.92,0.5953008972478335
9.2,0.93,0.6191495660026993
9.2,0.9400000000000001,0.6444893715314828
9.2,0.9500000000000001,0.6715188304132754
9.2,0.9600000000000001,0.7004769215280446
9.2,0.97,0.7316543024955063
9.2,0.98,0.765408621980641
9.2,0.99,0.802185836742292
9.4,0.01,0.27859348378542054
9.4,0.02,0.2748980689887427
9.4,0.03,0.271159287317707
9.4,0.04,0.26737537800043526
9.4,0.05,0.26354471391874085
9.4,0.060000000000000005,0.259665806732928
9.4,0.06999999999999999,0.2557373124701628
9.4,0.08,0.2517580376889452
9.4,0.09,0.24772694635127737
9.4,0.09999999999999999,0.24364316755661963
9.4,0.11,0.23950600431836122
9.4,0.12,0.23531494359521898
9.4,0.13,0.2310696678277818
9.4,0.14,0.22677006827568807
9.4,0.15000000000000002,0.22241626050524255
9.4,0.16,0.2180086024426538
9.4,0.17,0.2135477154868708
9.4,0.18000000000000002,0.2090345092711256
9.4,0.19,0.2044702107772432
9.4,0.2,0.19985639864572183
9.4,0.21000000000000002,0.1951950436924454
9.4,0.22,0.19048855684533866
9.4,0.23,0.1857398459577569
9.4,0.24000000000000002,0.18095238324679902
9.4,0.25,0.1761302854509271
9.4,0.26,0.17127840920807383
9.4,0.27,0.1664024646256153
9.4,0.28,0.1615091505436747
9.4,0.29000000000000004,0.15660631556768895
9.4,0.3,0.1517031495282909
9.4,0.31,0.14681041054351118
9.4,0.32,0.14194069317821892
9.4,0.33,0.13710874309291737
9.4,0.34,0.132331822679413
9.4,0.35000000000000003,0.12763012991528255
9.4,0.36000000000000004,0.12302726816419082
9.4,0.37,0.11855075667630781
9.4,0.38,0.11423255850348461
9.4,0.39,0.11010958263469213
9.4,0.4,0.10622408892102432
9.4,0.41000000000000003,0.10262388791932103
9.4,0.42000000000000004,0.09936218705650064
9.4,0.43,0.0964969003240145
9.4,0.44,0.09408923156002891
9.4,0.45,0.09220139061621317
9.4,0.46,0.09089343583450125
9.4,0.47000000000000003,0.09021946090112135
9.4,0.48000000000000004,0.09022361439985338
9.4,0.49,0.09093665108029764
9.4,0.5,0.09237373677967188
9.4,0.51,0.09453399577410386
9.4,0.52,0.09740186258166314
9.4,0.53,0.10094985716112993
9.4,0.54,0.10514212704499784
9.4,0.55,0.10993807110737426
9.4,0.56,0.11529552642603326
9.4,0.5700000000000001,0.1211732443140744
9.4,0.5800000000000001,0.12753260001551936
9.4,0.59,0.134338622413979
9.4,0.6,0.1415604936289954
9.4,0.61,0.14917167616266527
9.4,0.62,0.1571498033998813
9.4,0.63,0.16547643724908803
9.4,0.64,0.1741367656568718
9.4,0.65,0.1831192873697225
9.4,0.66,0.1924155126228714
9.4,0.67,0.20201969563590458
9.4,0.68,0.21192860656254797
9.4,0.6900000000000001,0.22214134558028914
9.4,0.7000000000000001,0.23265919906063284
9.4,0.7100000000000001,0.24348553645770746
9.4,0.72,0.2546257461574759
9.4,0.73,0.2660872086922709
9.4,0.74,0.2778793062281538
9.4,0.75,0.2900134679490439
9.4,0.76,0.30250325182666465
9.4,0.77,0.31536446425616144
9.4,0.78,0.3286153201606608
9.4,0.79,0.34227664745449204
9.4,0.8,0.35637214125568467
9.4,0.81,0.37092867502747945
9.4,0.8200000000000001,0.38597667800638435
9.4,0.8300000000000001,0.40155059097603635
9.4,0.8400000000000001,0.4176894158543138
9.4,0.85,0.4344373789244319
9.4,0.86,0.4518447332015709
9.4,0.87,0.4699687328624106
9.4,0.88,0.488874822549981
9.4,0.89,0.5086380976651874
9.4,0.9,0.5293451098690126
9.4,0.91,0.551096117006218
9.4,0.92,0.5740079116042591
9.4,0.93,0.5982174116869796
9.4,0.9400000000000001,0.6238862691316626
9.4,0.9500000000000001,0.6512068556620492
9.4,0.9600000000000001,0.6804101433361321
9.4,0.97,0.711776235704383
9.4,0.98,0.7456486797493843
9.4,0.99,0.7824542883879295
9.600000000000001,0.01,0.3067690298877127
9.600000000000001,0.02,0.30332365138020595
9.600000000000001,0.03,0.2998068463190851
9.600000000000001,0.04,0.29621630355649853
9.600000000000001,0.05,0.29254985027055286
9.600000000000001,0.060000000000000005,0.28880545231315063
9.600000000000001,0.06999999999999999,0.28498121443822005
9.600000000000001,0.08,0.2810753804558224
9.600000000000001,0.09,0.2770863333641275
9.600000000000001,0.09999999999999999,0.27301259551888735
9.600000000000001,0.11,0.2688528289090383
9.600000000000001,0.12,0.26460583561781864
9.600000000000001,0.13,0.2602705585617078
9.600000000000001,0.14,0.25584608261515074
9.600000000000001,0.15000000000000002,0.2513316362481089
9.600000000000001,0.16,0.2467265938269032
9.600000000000001,0.17,0.24203047875771339
9.600000000000001,0.18000000000000002,0.23724296768797298
9.600000000000001,0.19,0.23236389602568724
9.600000000000001,0.2,0.2273932650928918
9.600000000000001,0.21000000000000002,0.22233125130040368
9.600000000000001,0.22,0.21717821782099864
9.600000000000001,0.23,0.2119347293529788
9.600000000000001,0.24000000000000002,0.20660157071344531
9.600000000000001,0.25,0.20117977019078348
9.600000000000001,0.26,0.19567062883281278
9.600000000000001,0.27,0.19007575716964303
9.600000000000001,0.28,0.18439712129426353
9.600000000000001,0.29000000000000004,0.17863710078462663
9.600000000000001,0.3,0.17279856169716326
9.600000000000001,0.31,0.16688494886067431
9.600000000000001,0.32,0.16090040304483055
9.600000000000001,0.33,0.15484991039883245
9.600000000000001,0.34,0.14873949403283734
9.600000000000001,0.35000000000000003,0.14257646099475962
9.600000000000001,0.36000000000000004,0.13636972251329765
9.600000000000001,0.37,0.1301302116769257
9.600000000000001,0.38,0.12387143125196626
9.600000000000001,0.39,0.11761017573120416
9.600000000000001,0.4,0.11136748646037395
9.600000000000001,0.41000000000000003,0.10516991673071877
9.600000000000001,0.42000000000000004,0.09905120318587736
9.600000000000001,0.43,0.09305445445216204
9.600000000000001,0.44,0.08723496124382754
9.600000000000001,0.45,0.08166366761266648
9.600000000000001,0.46,0.07643114738561714
9.600000000000001,0.47000000000000003,0.07165147984729667
9.600000000000001,0.48000000000000004,0.06746456704524517
9.600000000000001,0.49,0.06403417796985383
9.600000000000001,0.5,0.06153792685058267
9.600000000000001,0.51,0.060146206295396264
9.600000000000001,0.52,0.0599920097134081
9.600000000000001,0.53,0.06114179895575097
9.600000000000001,0.54,0.06358195880201019
9.600000000000001,0.55,0.06722839691844143
9.600000000000001,0.56,0.07195289065287723
9.600000000000001,0.5700000000000001,0.07761218530790528
9.600000000000001,0.5800000000000001,0.08406946934821385
9.600000000000001,0.59,0.0912056540663527
9.600000000000001,0.6,0.09892282587926272
9.600000000000001,0.61,0.10714329577632134
9.600000000000001,0.62,0.11580682179296171
9.600000000000001,0.63,0.1248674572420209
9.600000000000001,0.64,0.13429067915211382
9.600000000000001,0.65,0.1440510108150467
9.600000000000001,0.66,0.15413014877468945
9.600000000000001,0.67,0.16451552810511302
9.600000000000001,0.68,0.1751992424973285
9.600000000000001,0.6900000000000001,0.18617724210966322
9.600000000000001,0.7000000000000001,0.1974487458740585
9.600000000000001,0.7100000000000001,0.209015819141163
9.600000000000001,0.72,0.22088307980408417
9.600000000000001,0.73,0.23305750587653856
9.600000000000001,0.74,0.245548325144303
9.600000000000001,0.75,0.2583669733924212
9.600000000000001,0.76,0.2715271122721536
9.600000000000001,0.77,0.28504470148807537
9.600000000000001,0.78,0.29893812296428657
9.600000000000001,0.79,0.31322835723758774
9.600000000000001,0.8,0.3279392147311433
9.600000000000001,0.81,0.3430976269660374
9.600000000000001,0.8200000000000001,0.35873400534444433
9.600000000000001,0.8300000000000001,0.374882678069751
9.600000000000001,0.8400000000000001,0.3915824192668622
9.600000000000001,0.85,0.4088770886904086
9.600000000000001,0.86,0.4268164058990559
9.600000000000001,0.87,0.4454568898885897
9.600000000000001,0.88,0.46486300455011115
9.600000000000001,0.89,0.4851085628511854
9.600000000000001,0.9,0.5062784596212426
9.600000000000001,0.91,0.5284708261522476
9.600000000000001,0.92,0.5517997323203992
9.600000000000001,0.93,0.5763986078608531
9.600000000000001,0.9400000000000001,0.6024246203611815
9.600000000000001,0.9500000000000001,0.6300643438166834
9.600000000000001,0.9600000000000001,0.6595411948092935
9.600000000000001,0.97,0.6911253308160125
9.600000000000001,0.98,0.7251470428519609
9.600000000000001,0.99,0.762015212530849
9.8,0.01,0.3521506216776948
9.8,0.02,0.349048843468986
9.8,0.03,0.34584248435493936
9.8,0.04,0.34252907897509727
9.8,0.05,0.3391063396171902
9.8,0.060000000000000005,0.33557215352985853
9.8,0.06999999999999999,0.33192457982127277
9.8,0.08,0.3281618459667857
9.8,0.09,0.32428234395035216
9.8,0.09999999999999999,0.3202846260661143
9.8,0.11,0.31616740040827956
9.8,0.12,0.3119295260792528
9.8,0.13,0.30757000814796176
9.8,0.14,0.30308799239250905
9.8,0.15000000000000002,0.29848275986372913
9.8,0.16,0.29375372130907307
9.8,0.17,0.28890041149957363
9.8,0.18000000000000002,0.2839224835066537
9.8,0.19,0.27881970298043574
9.8,0.2,0.27359194248728463
9.8,0.21000000000000002,0.26823917597194585
9.8,0.22,0.2627614734193314
9.8,0.23,0.2571589958034008
9.8,0.24000000000000002,0.25143199042660946
9.8,0.25,0.24558078677418763
9.8,0.26,0.23960579303474966
9.8,0.27,0.23350749347460123
9.8,0.28,0.22728644690065836
9.8,0.29000000000000004,0.22094328651045744
9.8,0.3,0.21447872151326602
9.8,0.31,0.20789354102247126
9.8,0.32,0.20118862087855424
9.8,0.33,0.19436493428221105
9.8,0.34,0.18742356742525762
9.8,0.35000000000000003,0.18036574174305692
9.8,0.36000000000000004,0.17319284503744284
9.8,0.37,0.16590647462805197
9.8,0.38,0.1585084970315503
9.8,0.39,0.15100113068103263
9.8,0.4,0.14338706127227485
9.8,0.41000000000000003,0.1356696041114174
9.8,0.42000000000000004,0.12785293545439858
9.8,0.43,0.1199424272238468
9.8,0.44,0.11194514017397411
9.8,0.45,0.10387056603730534
9.8,0.46,0.09573177177768766
9.8,0.47000000000000003,0.08754721298406744
9.8,0.48000000000000004,0.07934369735532873
9.8,0.49,0.07116139308699883
9.8,0.5,0.06306259603310863
9.8,0.51,0.05514759349735164
9.8,0.52,0.04758399785548484
9.8,0.53,0.040660167053405444
9.8,0.54,0.03487064531324119
9.8,0.55,0.03098902651432905
9.8,0.56,0.02990945472449255
9.8,0.5700000000000001,0.03205189989711442
9.8,0.5800000000000001,0.03698029694150186
9.8,0.59,0.043870601003199276
9.8,0.6,0.05204284230753934
9.8,0.61,0.0610689910849519
9.8,0.62,0.07070008594072835
9.8,0.63,0.0807918866511016
9.8,0.64,0.09125928292453622
9.8,0.65,0.10205120335777924
9.8,0.66,0.11313694141313492
9.8,0.67,0.12449854131040701
9.8,0.68,0.13612642883310214
9.8,0.6900000000000001,0.14801682936330166
9.8,0.7000000000000001,0.16017020504446372
9.8,0.7100000000000001,0.17259029484612645
9.8,0.72,0.1852835250890398
9.8,0.73,0.19825865691428848
9.8,0.74,0.21152659218002456
9.8,0.75,0.22510029088590816
9.8,0.76,0.23899477204868563
9.8,0.77,0.25322718160718244
9.8,0.78,0.26781691850385625
9.8,0.79,0.2827858153206648
9.8,0.8,0.2981583737712948
9.8,0.81,0.3139620586132183
9.8,0.8200000000000001,0.33022765657621944
9.8,0.8300000000000001,0.3469897100389524
9.8,0.8400000000000001,0.3642870387126419
9.8,0.85,0.3821633668107126
9.8,0.86,0.40066807844514307
9.8,0.87,0.4198571307414683
9.8,0.88,0.4397941630064037
9.8,0.89,0.46055185205374594
9.8,0.9,0.4822135796930496
9.8,0.91,0.5048755001539303
9.8,0.92,0.5286491254368316
9.8,0.93,0.5536645891357853
9.8,0.9400000000000001,0.5800748101327338
9.8,0.9500000000000001,0.6080608660408492
9.8,0.9600000000000001,0.6378390172657965
9.8,0.97,0.6696700203868724
9.8,0.98,0.7038716749987233
9.8,0.99,0.7408360314460148
10.0,0.01,0.4179208299667555
10.0,0.02,0.4151878811442892
10.0,0.03,0.41230762038853336
10.0,0.04,0.4092777552911788
10.0,0.05,0.40609624241222464
10.0,0.060000000000000005,0.4027612822151335
10.0,0.06999999999999999,0.3992713133392173
10.0,0.08,0.39562500623673763
10.0,0.09,0.39182125620516894
10.0,0.09999999999999999,0.3878591758478053
10.0,0.11,0.38373808699835965
10.0,0.12,0.37945751214734974
10.0,0.13,0.3750171654098734
10.0,0.14,0.37041694307578127
10.0,0.15000000000000002,0.3656569137842888
10.0,0.16,0.3607373083656601
10.0,0.17,0.35565850939278487
10.0,0.18000000000000002,0.35042104048521844
10.0,0.19,0.34502555540759755
10.0,0.2,0.3394728270032811
10.0,0.21000000000000002,0.33376373600260184
10.0,0.22,0.3278992597433059
10.0,0.23,0.3218804608385824
10.0,0.24000000000000002,0.3157084758256267
10.0,0.25,0.3093845038249105
10.0,0.26,0.3029097952373304
10.0,0.27,0.2962856405031832
10.0,0.28,0.28951335894348645
10.0,0.29000000000000004,0.2825942877005972
10.0,0.3,0.27552977079136654
10.0,0.31,0.26832114828224224
10.0,0.32,0.2609697455918346
10.0,0.33,0.25347686292247196
10.0,0.34,0.24584376481824538
10.0,0.35000000000000003,0.23807166984294592
10.0,0.36000000000000004,0.23016174036717246
10.0,0.37,0.2221150724497049
10.0,0.38,0.21393268579399596
10.0,0.39,0.20561551375633128
10.0,0.4,0.19716439337780056
10.0,0.41000000000000003,0.1885800554077096
10.0,0.42000000000000004,0.179863114281395
10.0,0.43,0.1710140580105287
10.0,0.44,0.16203323793891392
10.0,0.45,0.152920858311336
10.0,0.46,0.1436769655972791
10.0,0.47000000000000003,0.13430143750506457
10.0,0.48000000000000004,0.12479397161519884
10.0,0.49,0.1151540735542831
10.0,0.5,0.10538104462262243
10.0,0.51,0.0954739687795465
10.0,0.52,0.08543169888022056
10.0,0.53,0.07525284204622329
10.0,0.54,0.06493574403914501
10.0,0.55,0.054478472491666735
10.0,0.56,0.04387879883368925
10.0,0.5700000000000001,0.03313417873176273
10.0,0.5800000000000001,0.02224173083782537
10.0,0.59,0.011198213617681661
10.0,0.6,0.0
10.0,0.61,0.011356950447680323
10.0,0.62,0.022877122149414935
10.0,0.63,0.03456547733779705
10.0,0.64,0.04642749349184875
10.0,0.65,0.05846920489419511
10.0,0.66,0.07069724888097292
10.0,0.67,0.08311891744657547
10.0,0.68,0.09574221497027618
10.0,0.6900000000000001,0.10857592295641469
10.0,0.7000000000000001,0.12162967282836454
10.0,0.7100000000000001,0.1349140279942141
10.0,0.72,0.14844057661545376
10.0,0.73,0.16222203676717528
10.0,0.74,0.17627237598971732
10.0,0.75,0.19060694761031655
10.0,0.76,0.20524264667588824
10.0,0.77,0.22019808890588594
10.0,0.78,0.235493816774771
10.0,0.79,0.2511525377027786
10.0,0.8,0.2671994004180555
10.0,0.81,0.2836623169143671
10.0,0.8200000000000001,0.30057233914803616
10.0,0.8300000000000001,0.3179641018045827
10.0,0.8400000000000001,0.33587634526688837
10.0,0.85,0.3543525365326449
10.0,0.86,0.3734416105345232
10.0,0.87,0.39319886049363956
10.0,0.88,0.41368701412128467
10.0,0.89,0.434977543436323
10.0,0.9,0.45715227077989845
10.0,0.91,0.48030535387930334
10.0,0.92,0.5045457608958728
10.0,0.93,0.5300003858282833
10.0,0.9400000000000001,0.5568180108419578
10.0,0.9500000000000001,0.5851744034776579
10.0,0.9600000000000001,0.6152789566328571
10.0,0.97,0.6473834594324696
10.0,0.98,0.681793863774753
10.0,0.99,0.7188863463170222
10.200000000000001,0.01,0.5095561548130586
10.200000000000001,0.02,0.5071611418858388
10.200000000000001,0.03,0.5045590172372155
10.200000000000001,0.04,0.5017479482986124
10.200000000000001,0.05,0.4987264767893445
10.200000000000001,0.060000000000000005,0.4954935105064853
10.200000000000001,0.06999999999999999,0.49204831383888753
10.200000000000001,0.08,0.48839049706376103
10.200000000000001,0.09,0.48452000449453553
10.200000000000001,0.09999999999999999,0.48043710155815117
10.200000000000001,0.11,0.4761423608882237
10.200000000000001,0.12,0.47163664752764217
10.200000000000001,0.13,0.4669211033399815
10.200000000000001,0.14,0.46199713073361004
10.200000000000001,0.15000000000000002,0.4568663758055052
10.200000000000001,0.16,0.4515307110136121
10.200000000000001,0.17,0.4459922174870911
10.200000000000001,0.18000000000000002,0.44025316708310813
10.200000000000001,0.19,0.4343160042970399
10.200000000000001,0.2,0.42818332813016646
10.200000000000001,0.21000000000000002,0.4218578740153346
10.200000000000001,0.22,0.4153424958968091
10.200000000000001,0.23,0.4086401485558039
10.200000000000001,0.24000000000000002,0.40175387026822107
10.200000000000001,0.25,0.39468676587613866
10.200000000000001,0.26,0.38744199034986576
10.200000000000001,0.27,0.3800227329131941
10.200000000000001,0.28,0.3724322018011787
10.200000000000001,0.29000000000000004,0.3646736097177675
10.200000000000001,0.3,0.3567501600603294
10.200000000000001,0.31,0.34866503398021886
10.200000000000001,0.32,0.34042137835369973
10.200000000000001,0.33,0.3320222947467713
10.200000000000001,0.34,0.3234708294720461
10.200000000000001,0.35000000000000003,0.31476996485749315
10.200000000000001,0.36000000000000004,0.3059226118779946
10.200000000000001,0.37,0.2969316043445949
10.200000000000001,0.38,0.28779969490770346
10.200000000000001,0.39,0.27852955321602874
10.200000000000001,0.4,0.2691237666923686
10.200000000000001,0.41000000000000003,0.25958484455470326
10.200000000000001,0.42000000000000004,0.24991522594742055
10.200000000000001,0.43,0.24011729338474688
10.200000000000001,0.44,0.2301933931952401
10.200000000000001,0.45,0.2201458653684005
10.200000000000001,0.46,0.20997708626247427
10.200000000000001,0.47000000000000003,0.19968952923108435
10.200000000000001,0.48000000000000004,0.1892858506874976
10.200000000000001,0.49,0.17876901299393652
10.200000000000001,0.5,0.16814246178530604
10.200000000000001,0.51,0.15741038560060958
10.200000000000001,0.52,0.14657810310997907
10.200000000000001,0.53,0.1356526537107666
10.200000000000001,0.54,0.12464372252484571
10.200000000000001,0.55,0.11356513495901893
10.200000000000001,0.56,0.10243736087950223
10.200000000000001,0.5700000000000001,0.09129189128861366
10.200000000000001,0.5800000000000001,0.08017926904346413
10.200000000000001,0.59,0.0691846575429869
10.200000000000001,0.6,0.058459852163489937
10.200000000000001,0.61,0.048292633597057225
10.200000000000001,0.62,0.03925830416039452
10.200000000000001,0.63,0.032496642015699885
10.200000000000001,0.64,0.029809755908885963
10.200000000000001,0.65,0.032429657918762234
10.200000000000001,0.66,0.039480595139833284
10.200000000000001,0.67,0.04923553439444283
10.200000000000001,0.68,0.06052591257485465
10.200000000000001,0.6900000000000001,0.07275347686157875
10.200000000000001,0.7000000000000001,0.08562188365365889
10.200000000000001,0.7100000000000001,0.09897934950390866
10.200000000000001,0.72,0.1127456203216282
10.200000000000001,0.73,0.12687826564148436
10.200000000000001,0.74,0.141356382100587
10.200000000000001,0.75,0.1561722798898066
10.200000000000001,0.76,0.17132703977690353
10.200000000000001,0.77,0.186828060334895
10.200000000000001,0.78,0.20268768962149533
10.200000000000001,0.79,0.2189224835425939
10.200000000000001,0.8,0.23555285021417174
10.200000000000001,0.81,0.252602950419645
10.200000000000001,0.8200000000000001,0.27010078384132646
10.200000000000001,0.8300000000000001,0.2880784247136426
10.200000000000001,0.8400000000000001,0.306572391383002
10.200000000000001,0.85,0.3256241483804674
10.200000000000001,0.86,0.3452807505380384
10.200000000000001,0.87,0.3655956485312621
10.200000000000001,0.88,0.3866296854960354
10.200000000000001,0.89,0.40845232631868206
10.200000000000001,0.9,0.4311431761804652
10.200000000000001,0.91,0.454793864619458
10.200000000000001,0.92,0.4795103980390644
10.200000000000001,0.93,0.5054161205534766
10.200000000000001,0.9400000000000001,0.5326554752820998
10.200000000000001,0.9500000000000001,0.5613988333349422
10.200000000000001,0.9600000000000001,0.5918487678231559
10.200000000000001,0.97,0.62424831472807
10.200000000000001,0.98,0.6588920135158299
10.200000000000001,0.99,0.696140912584867
10.4,0.01,0.6384416236208045
10.4,0.02,0.6363073990170464
10.4,0.03,0.6338718431057409
10.4,0.04,0.6311340102408508
10.4,0.05,0.6280936002089985
10.4,0.060000000000000005,0.6247509422766867
10.4,0.06999999999999999,0.6211069759664924
10.4,0.08,0.6171632287611934
10.4,0.09,0.6129217909716156
10.4,0.09999999999999999,0.6083852880358175
10.4,0.11,0.6035568505435486
10.4,0.12,0.5984400823003057
10.4,0.13,0.5930390267596934
10.4,0.14,0.5873581321610554
10.4,0.15000000000000002,0.58140221571176
10.4,0.16,0.5751764271503466
10.4,0.17,0.568686212018455
10.4,0.18000000000000002,0.5619372749566529
10.4,0.19,0.5549355433225417
10.4,0.2,0.5476871314096525
10.4,0.21000000000000002,0.5401983055233301
10.4,0.22,0.5324754501458325
10.4,0.23,0.5245250353980427
10.4,0.24000000000000002,0.5163535859801914
10.4,0.25,0.5079676517496186
10.4,0.26,0.4993737800704819
10.4,0.27,0.4905784900491953
10.4,0.28,0.48158824875083023
10.4,0.29000000000000004,0.4724094494764354
10.4,0.3,0.46304839216984817
10.4,0.31,0.4535112660158429
10.4,0.32,0.4438041342901483
10.4,0.33,0.43393292152698976
10.4,0.34,0.42390340308256536
10.4,0.35000000000000003,0.41372119719477063
10.4,0.36000000000000004,0.4033917596726911
10.4,0.37,0.39292038139656815
10.4,0.38,0.38231218887389046
10.4,0.39,0.37157214818518924
10.4,0.4,0.360705072771026
10.4,0.41000000000000003,0.34971563566963404
10.4,0.42000000000000004,0.33860838702658197
10.4,0.43,0.3273877779835289
10.4,0.44,0.3160581924409751
10.4,0.45,0.3046239887208921
10.4,0.46,0.2930895538891134
10.4,0.47000000000000003,0.2814593745230755
10.4,0.48000000000000004,0.26973812916053397
10.4,0.49,0.25793080974071947
10.4,0.5,0.24604288236098343
10.4,0.51,0.2340805021034872
10.4,0.52,0.22205080330584656
10.4,0.53,0.20996229669427988
10.4,0.54,0.19782542029331537
10.4,0.55,0.18565331534068816
10.4,0.56,0.17346293724952364
10.4,0.5700000000000001,0.16127667465895032
10.4,0.5800000000000001,0.1491247534027424
10.4,0.59,0.1370488750520765
10.4,0.6,0.1251078279711745
10.4,0.61,0.11338628127047586
10.4,0.62,0.1020086986879475
10.4,0.63,0.09116122340530045
10.4,0.64,0.08112471118157766
10.4,0.65,0.07231852223209197
10.4,0.66,0.06533771902730165
10.4,0.67,0.060923149303948904
10.4,0.68,0.05976670420490738
10.4,0.6900000000000001,0.06217459662219516
10.4,0.7000000000000001,0.06789070546148704
10.4,0.7100000000000001,0.07629261291964896
10.4,0.72,0.08671602668599068
10.4,0.73,0.09863100119854276
10.4,0.74,0.11166691206132671
10.4,0.75,0.12557892629761103
10.4,0.76,0.1402092447831372
10.4,0.77,0.1554579243953078
10.4,0.78,0.17126353067593175
10.4,0.79,0.1875908522166512
10.4,0.8,0.20442319539596254
10.4,0.81,0.22175756705398997
10.4,0.8200000000000001,0.2396016841878154
10.4,0.8300000000000001,0.25797216438948994
10.4,0.8400000000000001,0.2768935070154488
10.4,0.85,0.2963976315643847
10.4,0.86,0.31652383661144706
10.4,0.87,0.3373191047544469
10.4,0.88,0.3588387213676549
10.4,0.89,0.38114720672468516
10.4,0.9,0.4043195882181334
10.4,0.91,0.4284430663274069
10.4,0.92,0.45361915846792555
10.4,0.93,0.4799664429633114
10.4,0.9400000000000001,0.5076240762854772
10.4,0.9500000000000001,0.536756327741114
10.4,0.9600000000000001,0.5675584780689412
10.4,0.97,0.6002645795391678
10.4,0.98,0.6351578038443881
10.4,0.99,0.6725844586739026
10.6,0.01,0.8323051592902174
10.6,0.02,0.8302734930256513
10.6,0.03,0.8277577166125564
10.6,0.04,0.8247591323143402
10.6,0.05,0.8212804964290639
10.6,0.060000000000000005,0.8173259691540163
10.6,0.06999999999999999,0.8129010524697167
10.6,0.08,0.8080125171979445
10.6,0.09,0.8026683205692999
10.6,0.09999999999999999,0.7968775157737741
10.6,0.11,0.7906501550604157
10.6,0.12,0.7839971879989492
10.6,0.13,0.7769303565187027
10.6,0.14,0.7694620883016501
10.6,0.15000000000000002,0.7616053900312942
10.6,0.16,0.7533737418932228
10.6,0.17,0.7447809945926751
10.6,0.18000000000000002,0.7358412700059519
10.6,0.19,0.7265688664225148
10.6,0.2,0.7169781691692896
10.6,0.21000000000000002,0.7070835672436624
10.6,0.22,0.6968993764218149
10.6,0.23,0.6864397691583909
10.6,0.24000000000000002,0.6757187114553072
10.6,0.25,0.6647499067540416
10.6,0.26,0.6535467467986119
10.6,0.27,0.6421222693264447
10.6,0.28,0.6304891223717229
10.6,0.29000000000000004,0.6186595349103617
10.6,0.3,0.6066452935368816
10.6,0.31,0.594457724840383
10.6,0.32,0.5821076831386458
10.6,0.33,0.5696055432352455
10.6,0.34,0.5569611978837841
10.6,0.35000000000000003,0.5441840596753568
10.6,0.36000000000000004,0.5312830671102545
10.6,0.37,0.5182666946729068
10.6,0.38,0.5051429668014817
10.6,0.39,0.49191947573218286
10.6,0.4,0.4786034033063754
10.6,0.41000000000000003,0.4652015469607183
10.6,0.42000000000000004,0.4517203502831135
10.6,0.43,0.43816593871972
10.6,0.44,0.4245441612733967
10.6,0.45,0.410860639359697
10.6,0.46,0.3971208244078701
10.6,0.47000000000000003,0.38333006634634853
10.6,0.48000000000000004,0.36949369584416014
10.6,0.49,0.3556171241618238
10.6,0.5,0.34170596579786633
10.6,0.51,0.32776619094524295
10.6,0.52,0.31380431730696234
10.6,0.53,0.29982765437300835
10.6,0.54,0.28584461829190844
10.6,0.55,0.2718651426685899
10.6,0.56,0.257901221019527
10.6,0.5700000000000001,0.24396763177531747
10.6,0.5800000000000001,0.23008291898346728
10.6,0.59,0.21627073471921007
10.6,0.6,0.2025616977173843
10.6,0.61,0.18899599380440937
10.6,0.62,0.17562704550931432
10.6,0.63,0.16252671652746803
10.6,0.64,0.14979268200662113
10.6,0.65,0.13755872583720827
10.6,0.66,0.12600861105222808
10.6,0.67,0.11539324381423972
10.6,0.68,0.10604788601225087
10.6,0.6900000000000001,0.09839936092565911
10.6,0.7000000000000001,0.09294268627947308
10.6,0.7100000000000001,0.09016236016577692
10.6,0.72,0.09040017293753554
10.6,0.73,0.09373405977324167
10.6,0.74,0.0999596685824297
10.6,0.75,0.10868863057683117
10.6,0.76,0.11948261904742545
10.6,0.77,0.13194636976985644
10.6,0.78,0.14576444292662857
10.6,0.79,0.16070229356026394
10.6,0.8,0.17659325302349688
10.6,0.81,0.19332331949813564
10.6,0.8200000000000001,0.210818231345759
10.6,0.8300000000000001,0.22903373206202396
10.6,0.8400000000000001,0.2479486693504026
10.6,0.85,0.26756029636760303
10.6,0.86,0.28788120709302295
10.6,0.87,0.30893747953675277
10.6,0.88,0.33076773452577296
10.6,0.89,0.35342292476516574
10.6,0.9,0.37696675101396787
10.6,0.91,0.40147666718205544
10.6,0.92,0.4270454919723021
10.6,0.93,0.453783698854865
10.6,0.9400000000000001,0.4818225161396577
10.6,0.9500000000000001,0.5113180432805721
10.6,0.9600000000000001,0.5424566896369648
10.6,0.97,0.5754623843885656
10.6,0.98,0.6106062173524935
10.6,0.99,0.6482194932855332
10.8,0.01,1.1864938887275267
10.8,0.02,1.1839891792910686
10.8,0.03,1.1804395260641658
10.8,0.04,1.175858896403281
10.8,0.05,1.1702674140395306
10.8,0.060000000000000005,1.1636909094503198
10.8,0.06999999999999999,1.1561603737647677
10.8,0.08,1.147711337732235
10.8,0.09,1.1383831989006836
10.8,0.09999999999999999,1.1282185203769264
10.8,0.11,1.1172623235015433
10.8,0.12,1.105561394685139
10.8,0.13,1.093163623793425
10.8,0.14,1.0801173881306037
10.8,0.15000000000000002,1.0664709925367901
10.8,0.16,1.0522721726335762
10.8,0.17,1.0375676650193875
10.8,0.18000000000000002,1.0224028453727314
10.8,0.19,1.0068214330499727
10.8,0.2,0.990865258897755
10.8,0.21000000000000002,0.9745740916307004
10.8,0.22,0.9579855172146872
10.8,0.23,0.9411348651876501
10.8,0.24000000000000002,0.9240551756762017
10.8,0.25,0.9067772009577859
10.8,0.26,0.8893294357078374
10.8,0.27,0.8717381704994693
10.8,0.28,0.854027563638267
10.8,0.29000000000000004,0.836219726974708
10.8,0.3,0.8183348219090449
10.8,0.31,0.800391162363712
10.8,0.32,0.7824053220298776
10.8,0.33,0.7643922436867517
10.8,0.34,0.7463653488392629
10.8,0.35000000000000003,0.7283366463197248
10.8,0.36000000000000004,0.7103168388533959
10.8,0.37,0.6923154268995277
10.8,0.38,0.6743408093534492
10.8,0.39,0.6564003809372204
10.8,0.4,0.6385006263231608
10.8,0.41000000000000003,0.6206472112333987
10.8,0.42000000000000004,0.602845070947648
10.8,0.43,0.5850984968395946
10.8,0.44,0.567411221759781
10.8,0.45,0.5497865053015717
10.8,0.46,0.5322272202410687
10.8,0.47000000000000003,0.5147359417496069
10.8,0.48000000000000004,0.49731504136166826
10.8,0.49,0.47996678817181304
10.8,0.5,0.4626934603717057
10.8,0.51,0.44549747107709264
10.8,0.52,0.42838151350942116
10.8,0.53,0.41134873209142214
10.8,0.54,0.3944029280352711
10.8,0.55,0.37754881074955965
10.8,0.56,0.3607923101550261
10.8,0.5700000000000001,0.3441409701862574
10.8,0.5800000000000001,0.32760445094402263
10.8,0.59,0.31119517696218735
10.8,0.6,0.2949291829919829
10.8,0.61,0.27882722810982974
10.8,0.62,0.2629162757785876
10.8,0.63,0.24723147396874556
10.8,0.64,0.2318188173992684
10.8,0.65,0.2167387327607961
10.8,0.66,0.20207088912252846
10.8,0.67,0.1879205713506536
10.8,0.68,0.17442688995859232
10.8,0.6900000000000001,0.1617727672165722
10.8,0.7000000000000001,0.15019570456692188
10.8,0.7100000000000001,0.13999628951212018
10.8,0.72,0.13153786417030378
10.8,0.73,0.12522673490404998
10.8,0.74,0.12146233868752215
10.8,0.75,0.12055891997877391
10.8,0.76,0.12266555149483227
10.8,0.77,0.12772838332610761
10.8,0.78,0.13551938201910693
10.8,0.79,0.14571136966751955
10.8,0.8,0.1579563645525352
10.8,0.81,0.17193853796523675
10.8,0.8200000000000001,0.18739800611785998
10.8,0.8300000000000001,0.2041347638455675
10.8,0.8400000000000001,0.22200301352395935
10.8,0.85,0.24090255453577272
10.8,0.86,0.2607704915799257
10.8,0.87,0.2815744643756247
10.8,0.88,0.30330762438494285
10.8,0.89,0.3259852142423623
10.8,0.9,0.3496425200513614
10.8,0.91,0.3743339963404489
10.8,0.92,0.4001334324319054
10.8,0.93,0.42713510873879146
10.8,0.9400000000000001,0.45545597554587336
10.8,0.9500000000000001,0.4852389789581401
10.8,0.9600000000000001,0.5166577688030061
10.8,0.97,0.549923167138008
10.8,0.98,0.5852919780915686
10.8,0.99,0.62307901931068
11.0,0.09999999999999999,3.3346902980432898
11.0,0.11,2.8268246493622073
11.0,0.12,2.5619000541058887
11.0,0.13,2.3769697522140936
11.0,0.14,2.232719243364319
11.0,0.15000000000000002,2.113326881653431
11.0,0.16,2.010803129137713
11.0,0.17,1.9205351327303426
11.0,0.18000000000000002,1.8396099306532812
11.0,0.19,1.7660654070079
11.0,0.2,1.6985137959422045
11.0,0.21000000000000002,1.6359352651531618
11.0,0.22,1.577556906221329
11.0,0.23,1.5227779041903968
11.0,0.24000000000000002,1.4711212004723206
11.0,0.25,1.4222011130560577
11.0,0.26,1.375700967655026
11.0,0.27,1.3313572306869528
11.0,0.28,1.2889479929597558
11.0,0.29000000000000004,1.2482844413290002
11.0,0.3,1.2092044298996771
11.0,0.31,1.1715675567319037
11.0,0.32,1.1352513398286745
11.0,0.33,1.100148208986605
11.0,0.34,1.066163112168774
11.0,0.35000000000000003,1.0332115910173039
11.0,0.36000000000000004,1.0012182189679875
11.0,0.37,0.9701153228419868
11.0,0.38,0.9398419284301295
11.0,0.39,0.9103428848567159
11.0,0.4,0.8815681330173725
11.0,0.41000000000000003,0.8534720912199143
11.0,0.42000000000000004,0.8260131370703245
11.0,0.43,0.7991531691642407
11.0,0.44,0.7728572356414815
11.0,0.45,0.7470932194067529
11.0,0.46,0.7218315720112259
11.0,0.47000000000000003,0.6970450899751097
11.0,0.48000000000000004,0.6727087288241087
11.0,0.49,0.6487994514030784
11.0,0.5,0.6252961081937914
11.0,0.51,0.6021793484677225
11.0,0.52,0.5794315622140346
11.0,0.53,0.5570368539654942
11.0,0.54,0.5349810509779908
11.0,0.55,0.5132517497959548
11.0,0.56,0.4918384071746073
11.0,0.5700000000000001,0.47073248378537047
11.0,0.5800000000000001,0.4499276523094002
11.0,0.59,0.4294200857040674
11.0,0.6,0.4092088469832204
11.0,0.61,0.38929640928623793
11.0,0.62,0.36968934498356076
11.0,0.63,0.3503992359147919
11.0,0.64,0.33144387456724783
11.0,0.65,0.3128488490652429
11.0,0.66,0.29464963379148695
11.0,0.67,0.27689434127382206
11.0,0.68,0.2596473245156392
11.0,0.6900000000000001,0.24299383764113722
11.0,0.7000000000000001,0.22704593200880097
11.0,0.7100000000000001,0.21194961182024208
11.0,0.72,0.19789286024368963
11.0,0.73,0.18511325553432847
11.0,0.74,0.1739022863689808
11.0,0.75,0.16460118386318492
11.0,0.76,0.1575811634808548
11.0,0.77,0.1532023321096899
11.0,0.78,0.15175400438431377
11.0,0.79,0.1533940961563441
11.0,0.8,0.15811529445393036
11.0,0.81,0.1657563686610495
11.0,0.8200000000000001,0.17605163515546413
11.0,0.8300000000000001,0.18869291476619957
11.0,0.8400000000000001,0.2033804160645593
11.0,0.85,0.21985318917629357
11.0,0.86,0.23790156768513274
11.0,0.87,0.2573682655178613
11.0,0.88,0.27814408851226596
11.0,0.89,0.3001620633629569
11.0,0.9,0.32339194665666665
11.0,0.91,0.34783594359494663
11.0,0.92,0.3735258955834223
11.0,0.93,0.40052196690306596
11.0,0.9400000000000001,0.42891281373476814
11.0,0.9500000000000001,0.45881726502020165
11.0,0.9600000000000001,0.4903876442741444
11.0,0.97,0.5238150052428239
11.0,0.98,0.5593367536822943
11.0,0.99,0.5972474132894346
11.200000000000001,0.33,3.0411744304334887
11.200000000000001,0.34,2.3024824153547176
11.200000000000001,0.35000000000000003,2.0089835657741486
11.200000000000001,0.36000000000000004,1.8199631327171626
11.200000000000001,0.37,1.6790186704765064
11.200000000000001,0.38,1.5658469437527816
11.200000000000001,0.39,1.4707946303421218
11.200000000000001,0.4,1.3885067374684497
11.200000000000001,0.41000000000000003,1.3157010869772494
11.200000000000001,0.42000000000000004,1.2502194287096946
11.200000000000001,0.43,1.1905661996869323
11.200000000000001,0.44,1.1356620460971623
11.200000000000001,0.45,1.084702274573731
11.200000000000001,0.46,1.0370708151390775
11.200000000000001,0.47000000000000003,0.9922854663335159
11.200000000000001,0.48000000000000004,0.9499616998863406
11.200000000000001,0.49,0.9097879589501054
11.200000000000001,0.5,0.8715083374938887
11.200000000000001,0.51,0.8349101506202101
11.200000000000001,0.52,0.7998148357560844
11.200000000000001,0.53,0.7660711783353457
11.200000000000001,0.54,0.7335501961221984
11.200000000000001,0.55,0.7021412319946819
11.200000000000001,0.56,0.67174894530573
11.200000000000001,0.5700000000000001,0.6422909855602505
11.200000000000001,0.5800000000000001,0.6136961962372561
11.200000000000001,0.59,0.5859032416986806
11.200000000000001,0.6,0.5588595829514051
11.200000000000001,0.61,0.532520752953197
11.200000000000001,0.62,0.506849902176537
11.200000000000001,0.63,0.4818176024342544
11.200000000000001,0.64,0.45740191320538093
11.200000000000001,0.65,0.43358873127461167
11.200000000000001,0.66,0.4103724626263077
11.200000000000001,0.67,0.387757076212115
11.200000000000001,0.68,0.3657576229790752
11.200000000000001,0.6900000000000001,0.3444023298307223
11.200000000000001,0.7000000000000001,0.32373540386802147
11.200000000000001,0.7100000000000001,0.3038206986928366
11.200000000000001,0.72,0.28474638206386754
11.200000000000001,0.73,0.2666306624395696
11.200000000000001,0.74,0.24962840601253078
11.200000000000001,0.75,0.23393798343357686
11.200000000000001,0.76,0.21980676878414143
11.200000000000001,0.77,0.20753227905335975
11.200000000000001,0.78,0.19745425626003152
11.200000000000001,0.79,0.1899322019945298
11.200000000000001,0.8,0.1853052787174971
11.200000000000001,0.81,0.18383920203735907
11.200000000000001,0.8200000000000001,0.18567577943556915
11.200000000000001,0.8300000000000001,0.1908064511320176
11.200000000000001,0.8400000000000001,0.19908285277330812
11.200000000000001,0.85,0.2102587487137212
11.200000000000001,0.86,0.22404387554878494
11.200000000000001,0.87,0.2401507706731199
11.200000000000001,0.88,0.2583255716857797
11.200000000000001,0.89,0.27836318405779503
11.200000000000001,0.9,0.30011157115403964
11.200000000000001,0.91,0.3234701963717493
11.200000000000001,0.92,0.34838626264761396
11.200000000000001,0.93,0.3748509121588984
11.200000000000001,0.9400000000000001,0.4028965108075746
11.200000000000001,0.9500000000000001,0.43259556658615145
11.200000000000001,0.9600000000000001,0.46406158839140516
11.200000000000001,0.97,0.4974521629124361
11.200000000000001,0.98,0.5329746424505689
11.200000000000001,0.99,0.5708950757319532
11.4,0.45,2.979409283008188
11.4,0.46,2.1396270336086016
11.4,0.47000000000000003,1.8352519704153913
11.4,0.48000000000000004,1.6426960227670866
11.4,0.49,1.5003749074657242
11.4,0.5,1.3867349349826459
11.4,0.51,1.2916697565345396
11.4,0.52,1.2096210578989883
11.4,0.53,1.137202480577436
11.4,0.54,1.0721975426485264
11.4,0.55,1.0130762649639482
11.4,0.56,0.9587383577145676
11.4,0.5700000000000001,0.9083664229178469
11.4,0.5800000000000001,0.8613370881464032
11.4,0.59,0.8171646710387367
11.4,0.6,0.7754640970015826
11.4,0.61,0.7359257259217478
11.4,0.62,0.6982978313544254
11.4,0.63,0.6623741676608299
11.4,0.64,0.627985030193709
11.4,0.65,0.5949907920064766
11.4,0.66,0.563277258857829
11.4,0.67,0.5327524149444055
11.4,0.68,0.5033442867470562
11.4,0.6900000000000001,0.47499976179304504
11.4,0.7000000000000001,0.44768428089827117
11.4,0.7100000000000001,0.4213823868292717
11.4,0.72,0.39609916381463767
11.4,0.73,0.37186263932733676
11.4,0.74,0.3487272316451976
11.4,0.75,0.3267782890234466
11.4,0.76,0.3061376305979187
11.4,0.77,0.2869696835416721
11.4,0.78,0.2694871997232981
11.4,0.79,0.25395451922704115
11.4,0.8,0.24068497093633737
11.4,0.81,0.23002777206814584
11.4,0.8200000000000001,0.22234006110297228
11.4,0.8300000000000001,0.2179434726542366
11.4,0.8400000000000001,0.21707274565079696
11.4,0.85,0.2198327179331418
11.4,0.86,0.22618178590151017
11.4,0.87,0.2359496125499302
11.4,0.88,0.24888070217967603
11.4,0.89,0.2646858488106382
11.4,0.9,0.2830857325891983
11.4,0.91,0.3038397398929615
11.4,0.92,0.3267607942883911
11.4,0.93,0.35172049267238326
11.4,0.9400000000000001,0.37864907098762096
11.4,0.9500000000000001,0.407533595285533
11.4,0.9600000000000001,0.43841654405295327
11.4,0.97,0.47139608876984274
11.4,0.98,0.5066289431153508
11.4,0.99,0.5443365618078714
11.600000000000001,0.54,2.9653178729419745
11.600000000000001,0.55,2.0330906910812363
11.600000000000001,0.56,1.720200552227399
11.600000000000001,0.5700000000000001,1.5246053557892583
11.600000000000001,0.5800000000000001,1.3808182865823235
11.600000000000001,0.59,1.2663785190330006
11.600000000000001,0.6,1.170857858607008
11.600000000000001,0.61,1.0885564371101537
11.600000000000001,0.62,1.0160175162326384
11.600000000000001,0.63,0.9509874158837601
11.600000000000001,0.64,0.8919165740490125
11.600000000000001,0.65,0.83769563859866
11.600000000000001,0.66,0.7875052384718554
11.600000000000001,0.67,0.7407254627669193
11.600000000000001,0.68,0.6968788366343855
11.600000000000001,0.6900000000000001,0.6555931502956344
11.600000000000001,0.7000000000000001,0.6165766345389266
11.600000000000001,0.7100000000000001,0.5796011676369761
11.600000000000001,0.72,0.5444909508330906
11.600000000000001,0.73,0.5111150989746553
11.600000000000001,0.74,0.479383199643165
11.600000000000001,0.75,0.44924326986729163
11.600000000000001,0.76,0.4206817689139819
11.600000000000001,0.77,0.39372544135954585
11.600000000000001,0.78,0.3684447593430891
11.600000000000001,0.79,0.34495856023768473
11.600000000000001,0.8,0.3234390509135102
11.600000000000001,0.81,0.30411556994569156
11.600000000000001,0.8200000000000001,0.2872743313564759
11.600000000000001,0.8300000000000001,0.2732500676426271
11.600000000000001,0.8400000000000001,0.26240491664578985
11.600000000000001,0.85,0.2550917025577255
11.600000000000001,0.86,0.25160452176789094
11.600000000000001,0.87,0.2521283234374125
11.600000000000001,0.88,0.2567054263182308
11.600000000000001,0.89,0.26523350249805383
11.600000000000001,0.9,0.2774960676487853
11.600000000000001,0.91,0.29321235514842453
11.600000000000001,0.92,0.31208868887708635
11.600000000000001,0.93,0.33385881972035325
11.600000000000001,0.9400000000000001,0.3583094083909459
11.600000000000001,0.9500000000000001,0.38529301520902776
11.600000000000001,0.9600000000000001,0.4147332187790463
11.600000000000001,0.97,0.44662622927669104
11.600000000000001,0.98,0.48104226145097784
11.600000000000001,0.99,0.518128947959962
11.8,0.62,2.144652445520744
11.8,0.63,1.726151346738683
11.8,0.64,1.4963648729607144
11.8,0.65,1.3356619656514996
11.8,0.66,1.2111606194161193
11.8,0.67,1.1090037137851552
11.8,0.68,1.0220351822399503
11.8,0.6900000000000001,0.9460782808410992
11.8,0.7000000000000001,0.8784866765437397
11.8,0.7100000000000001,0.8174830737009977
11.8,0.72,0.761822141145341
11.8,0.73,0.710604319870331
11.8,0.74,0.6631666242705895
11.8,0.75,0.619015756260057
11.8,0.76,0.5777859915094292
11.8,0.77,0.5392124328274606
11.8,0.78,0.503114347628493
11.8,0.79,0.4693854905791486
11.8,0.8,0.43798947035946567
11.8,0.81,0.4089587473256797
11.8,0.8200000000000001,0.3823958879246208
11.8,0.8300000000000001,0.35847526204874053
11.8,0.8400000000000001,0.3374424403327185
11.8,0.85,0.31960728724378296
11.8,0.86,0.3053257969229716
11.8,0.87,0.29496650377500827
11.8,0.88,0.2888616548810002
11.8,0.89,0.2872516343478978
11.8,0.9,0.2902395956484423
11.8,0.91,0.2977744297772062
11.8,0.92,0.30966986390273454
11.8,0.93,0.32565154428648835
11.8,0.9400000000000001,0.34541403911011115
11.8,0.9500000000000001,0.36867124445030613
11.8,0.9600000000000001,0.39519219293334246
11.8,0.97,0.4248224207834759
11.8,0.98,0.4574953036256329
11.8,0.99,0.49323861252975165
12.0,0.68,2.327142165293884
12.0,0.6900000000000001,1.7440160589371756
12.0,0.7000000000000001,1.4763007486481459
12.0,0.7100000000000001,1.2987389266339722
12.0,0.72,1.1647675753267304
12.0,0.73,1.056617578923407
12.0,0.74,0.9655990025451536
12.0,0.75,0.8868198773616327
12.0,0.76,0.8172654279250192
12.0,0.77,0.7549603518560606
12.0,0.78,0.698556233182005
12.0,0.79,0.6471101924979743
12.0,0.8,0.5999588233152524
12.0,0.81,0.5566436562248562
12.0,0.8200000000000001,0.5168664470448003
12.0,0.8300000000000001,0.480462648226134
12.0,0.8400000000000001,0.44738614027941487
12.0,0.85,0.417700297535442
12.0,0.86,0.39157084300122363
12.0,0.87,0.3692553257562131
12.0,0.88,0.35108321118192665
12.0,0.89,0.33742096842116953
12.0,0.9,0.32862027198676375
12.0,0.91,0.32495571787534666
12.0,0.92,0.3265685970320072
12.0,0.93,0.3334376588630077
12.0,0.9400000000000001,0.34538974207638373
12.0,0.9500000000000001,0.36214591977790633
12.0,0.9600000000000001,0.3833848582654324
12.0,0.97,0.40880346778840315
12.0,0.98,0.4381632301864592
12.0,0.99,0.47132053107081273
12.200000000000001,0.74,1.9024595052504916
12.200000000000001,0.75,1.5290297923308749
12.200000000000001,0.76,1.3129300692934587
12.200000000000001,0.77,1.1590749928195911
12.200000000000001,0.78,1.0389261543363144
12.200000000000001,0.79,0.9400392354818161
12.200000000000001,0.8,0.8558872660118644
12.200000000000001,0.81,0.7826484525682579
12.200000000000001,0.8200000000000001,0.7179246906496934
12.200000000000001,0.8300000000000001,0.6601492157867745
12.200000000000001,0.8400000000000001,0.6082843101276695
12.200000000000001,0.85,0.5616563945436247
12.200000000000001,0.86,0.5198620218290215
12.200000000000001,0.87,0.48271222667510916
12.200000000000001,0.88,0.450196836048807
12.200000000000001,0.89,0.42245602135489013
12.200000000000001,0.9,0.39974841981587683
12.200000000000001,0.91,0.3824067762963455
12.200000000000001,0.92,0.37077642978407227
12.200000000000001,0.93,0.365141325685853
12.200000000000001,0.9400000000000001,0.36565460515188075
12.200000000000001,0.9500000000000001,0.3722979720811813
12.200000000000001,0.9600000000000001,0.38488704880222707
12.200000000000001,0.97,0.403120505491332
12.200000000000001,0.98,0.42665295504706013
12.200000000000001,0.99,0.4551677990498197
12.4,0.79,1.799709737056508
12.4,0.8,1.4442961894001114
12.4,0.81,1.2344221185088666
12.4,0.8200000000000001,1.0840692464216843
12.4,0.8300000000000001,0.9665019609858128
12.4,0.8400000000000001,0.8699193355699024
12.4,0.85,0.7881239573626896
12.4,0.86,0.7175219414666082
12.4,0.87,0.6559152795397419
12.4,0.88,0.6019419851028588
12.4,0.89,0.5547900691093457
12.4,0.9,0.5140389681890408
12.4,0.91,0.4795612172334861
12.4,0.92,0.451447709027074
12.4,0.93,0.42993362814225833
12.4,0.9400000000000001,0.4153125536717497
12.4,0.9500000000000001,0.40783999570005663
12.4,0.9600000000000001,0.4076443781122725
12.4,0.97,0.41467386656616084
12.4,0.98,0.42870008580362245
12.4,0.99,0.449376206726656
12.600000000000001,0.8300000000000001,2.043513566760819
12.600000000000001,0.8400000000000001,1.5130851931493745
12.600000000000001,0.85,1.2572779334962016
12.600000000000001,0.86,1.0861647212192094
12.600000000000001,0.87,0.9572980422320754
12.600000000000001,0.88,0.8541992260059569
12.600000000000001,0.89,0.7688523538253673
12.600000000000001,0.9,0.6968784441272062
12.600000000000001,0.91,0.6357581811733111
12.600000000000001,0.92,0.5840519793953953
12.600000000000001,0.93,0.5410088237239374
12.600000000000001,0.9400000000000001,0.5063383830679649
12.600000000000001,0.9500000000000001,0.48004688285536634
12.600000000000001,0.9600000000000001,0.46229005199284917
12.600000000000001,0.97,0.4532303936986997
12.600000000000001,0.98,0.45291495568544826
12.600000000000001,0.99,0.4612060821918048
12.8,0.87,2.036815244598023
12.8,0.88,1.4724095242753126
12.8,0.89,1.2110521160950738
12.8,0.9,1.0388614434744081
12.8,0.91,0.9108626969697692
12.8,0.92,0.8100410243584305
12.8,0.93,0.7283368624414743
12.8,0.9400000000000001,0.6615216120986127
12.8,0.9500000000000001,0.6073234859658165
12.8,0.9600000000000001,0.5645878464677262
12.8,0.97,0.5328192889651181
12.8,0.98,0.5118707249650607
12.8,0.99,0.5016980030143594
13.0,0.91,1.7502287744276943
13.0,0.92,1.330071215963782
13.0,0.93,1.104755685073357
13.0,0.9400000000000001,0.9512786027820107
13.0,0.9500000000000001,0.8368471046738265
13.0,0.9600000000000001,0.7482252891918296
13.0,0.97,0.6791153982258111
13.0,0.98,0.6263510907122667
13.0,0.99,0.5883614646112564
13.200000000000001,0.9400000000000001,2.1162287683271863
13.200000000000001,0.9500000000000001,1.4193159747169968
13.200000000000001,0.9600000000000001,1.1418904364332776
13.200000000000001,0.97,0.9688003260401643
13.200000000000001,0.98,0.8467150993750041
13.200000000000001,0.99,0.7570675691583155
13.4,0.97,2.4848499996552973
13.4,0.98,1.444267608523525
13.4,0.99,1.139157651626283
